date,usd_idr,jumlah_berita,judul_gabungan
2021-09-01,14284,3,"CNBC TV Worldwide - Programming & Schedules | Cameron Costa | U.S. relationship with Taliban unclear after end of Afghanistan War, senior defense and diplomatic officials say"
2021-09-02,14281,3,Is inflation transitory? One fund manager weighs in | This is the most expensive country to send overseas workers | These ETFs hedge against rising interest rates and volatility. Here's how risky it is to invest
2021-09-03,14261,0,
2021-09-06,14239,4,"'Stagflation' is the greatest threat to Europe’s recovery, warns ex-Italian PM Monti | Taliban, opposition fight for Afghan holdout province, top U.S. general warns of civil war | Dollar near one-month low on bets for later Fed taper | The Indian rupee has had a stable run this year, but UBS expects it will be 'short-lived'"
2021-09-07,14195,1,"Taliban name new Afghan government, interior minister on U.S. sanctions list"
2021-09-08,14266,0,
2021-09-09,14272,2,"Euro zone's rebound phase is increasingly advanced, ECB's Lagarde says | The U.S. has a record-breaking $1.73 trillion in student debt—borrowers from these states owe the most on average"
2021-09-10,14225,2,'9/11 millionaires' and mass corruption: How American money helped break Afghanistan | Fmr. OppenheimerFunds CEO reflects on Sept. 11
2021-09-13,14260,5,"‘We were naive’: Ex-CIA, military and diplomatic veterans reflect on lessons learned, 20 years after 9/11 | The next fast-food chicken sandwich war may be a vegan one | Secretary of State Blinken calls Taliban 'the de facto government of Afghanistan' | Apollo CEO says inflation is everywhere in company's portfolio | The 29-year-old founder of a $1 billion fitnesswear label: We don’t worry about larger brands"
2021-09-14,14257,2,Sportradar CEO discusses his company's growth opportunities. | Apple execs unveil Series 7 watch during iPhone launch event
2021-09-15,14252,3,"Intuit CEO's $20 billion buying spree has put tax software company firmly on tech M&A map | Hong Kong start-up Prenetics to list in the U.S. through $1.7 billion SPAC deal | China sees 'Cold War mentality' in U.S., British, Australia security pact"
2021-09-16,14238,2,Treasury sanctions Colombian drug trafficking queen 'La Patrona' | Powell orders ethics review after Fed presidents disclosed multimillion-dollar investments
2021-09-17,14233,3,"As stocks enter volatile period, the Fed will attempt to not rock the boat further in the week ahead | Fed Chief Powell, other officials owned securities central bank bought during Covid pandemic | After years of being 'squeaky clean,' the Federal Reserve is surrounded by controversy"
2021-09-20,14251,2,"Op-ed: Will China's President Xi’s big bet pay off? | S&P 500 falls 1.7% for its worst day since May, Dow sheds 600 points"
2021-09-21,14244,3,"Biden vows a new era of 'relentless diplomacy' as the world contends with Covid, climate change and China | The first test for Evergrande's debt crisis comes this week | Discord CEO on raising $500 million in latest funding round, privacy"
2021-09-22,14249,1,"Treasury Department sanctions 8 members of the notorious Sinaloa drug cartel, which was once run by 'El Chapo'"
2021-09-23,14256,3,"Norway hikes rates, becoming the first central bank in the developed world to do so | Here's what will happen when the Fed's 'tapering' starts, and why you should care | Dollar slumps as risk appetite rebounds"
2021-09-24,14250,0,
2021-09-27,14258,2,"R. Kelly convicted on all 9 charges | Dallas Fed President Kaplan to retire early on Oct. 8, citing trading disclosure 'distraction'"
2021-09-28,14269,0,
2021-09-29,14307,5,"The smartphone brand that Huawei sold off is regaining market share in China | New York Life Investments CEO says inflation will persist and reveals her top protection play | 'This is not 1973': Economist rules out 'stagflation' and persistent price pressures | Gold jumps 2% as dollar slips, but set for quarterly fall | Fed Chair Powell calls inflation 'frustrating' and sees it running into next year"
2021-09-30,14321,0,
2021-10-01,14315,0,
2021-10-04,14276,1,"Warren urges SEC to open insider trading probe into Fed Vice Chair Clarida, others"
2021-10-05,14260,1,"The Taliban takeover of Afghanistan could reshape counterinsurgencies in Africa, experts say"
2021-10-06,14245,1,"EU working to avoid new tariffs on the U.S. due in December, trade chief says"
2021-10-07,14238,0,
2021-10-08,14225,1,How hip-hop helped Vans become a billion-dollar brand
2021-10-11,14210,3,China presses U.S. to cancel tariffs in test of bilateral engagement | 5 charts show Russia's economic highs and lows under Putin | Gold prices gain as inflation concerns grow
2021-10-12,14217,1,"S&P 500 snaps three-day losing streak as investors assess earnings, Fed's next move"
2021-10-13,14221,3,Food and gas prices are rising — these credit cards can help you save | S&P 500 earnings beats aren't the make-or-break factor for this market | Singapore's central bank tightens policy in surprise move as economy grows 6.5% in third quarter
2021-10-14,14155,2,"Taiwan won't start a war with China but will defend itself 'full on,' say defense minister | Mendon Capital's Anton Schutz on what to expect from bank earnings"
2021-10-15,14084,2,China's central bank says Evergrande is unique and most real estate developers are stable | Treasury yields gain after retail sales increase in September
2021-10-18,14096,2,"Op-ed: Why the U.S.-China duo is the most significant, and potentially the most perilous, bilateral relationship in human history | The wealthiest 10% of Americans own a record 89% of all U.S. stocks"
2021-10-19,14080,1,FBI raids homes linked to Russian oligarch and Putin associate Oleg Deripaska
2021-10-21,14133,6,"Traders flag their best inflation hedges as concerns rise | PIMCO CEO says inflation is 'temporary' but there will be volatility | Paul Tudor Jones says inflation could be worse than feared, biggest threat to markets and society | Huawei launches smartphone overseas despite U.S. sanctions crippling its mobile phone business | Fed to ban policymakers from owning individual stocks, restrict trading following controversy | China Evergrande set to avert default as property developer reportedly pays off bond interest"
2021-10-22,14162,2,HSBC has some strategies for investors to overcome the ‘wall of worry’ | Turkish lira drops to new all-time low after rates slashed
2021-10-25,14183,1,Twitter and Square CEO Jack Dorsey says 'hyperinflation' will happen soon in the U.S. and the world
2021-10-26,14165,0,
2021-10-27,14184,3,"Huawei spinoff Honor launches first smartphone overseas, complete with U.S. tech | Australia's exports to China are jumping despite their trade fight | U.S. dollar index falls, Canadian dollar, euro, yen gain"
2021-10-28,14199,1,'Black Swan' author Nassim Taleb says cash is the right hedge against rising market risk for regular investors
2021-10-29,14171,0,
2021-11-01,14235,3,"Saudi Arabia foreign minister denies a diplomatic 'crisis' with Lebanon | From $70,000 to $120,000: Here’s how much 3 software engineers earn around the U.S. | British firm JCB signs multibillion-dollar deal to import green hydrogen"
2021-11-02,14261,3,What this ex-Amazon employee learned from Jeff Bezos about building a multimillion-dollar start-up | Biden says he will announce Fed chair pick 'fairly quickly' with Powell term up in February | Dollar index dips to session low following Federal Reserve statement
2021-11-03,14301,1,Fed to start tapering bond purchases later this month as it begins pulling back on pandemic aid
2021-11-04,14327,1,"Higher inflation may be 'more entrenched' than transitory, CEO of major Asian bank says"
2021-11-05,14374,2,"UK minister tells Meta 'rebranding doesn't work,' vows to fast-track criminal sanctions for Big Tech execs | Biden meets with Fed leaders Powell and Brainard as nomination decision nears"
2021-11-08,14268,4,"The 'Succession' condo is on sale for $23.3 million — look inside | Ethiopia braces for all-out war as rebels advance on capital | 10-year Treasury yield starts the week higher with focus on inflation data | Randal Quarles to resign at year-end, paving way for Biden to further remake the Federal Reserve"
2021-11-09,14233,1,"Dow drops 240 points, Nasdaq falls 1.7% after hot inflation data drives bond yield spike"
2021-11-10,14253,1,Former Indian central bank chief warns rapid rate moves could fuel 'wealth shock' that scares consumers
2021-11-11,14288,4,"3 investing strategies for navigating stagflation risks, according to analysts | Average family premiums for employer-based health insurance have jumped 47% in the last decade, outpacing wage growth and inflation | Inflation will spike and come down during course of 2022: Aviva CFO | Dollar dips but shows biggest weekly gain in almost 3 months"
2021-11-12,14243,0,
2021-11-15,14206,3,"Gold is set to rally the coming months, two experts say. The key level they're watching | GOP report shows inflation hurts low-income Americans the most, blames Democrats for price jumps | Dollar near 16-month high versus euro ahead of U.S. retail sales data"
2021-11-16,14211,0,
2021-11-17,14259,0,
2021-11-18,14231,1,"If Biden picks Brainard over Powell for Fed chief, expect an immediate market impact"
2021-11-19,14237,1,ECB’s Lagarde says a rate hike unlikely for 2022; euro slides
2021-11-22,14255,4,"Biden picks Jerome Powell to lead the Fed for a second term as the U.S. battles Covid and inflation | Dollar jumps on hawkish Fed, strong consumer spending data | Here’s what Jerome Powell’s second term as Fed chair means to you | Here's what you need to know about Lael Brainard, Biden's pick for vice chair at the Fed"
2021-11-23,14272,4,Turkish lira crashes to 'insane' historic low after President Erdogan sparks sell-off | Wharton's Jeremy Siegel says the Fed must move faster to fight inflation | Not $1 anymore: Most Dollar Tree products are going to get pricier | Pakistan's central bank predicts 5% growth for the economy despite inflation worries
2021-11-24,14272,1,"South Korea raises interest rates as inflation, household risks grow"
2021-11-25,14280,0,
2021-11-26,14280,3,"South African rand takes a hit on fears of new Covid variant with many mutations | Fed risks running behind the curve on interest rates, says former New Zealand central bank governor | U.S. dollar hits highest level since July 2020 — Oppenheimer on which stocks to watch"
2021-11-29,14340,0,
2021-11-30,14320,3,"On the job: What it takes to earn $100k as a solar panel installer in New Jersey | This is now the world’s most expensive city to live in, study says | Watch Yellen and Powell testify live before Senate Covid panel"
2021-12-01,14353,3,"What Fed Chair Jerome Powell's hawkish turn means for market volatility into year-end | Emerging markets spell opportunity so long as the U.S. dollar stays under this key level, trader says | Three big trends in semis are cars, cloud and capex, says BofA's Vivek Arya"
2021-12-02,14378,1,ECB faces calls to be clearer on inflation after Fed's Powell drops 'transitory'
2021-12-03,14408,0,
2021-12-06,14441,2,"Dollar ticks up as Treasury yields partly claw back fall | Bull market has legs into year-end and beyond, strategist says. Her top picks for 2022"
2021-12-07,14408,4,"Why billionaire Ray Dalio thinks another economic disaster is coming — and how he recommends preparing for it | Labor productivity rate falls at the fastest pace since 1960 | Goldman CEO Solomon sees policy, not the pandemic, as the biggest risk ahead for markets | The Fed's interest rate policies can't fix this inflation. Here's why."
2021-12-08,14348,3,"Cramer sees potential for new roaring 20s-type economic boom as Covid concerns recede | '6% inflation is devastating' to everyday Americans, rising prices need to be curbed, expert says | Why this month echoes December 2018 when stocks plummeted, according to top strategist"
2021-12-09,14351,0,
2021-12-10,14378,1,"Inflation surged 6.8% in November, even more than expected, to fastest rate since 1982"
2021-12-13,14346,2,El-Erian says 'transitory' was the 'worst inflation call in the history' of the Fed | Retirees in search of income and some inflation protection may want to consider real estate investment trusts
2021-12-14,14348,2,The Federal Reserve is expected to take a very big step toward a rate hike | Dollar rises after Federal Reserve policy statement
2021-12-15,14337,2,European Central Bank heads into pivotal policy meeting with inflation and omicron infections rising | The majority of Fed members forecast three interest rate hikes in 2022 to fight inflation
2021-12-16,14343,4,"U.S. blacklists 34 Chinese entities, citing human rights abuses and 'brain-control weaponry' | Bank of England announces rate hike from pandemic-era lows | How bad is inflation? Even millionaires are worried about it. | Turkish central bank cuts rates, sending lira to record low"
2021-12-17,14343,0,
2021-12-20,14384,4,"The feds have collected more than $44 billion for a permanent nuclear waste dump — here's why we still don't have one | 'Spider-Man: No Way Home' scores third-best opening in cinematic history with $253 million haul | 'Spider-Man: No Way Home' had the second-highest opening weekend of all time, beating out 'Avengers: Infinity War' | Gaining financial literacy can help Hispanics save and invest money"
2021-12-21,14349,1,Turkish lira whipsaws from historic low after Erdogan announces rescue plan
2021-12-22,14264,2,"U.S. Fed's tightening is seen as lower risk for China than other emerging markets | These 7 books helped create the Trader Joe's empire, from philosophy to World War I military strategy"
2021-12-23,14251,3,"It looks like Santa Claus is on his way to stock investors in the week ahead | Store closures slowed after a pandemic shakeout. Now Dollar General, Warby Parker and others see new value in stores | The ultimate 2022 safety play could be in this unusual place, traders say"
2021-12-24,14219,0,
2021-12-27,14225,1,President Biden signs $770 billion defense bill
2021-12-28,14237,2,Former Bear Stearns CEO James Cayne dies at 87 | Nasdaq is poised to underperform S&P 500 for first time since 2016 as investors shun tech stocks
2021-12-29,14265,1,"More than half of U.S. states will raise their minimum wage in 2022, but employers are hiking pay faster"
2021-12-30,14269,0,
2021-12-31,14278,1,U.S. 10-year Treasury yield finishes 2021 above 1.5%
2022-01-03,14270,1,Dollar starts off 2022 on higher note as yields climb
2022-01-04,14310,4,"Asia's top risk in 2022 will be U.S.-China tensions over Taiwan, says political risk analyst | After rapid rate increase to start 2022, investors see benchmark 10-year yield rising to 2% soon | Retirees need to keep this much cash, advisors say | Auto insurance is expected to cost 5% more in 2022. Here's where it's the most and least expensive"
2022-01-05,14365,2,Turkish lira faces a rocky new year as inflation hits 19-year high and could go higher | Here are your best money moves before interest rates rise
2022-01-06,14396,1,Conagra Brands CEO says inflation won't go away even after Covid omicron wave passes
2022-01-07,14360,0,
2022-01-10,14323,0,
2022-01-11,14299,3,"Fed Chair Powell says rate hikes, tighter policy will be needed to control inflation | Dollar slumps as U.S. inflation surge comes in line with expectations | Food price inflation won't ebb any time soon, analyst says"
2022-01-12,14302,3,"Russia is risking all-out war to prevent Ukraine from joining NATO | Here’s how rising inflation may affect your 2021 tax bill | Inflation rises 7% over the past year, highest since 1982"
2022-01-13,14311,2,Dollar snaps three-day losing streak as selling pressure abates | Erdogan blames Turkey's currency problems on 'foreign financial tools' as central bank reserves fall
2022-01-14,14310,0,
2022-01-17,14323,1,"China's Xi says countries must abandon 'Cold War mentality,' warns against confrontation"
2022-01-18,14325,2,"UAE vows retaliation for Houthi-claimed attack, but questions emerge over potential Iran role | BlackRock CEO Larry Fink discusses ESG investing, markets, inflation and more"
2022-01-19,14370,2,"Dollar holds near weekly high, sterling rises after inflation data | Here's what happens to your credit card debt as interest rates rise"
2022-01-20,14354,1,Fed releases long-awaited study on a digital dollar but doesn't take a position yet on creating one
2022-01-21,14347,0,
2022-01-24,14327,7,"Secretary of State Blinken warns of severe response if a single Russian force enters Ukraine in an aggressive way | U.S. draws down Ukraine embassy presence as war fears mount | Biden calls Fox News reporter Peter Doocy 'a stupid son of a bitch' | If war is coming, the West must decide how far it will go to defend Ukraine against Russia | Singapore's central bank tightens monetary policy on inflation risks | The stock market slide is unlikely to budge the Fed from tightening | Sri Lanka's central bank governor says country does not need IMF relief amid inflation concerns"
2022-01-25,14358,1,U.S. puts troops on alert amid fears of Russia-Ukraine conflict. Europe watches on
2022-01-26,14346,3,Federal Reserve points to interest rate hike coming in March | China's Huawei launches high-end smartphones overseas even as its global market share deteriorates | 'The Fed got the memo.' Here's what you can do to prepare for the coming rate hike
2022-01-27,14385,4,"Seth Klarman says inflation is a 'real danger' to markets and he's hedging against it | Why the stock market hates the idea of rising interest rates | 'It's a joke': Germany's offer of 5,000 helmets to Ukraine is met with disdain amid Russia invasion fears | Damage from inflation is starting to show, says Axonic Capital's Peter Cecchini"
2022-01-28,14381,1,The Fed uses one inflation gauge as its North Star. Here's why
2022-01-31,14392,1,"Russia is willing to go to war and incur sanctions over Ukraine, analysts warn"
2022-02-02,14347,6,A Russian invasion of Ukraine could send shockwaves through financial markets | PayPal stock closes down 24% in worst-ever trading day | Ukraine warns of 'full-scale war' and tragedy in Europe if Russia attacks | Black Americans' lack of participation in the stock market likely to widen post-pandemic wealth gap | Economist Lisa Cook is poised to make history at the Fed – but first she must face a grilling from senators | We have 'to take weapons in our hands': Kyiv's Klitschko brothers say Ukraine must be defended
2022-02-03,14381,3,‘We just want peace’ — what it’s like living in Ukraine right now | U.S. oil prices top $90 a barrel for the first time since 2014 | Senate GOP suggests Biden Fed nominee Sarah Bloom Raskin used government ties to help financial tech firm
2022-02-04,14376,1,"Fed influence, shaky forecasts, delayed decisions: How the Biden administration misread the inflation threat"
2022-02-07,14404,4,"Op-ed: Xi and Putin tout a 'redistribution of power in the world,' and they aren't shy about their ambitions | Dollar up, euro down as pair face off in rate hike tussle | Nasdaq jumps 1%, Dow climbs 370 points as Wall Street shakes off a slow start to the week | Germany urged to 'wake up' over Ukraine-Russia crisis, before it's too late"
2022-02-08,14385,0,
2022-02-09,14366,0,
2022-02-10,14344,2,"Unilever CEO warns of 'substantial price increases,' confirms GSK deal is off the table | Inflation surges 7.5% on an annual basis, even more than expected and highest since 1982"
2022-02-11,14359,3,"Celebrities, humor and a huge dose of nostalgia will dominate Sunday's Super Bowl ads | Drone and missile attacks on the UAE shows its strengths more than vulnerabilities, security analysts say | China's biggest chipmaker SMIC posts record revenue despite U.S. sanctions"
2022-02-14,14338,2,Here's how much Super Bowl prize money has increased since the first one in 1967 | Here's where to keep your cash amid high inflation and rising interest rates
2022-02-15,14292,3,Inflation is at its highest in 40 years. Here's how raising interest rates could help | ViacomCBS to rename itself Paramount Global | Elon Musk unloaded $22 billion of Tesla stock — and still owns more now than a year ago
2022-02-16,14278,1,"A $45 billion credit fund manager says the Fed is 'way, way, way behind the curve' on inflation"
2022-02-17,14301,1,"The Big Mac's price is up 40%, and it isn’t a good sign"
2022-02-18,14339,0,
2022-02-21,14329,3,"Biden orders sanctions on separatist regions of Ukraine after Putin decree, EU vows additional measures | Child care now costs more than $10,000 per year on average—here's why that's a problem | S&P 500 closes in correction territory, Dow drops 480 points as Russia-Ukraine conflict intensifies"
2022-02-22,14362,4,"New Zealand's central bank delivers third consecutive hike, plans bond sales | The chance of a full-scale invasion of Ukraine is 'very, very high,' analyst says | Carrier CEO says the company has a 'very good handle' on managing inflation | Biden says U.S. will sanction Russian banks, sovereign debt and individuals after Ukraine 'invasion'"
2022-02-23,14355,2,"How a Russian invasion of Ukraine, the 'breadbasket of Europe,' could hit supply chains | Oil surges above $100 for the first time since 2014, before paring gains"
2022-02-24,14371,0,
2022-02-25,14369,1,British airlines skirt Russia as the fallout from Ukraine widens
2022-03-01,14350,10,"EU, UK, Canada, US pledge to remove selected Russian banks from interbank messaging system SWIFT | Russian ruble plunges nearly 30% against the dollar amid sanctions over Ukraine invasion | Ukraine hospitals could run out of oxygen supplies in 24 hours as war disrupts health services, WHO says | Long lines at Russia's ATMs as bank run begins — with more pain to come | Shipping giant Maersk considers suspension of all deliveries to and from Russia | Russia central bank more than doubles key interest rate to 20% to boost sinking ruble | Global hacking group Anonymous launches ‘cyber war’ against Russia | Oil jumps to highest since 2011 as OPEC holds output steady despite Russia's war on Ukraine | Ukraine is winning the information war against Russia | Ahead of State of the Union address, President Biden's approval with Main Street is underwater"
2022-03-02,14373,2,"Euro extends recent fall; U.S. dollar gains on data, Powell comments | 10-year yield sees biggest one-day jump since 2020 as traders ditch safe havens for riskier assets"
2022-03-04,14383,4,"U.S. imposes new sanctions on pro-Putin Russian oligarchs and their families over Ukraine invasion | IKEA temporarily closes stores in Russia, warns of higher prices | The West is trying to destroy Russia's economy. And analysts think it could succeed | Russia stock ETFs trading in U.S. plunge this week with some halted for trading"
2022-03-07,14411,5,"Bill Ackman says Russia's attack on Ukraine means World War III has likely already started | McDonald's, quiet on the Ukraine war, has more exposure to Russia than other U.S. fast-food chains | Russian police arrest thousands at anti-war protests | Russia's invasion of Ukraine could cut auto production by millions of vehicles this year | U.S. is collecting evidence of possible Russian war crimes in Ukraine"
2022-03-08,14394,2,"McDonald's temporarily closes 850 restaurants in Russia, nearly 2 weeks after Putin's forces invaded Ukraine | Biden says U.S. will ban Russian oil imports in response to Putin's invasion of Ukraine"
2022-03-09,14371,2,Yale professor behind corporate 'naughty-or-nice list' lauds U.S. brands' decision to pause Russia business | The Russia-Ukraine war has hit many currencies hard. Here's what analysts are expecting now
2022-03-10,14298,4,"JPMorgan is winding down its Russia operations amid widening business exodus over Ukraine war | Russia will recover with a 'full bill of health,' says Lavrov, vowing to cut ties with the West | Dow falls 200 points, notches its fifth straight week of losses as Russia-Ukraine war drags on | Will the Russia-Ukraine war lead to World War III? And 2 other big questions, explained"
2022-03-11,14306,3,Goldman Sachs predicts what will happen to Europe's economy if Putin shuts off the gas taps | How the Russia-Ukraine war is worsening shipping snarls and pushing up freight rates | Insana: Russia's Ukraine invasion is a turning point for investors as the world changes
2022-03-14,14328,3,Anti-war protester in studio disrupts live Russian state TV news | Here's a breakdown of how the Fed's expected rate hike will impact your wallet | Putin's invasion of Ukraine will knock 30 years of progress off the Russian economy
2022-03-15,14321,1,Why the Federal Reserve raises interest rates to combat inflation
2022-03-16,14311,6,"The Fed announces its first rate hike since 2018 — here's what it means for your finances | Federal Reserve approves first interest rate hike in more than three years, sees six more ahead | Biden details new aid to Ukraine, promises ""more in the days and weeks ahead"" to help combat Russia invasion | Anonymous declared a 'cyber war' against Russia. Here are the results | Three million migrants have now fled Ukraine —with the majority going to Poland. That could have major repercussions | Kyiv could face the same fate as Aleppo or Grozny, analysts warn as Russia's attacks intensify"
2022-03-17,14290,0,
2022-03-18,14340,2,"Russia seems to have averted its historic bond default — for now | Putin's next target may be Eastern Europe's Moldova, analysts warn"
2022-03-21,14341,1,"Putin's Russia looks increasingly desperate as Ukraine war nears stalemate, analysts say"
2022-03-22,14358,3,'I am enemy No. 1': Protester on Russian TV speaks out from hiding | Inflation is spiking the cost of pet parenthood yet owners are still splurging on care | Investing in the stock market is more important than ever amid rising inflation
2022-03-23,14351,3,SpaceX raises prices for rocket launches and Starlink satellite internet as inflation hits raw materials | Insana: The Fed isn’t the sole cause of today’s inflation. Here's what policy hawks are getting wrong | Putin's Ukraine invasion is turning into a 'grinding war' where nobody wins
2022-03-24,14361,2,Russian oligarch Abramovich's two superyachts worth a combined $1 billion are escaping sanctions — for now | The enabler of Russia’s war? Ukraine’s top climate scientist lays the blame on fossil fuels
2022-03-25,14341,3,Chip industry under threat with neon production set to fall off a cliff following Russia's invasion of Ukraine | Venture capital fund backed by Russian oligarch Abramovich removes all traces of operations online | Treasury Secretary Yellen says Russian oligarch Abramovich 'could face sanctions' by U.S.
2022-03-28,14360,3,"The Oscar statuette is the most prestigious prize in Hollywood—here's why it's only worth $1 | Dollar hits 6-year high vs yen as BOJ moves against rising bond yields | Huawei posts first-ever yearly revenue decline as U.S. sanctions continue to bite, but profit surges"
2022-03-29,14364,1,"Russia repositions troops away from Kyiv, marking a shift in the war"
2022-03-30,14349,1,U.S. issues sanctions over Iran ballistic missiles
2022-03-31,14357,0,
2022-04-01,14364,3,"Russia and the West are battling to get China and India to take their sides in the Ukraine war | Russia hits back at U.S. intelligence claims that Putin was 'misled' over Ukraine war | Soaring markets helped the richest 1% gain $6.5 trillion in wealth last year, according to the Fed"
2022-04-04,14362,5,"Biden calls to put Putin on trial for war crimes over Russia killings in Ukraine | Russia faces barrage of new sanctions after accusations of atrocities in Bucha, Ukraine | Dimon says confluence of inflation, Ukraine war may 'dramatically increase risks ahead' for U.S. | There will be collateral damage as we control inflation, says SoFi's Liz Young | U.S. dollar gains on safe-haven flows on possibly more Russia sanctions over Ukraine"
2022-04-05,14348,2,"Zelenskyy calls for a Nuremberg-style tribunal to investigate and prosecute Russian war crimes | Stocks fall for a second day, Nasdaq slides another 2% as Fed gives policy tightening plans"
2022-04-06,14364,1,"U.S. sanctions Putin’s adult children, bans all new investment in Russia"
2022-04-07,14359,1,Macy's warns that inflation-squeezed consumers may choose to spend on travel over shopping
2022-04-08,14365,3,"Here's how the Fed raising interest rates can help get inflation lower, and why it could fail | The dollar is staging a comeback as the crisis in Ukraine deepens | NATO Secretary-General says he'd welcome more energy sanctions on Russia"
2022-04-11,14370,0,
2022-04-12,14364,1,New Zealand central bank hikes rates by hefty 50 basis points as inflation worries grow
2022-04-13,14359,7,"Biden’s approval falls to new low amid economic pessimism, inflation woes, CNBC survey finds | Supplier prices rose 11.2% from a year ago in March, the biggest gain on record | Fed's Waller sees likelihood of multiple half-point interest rate hikes ahead | S&P 500, Nasdaq fall Thursday, notch weekly losses as investors assess earnings, inflation | Russian oligarch Roman Abramovich has $7 billion in assets frozen in Jersey in latest Ukraine fallout | Amazon slaps U.S. sellers with 5% fuel and inflation surcharge | A gallon of gas was 65 cents in 1978—here's how much it cost every year since"
2022-04-14,14349,0,
2022-04-18,14356,1,"World Bank slashes global growth forecast to 3.2% from 4.1%, citing Ukraine war"
2022-04-19,14347,3,"Fintechs are under pressure to stop Russian sanctions evasion. This start-up raised $94 million to help | IMF cuts global growth forecasts on Russia-Ukraine war, says risks to economy have risen sharply | Sanctioned Russian bank founder Oleg Tinkov condemns 'insane' Ukraine war, calls on West to give Putin face-saving exit"
2022-04-20,14351,2,"Richard Branson says individuals, governments should cap their energy use to help end the war in Ukraine | Russia and Ukraine's battle for Donbas could decide the war — and it could go either way"
2022-04-21,14348,1,"Powell says taming inflation 'absolutely essential,' and a 50 basis point hike possible for May"
2022-04-22,14361,0,
2022-04-25,14452,2,"Tiny, landlocked Moldova struggles to deal with the fallout of Russia's war on Ukraine | U.S. officials pledge new diplomatic, military support for Ukraine on secretive Kyiv visit"
2022-04-26,14412,3,"Wall Street is worried inflation and supply issues may dent GM and Ford earnings more than previously expected | Russia is suspending gas supplies to Poland, Bulgaria | BMW, Audi suspend shipments by train to China due to Ukraine war"
2022-04-27,14418,4,"Here's a simple way to see how inflation erodes your long-term savings | Your credit card debt is about to get a lot more expensive | China's central bank steps in to slow its rapidly weakening currency, as yuan hits one-year lows | Retail and consumer IPOs, deals tail off as more businesses set their sights on 2023"
2022-04-28,14480,4,"Gold hits lowest level in more than 2 months on lofty dollar, imminent U.S. rate hike | Dollar index hits highest level since 2002 | JPMorgan raises its forecast for the dollar-yuan | Russia's war is threatening the Middle East’s food security — sparking warnings of riots, famine, and mass migration"
2022-05-09,14534,13,"Euro zone inflation hits record high for the sixth month in a row | Here’s how you can prepare if there's a half point rate hike from the Fed | When inflation is high, Warren Buffett says the best thing you can do is 'be exceptionally good at something' | Fed raises rates by half a percentage point — the biggest hike in two decades — to fight inflation | British pound plummets as Bank of England warns of recession risk | Jim Cramer says he sees signs inflation is peaking | Ron Insana says the Fed is defying logic by trying to create a recession | Biden announces up to $150 million Ukraine military aid package as fears of Russian escalation grow | Dollar index is little changed after hitting fresh 20-year high | Putin blames the West for Ukraine war in 'Victory Day' speech | Planet Fitness' cheap memberships could be an inflation trade-down winner, Evercore ISI says | Philippine central bank chief says he's 'not concerned' about recent peso weakness | 5 things to know before the stock market opens Monday"
2022-05-10,14546,1,April's consumer price index report expected to show inflation has already peaked
2022-05-11,14546,2,How fast does inflation cut buying power? Here's a simple guide | Dallas Federal Reserve names Lorie Logan new president to succeed Robert Kaplan
2022-05-12,14585,2,"Siemens to leave Russia due to Ukraine war, take hefty charge | Federal Reserve Chair Jerome Powell confirmed by Senate for a second term"
2022-05-13,14619,1,Here are some strategies to pay off credit card debt before interest rates rise again
2022-05-17,14651,6,"Airline ticket prices are up 25%, outpacing inflation — here are the ways you can still save | McDonald's says it will sell its Russia business after previously pausing operations due to Ukraine war | 'Londongrad': How Russia's war exposed the dark side of luxury London | Bernanke says the Fed's slow response to inflation 'was a mistake' | Dollar recovers ground as risk appetite fades | India isn't the only one banning food exports. These countries are doing the same"
2022-05-18,14682,4,"'The whole world is against us': Russian military analyst gives damning assessment of Ukraine war on state TV | Rising inflation has made people feel anxious and overwhelmed. Here are some ways to cope | UK inflation jumps to 40-year high of 9% as food and energy prices spiral | As inflation slows and the ruble rallies, Russia is hoping to avoid a financial crisis"
2022-05-19,14731,1,The euro is nearing parity with the dollar: Here's what it could mean for investors
2022-05-20,14661,0,
2022-05-23,14665,2,Tether withdrawals top $10 billion as regulators raise alarm about stablecoins | Russian soldier sentenced to life in prison in Ukraine’s first war crimes trial since invasion
2022-05-24,14653,4,"There's a 50% to 60% chance of a mild recession next year, former Fed vice chair says | Pakistan hiked rates to cool soaring inflation, central bank acting governor says | Ukraine war has pushed Japanese away from war-renouncing stance, political analyst says | Soros says civilization may not survive Putin's war in Ukraine, warns of global depression"
2022-05-25,14645,3,"Fed's Esther George to retire in January, search for successor begins | South Korea delivers back-to-back interest rate hikes to combat inflation | Fed minutes point to more rate hikes that go further than the market anticipates"
2022-05-27,14578,5,"Dollar eases as traders scale back bets on Fed tightening | Ron Insana: The Federal Reserve may have already done enough to cool the economy | 3 takeaways from Dollar General, Dollar Tree earnings that sent stocks soaring | Japan is finally seeing some inflation – but it may not be time to celebrate | There's good and bad inflation, and Japan is experiencing bad inflation, says food company"
2022-05-30,14544,0,
2022-05-31,14592,1,Dollar stronger as inflation worries dampen risk sentiment
2022-06-02,14526,6,"Jamie Dimon says 'brace yourself' for an economic hurricane caused by the Fed and Ukraine war | Yellen says the administration is fighting inflation, admits she was wrong that it was 'transitory' | Dollar rises against euro, hits two-week high versus yen | Ron Insana: Policymakers should stop apologizing. Inflation really was 'transitory' | Gold rises over 1% buoyed by dollar slide, weak ADP data | Angela Merkel breaks silence on Ukraine, calls Russia's war 'barbaric'"
2022-06-03,14431,0,
2022-06-06,14462,4,"A paradigm shift has begun in markets, says Morgan Stanley's Ted Pick. Here's what to expect | Nasdaq rises slightly to start week, shaking off jump in bond yields | DOJ moves to seize 2 planes worth more than $400 million from Russian oligarch Roman Abramovich | Russia thinks it has found a way around Washington's dollar bond payment blockade"
2022-06-07,14464,3,"World Bank slashes global growth forecast to 2.9%, warns of 1970s-style stagflation | Russia’s failure to achieve major goals in Ukraine is ‘quite embarrassing,’ ex-U.S. official says | Australia's central bank raises rates by 50 basis points in hawkish surprise"
2022-06-08,14477,2,Russia is weaponizing food supplies to 'blackmail the world' | The pandemic-era bump in tipping is officially over—and inflation might be to blame
2022-06-09,14555,1,European markets close lower as ECB confirms rate hike plans: Stoxx 600 falls 1.3%
2022-06-10,14569,1,Russia cuts key interest rate back to prewar level
2022-06-13,14672,4,"The world will face 'a severe food crisis and famine,' Zelenskyy says | Global food prices are soaring. Rice could be next | 1980s-era rate hikes designed to fight inflation will create more market turmoil, Canaccord's Tony Dwyer predicts | Gold slides over 2%, palladium sheds 7% as dollar stands tall"
2022-06-14,14729,1,Dollar falls after Fed rate decision
2022-06-15,14746,5,"Jim Cramer: Make this smart investment in times of inflation and 'economic chaos' | An aggressive Fed has global ramifications. Here are 3 ways the world could be hit | Fed hikes its benchmark interest rate by 0.75 percentage point, the biggest increase since 1994 | Here's what the Federal Reserve's 0.75 percentage point rate hike — the highest in 28 years — means for you | The Federal Reserve just hiked interest rates by 0.75 percentage point. How raising rates may help slow inflation"
2022-06-16,14741,4,"Swiss central bank surprises markets with first rate hike since 2007 | How President Biden's Ocean Reform Act could impact shipping and inflation | Swiss franc soars after shock rate hike; pound rises | Millennial millionaires are delaying home, car purchases due to inflation"
2022-06-17,14828,1,"Russia’s Putin lashes out over Western sanctions ‘blitzkrieg,’ claims Ukraine invasion was forced"
2022-06-20,14836,0,
2022-06-21,14804,4,"Yen sinks to fresh 24-year low vs U.S. dollar | Amazon Prime Day is coming up. Focus will be on consumer staples to counter surging inflation, experts say | Stocks inch lower as rally attempt on Wall Street falters | 80% of economists see 'stagflation' as a long-term risk. What it is and how to prepare for it"
2022-06-22,14860,2,"Powell tells Congress the Fed is 'strongly committed' on inflation, notes recession is a 'possibility' | Watch Powell's testimony to Congress on the Fed's inflation fight, state of the economy"
2022-06-23,14835,3,Watch Jerome Powell testify to Congress on the economy and how the Fed plans to fight inflation | Russia's ruble hit its strongest level in 7 years despite massive sanctions. Here's why | Isolated Putin says trade with China and India is increasing
2022-06-24,14846,1,Stashing cash finally pays off as savings interest rates rise from rock bottom in wake of Fed hikes
2022-06-27,14802,7,"With war, Kyiv pride parade becomes a peace march in Warsaw | Mondelez to reopen war-damaged potato-chip plant outside Kyiv | In Ukraine, war is turning love into marriages | NATO set to increase its high-readiness forces to over 300,000 in massive military buildup | 58% of Americans are living paycheck to paycheck after inflation spike — including 30% of those earning $250,000 or more | Russia's neighbors fear NATO's defense plans are not fit for purpose and they could be quickly overrun | Nike earnings top Wall Street's expectations, despite inflation in the U.S. and Covid lockdowns in China"
2022-06-28,14837,2,"U.S. blocks gold imports from Russia in latest round of sanctions targeting Putin's war | Lagarde plays down recession risks, says ECB is ready to 'move faster' on rates if needed"
2022-06-29,14848,3,"DOJ says the U.S. and allies have frozen $30 billion of Russian elites' assets, $300 billion of Moscow bank funds | Powell vows to prevent inflation from taking hold in the U.S. for the long run | Putin needs to be stopped in the battlefield — not with sanctions, says ex-president of Lithuania"
2022-06-30,14882,1,This was the worst first half for the market in 50 years and it's all because of one thing — inflation
2022-07-01,14956,3,"Forget rate hikes, these analysts are predicting interest rate cuts next year | Euro zone inflation hits record 8.6% as the European Central Bank prepares for its first rate hike in 11 years | How inflation will affect Apple"
2022-07-04,14960,2,"Dollar holds firm as growth fears stalk markets | Raising interest rates is the wrong solution to the inflation problem, analyst says"
2022-07-05,14990,2,"Taiwan's Foxconn raises full-year outlook on strong tech demand | Australia's central bank is taking a hawkish stance to get on top of inflation, says economist"
2022-07-06,15015,4,"Fed sees 'more restrictive' policy as likely if inflation stays high, FOMC minutes say | Fed sees 'more restrictive' policy as likely if inflation fails to come down, minutes say | Australia risks recession and housing downturn after third rate hike | There's a battle over inflation-linked pay adding to European port contagion"
2022-07-07,14986,1,U.S. dollar flat in choppy trading after payrolls beat expectations
2022-07-08,14981,4,"Elon Musk faces a long legal war with Twitter, which has the upper hand | As inflation rises, your gift cards are becoming less valuable | U.S. to send 15th military package to Ukraine, bringing total aid in Russia war to $7 billion | Insana: Europe’s economy may be facing a winter of despair. Here’s why it should matter to the Fed"
2022-07-11,14969,2,"Russia is bringing more reserve forces close to Ukraine; Moscow official jailed for anti-war comment | Prepare for the U.S. dollar hit on S&P 500, big tech earnings"
2022-07-12,14993,3,"The euro hit parity with the U.S. dollar for first time since 2002. Here's how travelers can take advantage of the exchange rate | West Virginia will give you $20,000 and it's not the only state offering more in war for workers | ServiceNow sinks after CEO warns global tech firms won't be able to outrun strong dollar"
2022-07-13,14985,3,"The Fed is winning against inflation despite red-hot June CPI number, Jim Cramer says | People are paying more for clothes even as retailers like Walmart and Gap mark down prices to cut inventory | Canada’s central bank raises interest rate a full point"
2022-07-14,14999,2,"Fed Governor Waller expects 0.75 percentage point hike, but open to a larger one | China will fare the worst if stagflation strikes, says S&P Global Ratings"
2022-07-15,14999,2,"Musk says Tesla can lower car prices if inflation 'calms down' | Amazon Prime Day shoppers buy up diapers, snacks as inflation shifts consumer habits"
2022-07-18,14986,5,"Gold recoups some losses on easing dollar, hopes of less hawkish Fed | Smartphone shipments fell 9% in Q2, but Apple iPhone remains in high demand despite inflation pressure | Russia is seeking oil payments from India in UAE dirhams: Reuters, citing sources and document | Russia's Ukraine offensive now relying on a private mercenary group that's hiring convicts, UK says | Could Russia's war on Ukraine escalate into a global cyberwar?"
2022-07-19,14992,1,"Global chip shortage is not over and the slowdown is 'going to bite,' analyst says"
2022-07-20,14984,5,"Ukrainian first lady urges Congress to send more weapons for fight against Russia | 'Ugly' inflation numbers make a recession more likely in 2022, economist says | Stop panicking about inflation, BlackRock CEO tells investors — 'We're going to get through this' | Mortgage demand drops to a 22-year low as higher interest rates and inflation crush homebuyers | Latest photos of European heat wave show future 'normal' as London fire department has busiest day since WWII"
2022-07-21,15017,2,"With rising interest rates and record-high inflation, here's how you can save (some) money | Fifth Wall closes half-billion-dollar climate fund to decarbonize global real estate"
2022-07-22,15024,1,Britain faces a summer of strikes as historic inflation and falling real wages bite
2022-07-25,14992,1,"Travelers should act now to capitalize on a strong dollar for trips abroad, says travel editor: 'Don't be too greedy'"
2022-07-26,14984,2,"Gold reverses losses, moves higher after Fed raises rates | China tried to obtain internal info and build a network of informants inside the Federal Reserve, says a new GOP Senate report"
2022-07-27,15020,4,The Federal Reserve just raised interest rates 75 basis points. Here’s what it means for the Main Street economy | Options trader makes million-dollar bet against Meta into earnings | Fed hikes interest rates by 0.75 percentage point for second consecutive time to fight inflation | Top Federal Reserve officials say they misread inflation and now plan to correct the course
2022-07-28,14958,1,Hacktivist group Anonymous is using six top techniques to 'embarrass' Russia
2022-07-29,14860,1,How US-made mobile-rocket artillery could change the battlefield in Ukraine
2022-08-01,14874,1,Dollar falls against yen as investors reassess U.S. rate hike outlook
2022-08-02,14888,4,"How to build wealth without sacrificing much during periods of high inflation | Israeli lidar maker Innoviz wins $4 billion Volkswagen contract for millions of sensors | Apple chipmaker TSMC warns Taiwan-China war would make everybody losers | Russia faces 'economic oblivion' despite claims of short-term resilience, economists say"
2022-08-03,14917,0,
2022-08-04,14929,2,"Bank of England launches biggest interest rate hike in 27 years, predicts lengthy recession | India’s currency is under pressure — and analysts say the rupee could test new lows"
2022-08-05,14904,1,The price of a pint is going through the roof. Here’s why UK beer costs are far outpacing inflation
2022-08-08,14915,3,"Higher prices, skimpier portions and apps — how fast-food chains are changing value deals | Ukrainian risks her life to rescue wild animals from war | Deadlock with Russia over Nord Stream gas turbine is not our fault, Siemens Energy CEO says"
2022-08-09,14862,0,
2022-08-10,14875,2,"Inflation is peaking, and that is ‘nirvana’ for stocks, Jim Cramer says | Inflation is peaking, and that is 'nirvana' for stocks, Jim Cramer says"
2022-08-11,14799,1,Alcon CEO: We're struggling with the strong dollar like everyone else
2022-08-12,14688,1,"July was a break in Inflation, says Fundstrat's Tom Lee"
2022-08-15,14727,2,"Gold sheds 1% on dollar rebound, rate-hike concerns | Wall Street revives Russian bond trading after U.S. go-ahead"
2022-08-16,14767,1,"Putin slams U.S., claims it wants to drag out war in Ukraine and provoke China"
2022-08-18,14822,7,"Vanguard economist warns the worst of UK inflation is yet to come | UK inflation hits new 40-year high of 10.1% as food and energy price surge continues | Fed sees interest rate hikes continuing until inflation eases substantially, minutes show | The world's largest sovereign wealth fund loses $174 billion in the first half, cites inflation and war in Europe | U.S.-China tensions are not helping Biden in inflation fight, economist says | Euro-dollar rate to drop to between $0.75 and $0.80 in coming months, ING analyst says | Turkey shocks markets with rate cut despite inflation near 80%"
2022-08-19,14858,0,
2022-08-22,14882,1,Dollar higher on risk aversion; euro revisits parity
2022-08-23,14893,1,Russia's war in Ukraine started 6 months ago — and there appears to be no end in sight
2022-08-24,14851,1,Shares of Australian coal miner Whitehaven have jumped 150% since the Ukraine war
2022-08-25,14827,1,Sony hikes the price of its PlayStation 5 console because of soaring inflation
2022-08-26,14814,2,Powell warns of 'some pain' ahead as the Fed fights to bring down inflation | Simpson: The key for the market to understand is that inflation is going to be here a lot longer than expected
2022-08-29,14887,1,"Fed rate hikes won't bring down inflation as long as government spending stays high, paper says"
2022-08-30,14875,1,"Best Buy's quarterly sales drop, as inflation-weary consumers pull back on spending"
2022-08-31,14853,1,Fed's Mester sees benchmark rate above 4% and no cuts at least through 2023
2022-09-01,14884,1,Sri Lanka and IMF reach preliminary deal on $2.9 billion loan
2022-09-02,14900,2,Economist Joseph Stiglitz says there are 3 reasons why further Fed rate hikes might make inflation worse | 'Why shouldn't it be as bad as the 1970s?': Historian Niall Ferguson has a warning for investors
2022-09-05,14920,2,Russian gas cut pushes euro toward new lows | Euro slides below 99 cents after Russia halts gas supplies to Europe
2022-09-06,14885,3,Intesa Sanpaolo's Gros-Pietro: Must assume real inflation rate is still negative | Russia has cut off gas supplies to Europe indefinitely. Here's what you need to know | Germany to keep two nuclear plants available as a backup and burn coal as it faces an energy crisis brought on by war and climate change
2022-09-07,14927,5,"3 tips to consider when buying essential items during high inflation, according to experts | Putin claims the U.S. wants to preserve global 'dictatorship' and is sacrificing Europe | 'It's starting to cripple us': British fish and chip shops fear for their survival as costs surge | The Pre Market Rundown 2: Sept. 7, 2022 | Sterling falls vs dollar, euro after death of Queen Elizabeth"
2022-09-08,14905,2,Fed Chair Powell vows to raise rates to fight inflation 'until the job is done' | Washington hits back at 'desperate' Putin after he slammed U.S. 'dictatorship'
2022-09-09,14846,1,"For Russians, vacations aren't what they used to be. But they still have options"
2022-09-12,14839,3,"Ukraine hails snowballing offensive, blames Russia for blackouts | The British pound has been tanking versus the dollar. Here’s how low it could go, according to the pros | Falling gas prices are raising hopes that inflation is slowing, New York Fed survey shows"
2022-09-13,14861,3,"The Fed is going to pivot in 3 stages, author Nomi Prins says | Inflation is up 8.3% since last year—and more Fed rate hikes are likely looming | From inflation to war, here are the 4 big factors impacting markets and the economy right now"
2022-09-14,14923,2,"UK inflation rate unexpectedly dips to 9.9% as fuel prices decline | Russian forces are demoralized and degraded — now we just have to 'drive the enemy out,' Ukraine says"
2022-09-15,14899,1,"Globalization of trade isn't ending, despite Covid, war, inflation"
2022-09-16,14939,1,The dollar is up 18%—here's why that's actually bad news for investors
2022-09-19,14980,3,"Op-ed: Putin's battlefield failures provide an opportunity for the world to step up efforts to help end the war in Ukraine | Intuit CEO says company sees healthy consumer spending, but inflation still needs to get under control | Ford warns investors of an extra $1 billion in supply chain costs during the third quarter"
2022-09-20,14975,4,"U.S. dollar jumps to new two-decade high as Fed delivers big rate hike | Sweden's central bank launches 100 basis point rate hike, says 'inflation is too high' | Barclays says it likes the Singapore dollar | Putin must recognize he cannot win Ukraine war, German Chancellor Olaf Scholz says at UN"
2022-09-21,15011,4,"North Korea denies sending arms to Russia amid Ukraine war | Here's what the Federal Reserve's third 75 basis point interest rate hike means for you | Putin mobilizes 300,000 troops for war in Ukraine and warns he's not bluffing with nuclear threat | Fed raises rates by another three-quarters of a percentage point, pledges more hikes to fight inflation"
2022-09-22,15033,2,"Swiss central bank hikes interest rates by 75 basis points, bringing them out of negative territory | Gold hits more than 2-year low on dollar strength, Fed concerns"
2022-09-23,15035,2,Putin's 'incredibly dangerous' nuclear threats raise the risk of an unprecedented disaster | Steve Hanke says the chance of a U.S. recession just shot up to 80%
2022-09-26,15119,3,"The 'real cure' for inflation has gone ignored, Steve Forbes says | Dollar takes a breather even as rate worries dent risk appetites | Bank analysts have two big reasons to be bullish on the Singapore dollar"
2022-09-27,15155,1,Mary Daly says the Fed does not want to tip U.S. economy into downturn
2022-09-28,15243,4,"India's military relationship with Russia isn't going away — it'll 'endure for decades,' analyst says | German tech giant SAP actually benefits from strong dollar and supply chain troubles, CEO says | How Netflix lost its edge over the competition | Sterling rallies for 3rd day after BoE bond buys; U.S. dollar down"
2022-09-29,15247,4,"Australia's house prices fall, interest rates soar but analysts say there's no crash yet | Erdogan says Turkey will keep cutting interest rates, mocks British pound | Jobless claims hit five-month low despite Fed's efforts to slow labor market | Dollar gains on euro after inflation data, sterling falls"
2022-09-30,15232,2,"Fed's key inflation measure climbs 0.6% in August, slightly higher than estimates | Fed's preferred gauge shows inflation accelerated even more than expected in August"
2022-10-03,15293,0,
2022-10-04,15276,0,
2022-10-05,15196,1,Why the ESG vs. GOP war over energy and climate change is going nowhere
2022-10-06,15197,2,U.S. sanctions more Iranian leaders over Mahsa Amini death | Dollar climbs as U.S. jobs report is stronger than expected
2022-10-07,15246,1,New cars are finally back in stock — but Americans might not be able to afford them
2022-10-10,15299,2,Why Silicon Valley is so excited about awkward drawings done by artificial intelligence | U.S. dollar advances as investors look to inflation data this week
2022-10-11,15362,3,"Elon Musk denies report that he talked to Putin recently about Ukraine war | Russia's latest attacks on Ukraine are a 'show of weakness,' says former U.S. ambassador to NATO | Gold gains as U.S. Fed minutes pressure dollar"
2022-10-12,15373,3,"Fed officials expect higher rates to stay in place, meeting minutes show | Microsoft cloud leader Scott Guthrie says companies aren't holding off on cloud spending as inflation mounts | Biden administration may block Russian aluminum imports"
2022-10-13,15357,5,"Oil prices fall more than 3% on recession worries | British pound jumps on reports UK government may reverse parts of its tax-cutting proposals | How Palantir's tech-based patriotism and politics grew into a multi-billion dollar company | How to build an emergency savings fund during an era of inflation | Inflation increased 0.4% in September, more than expected despite rate hikes"
2022-10-14,15390,1,Europe is still quietly importing Russian nuclear energy
2022-10-17,15480,2,"Utah's cookie war heats up in court – and on social media | Sunflowers, war and drought: Why the price of margarine and butter spiked 32%"
2022-10-18,15469,0,
2022-10-19,15491,0,
2022-10-20,15579,4,"Japanese yen hits 150 against the U.S. dollar, weakest levels not seen since August 1990 | Musk says Tesla expects to meet Inflation Reduction Act requirements for new tax credits on EVs | Tractor Supply CEO Hal Lawton: Consumers are feeling the weight of inflation | Turkey slashes interest rates by 150 basis points despite inflation at 83%"
2022-10-21,15610,2,How Lululemon built a multibillion-dollar athletic wear empire | U.S. Defense secretary speaks with Russian counterpart as war in Ukraine enters ninth month
2022-10-24,15590,2,"Japan reportedly intervened, buying yen in foreign exchange market late Friday | Russia hits Ukraine homes, evacuates Kherson, warns of escalation"
2022-10-25,15616,3,"Jim Cramer says the U.S. dollar’s decline helped drive Tuesday’s market gains | 'Mr. Yen' says the currency could plunge further — and 170 per dollar is 'well on the scope' | Dollar sags as Fed seen tilting less hawkish, euro back above parity"
2022-10-26,15596,3,"Gold prices edge down after dollar's rebound | The talent war is over. Talent won, says PwC U.S. chairman Tim Ryan | Chinese state banks sold dollars to support yuan late on Tuesday: Reuters, citing sources"
2022-10-27,15573,0,
2022-10-28,15542,0,
2022-10-31,15596,3,EU urges Russia to revoke Ukraine Black Sea grain deal suspension | Oil up nearly 2% as weaker dollar offsets China concerns | Biden threatens higher taxes on oil companies if they do not work to lower gas prices
2022-11-01,15647,3,How Congress and corporations can help stop inflation | Dollar slips after Fed seen tilting dovish following statement | 'Nearly risk-free' I bonds now pay 6.89%—here's why they 'could still be a good investment'
2022-11-02,15652,3,The Fed announces 4th consecutive 'jumbo' interest rate hike of 75 basis points—here are 4 things that will be more expensive | Fed approves 0.75-point hike to take rates to highest since 2008 and hints at change in policy ahead | Here's what the Federal Reserve's fourth 0.75 percentage point interest rate hike means for you
2022-11-03,15681,5,"Bank of England raises its benchmark rate by 75 basis points, its biggest hike in 33 years | British pound slides after Bank of England recession warning | Dollar tumbles as U.S. nonfarm payrolls show mixed picture | Watch CNBC's full interview with real estate billionaire Sam Zell on interest rates, inflation and more | Turkey's inflation tops 85% as Erdogan continues to rule out interest rate hikes"
2022-11-04,15736,2,Opinion: Ron Baron explains his investing philosophy with goal of doubling his money every 5 to 6 years | Retailers have a new holiday headache — people are spending their money on travel
2022-11-07,15692,2,"Iran says it shipped drones to Russia before Ukraine war | Two things are driving U.S. dollar strength in the near term, says JPMorgan"
2022-11-08,15684,1,"We're not 'inflation nutters,' top Bank of England economist says"
2022-11-09,15654,1,"Voters approve higher minimum wage in Nebraska and Washington, D.C. Votes still being tallied in Nevada"
2022-11-10,15701,2,Dollar plunges as U.S. inflation data spurs exodus from crowded trade | Cathie Wood's ARK Innovation ETF surges 14% for its best day ever
2022-11-11,15493,3,"Biden, slamming Putin's weaponization of fossil fuels, outlines new climate funding pledges | Dollar set for biggest two-day fall since 2009 as rate outlook shifts | Iran's drones are unlikely to help Russia win in Ukraine — and could backfire for Tehran"
2022-11-14,15499,4,Here are the three big issues facing Ukraine as a tough winter approaches | Ukraine works to stabilize Kherson after Russian pullout | Dollar loses ground after economic data boosts risk appetite | These currencies have tanked this year — and one is down over 75% against the dollar
2022-11-15,15564,0,
2022-11-16,15610,3,UK inflation hits 41-year high of 11.1% as food and energy prices continue to soar | Pentagon says Moscow's deliberate targeting of Ukrainian energy grids is a war crime | Fed's Waller says he's open to a half-point rate hike at December meeting
2022-11-17,15687,2,"After ASEAN and G-20, diplomats make last push on Ukraine crisis at APEC | Dollar up slightly with investors eying year-end, Fed path"
2022-11-18,15692,1,Fed's Collins expresses hope that inflation can be tamed without hitting jobs
2022-11-21,15707,1,Dollar retreats as investors tiptoe back into riskier currencies
2022-11-22,15716,2,"Dollar down as Fed minutes, U.S. data weighs | Singapore projects GDP growth to ease in 2023 amid global slowdown"
2022-11-23,15700,3,"Fed officials see smaller rate hikes coming 'soon,' minutes show | China's Baidu says it expects 'limited' impact from U.S. chip curbs | UN report details horrifying Ukrainian accounts of abuse and torture in Russian prisons"
2022-11-24,15647,2,Gold flat as dollar rises | Dollar edges higher in range-bound holiday markets
2022-11-25,15668,3,"Amid persistent inflation, cash-strapped consumers are tipping less | Inflation is coming down. Here's what that means for your annual pay raise | Putin's supporters call for the liquidation of Ukraine as 'genocidal rhetoric' swells"
2022-11-28,15729,1,Ukraine remembers Stalin-era famine as Russia war rages
2022-11-29,15737,2,Alabama man charged in alleged scheme to violate U.S. sanctions on Iran | UK airline easyJet says holiday demand holding up
2022-11-30,15742,3,"Fed Chair Powell says smaller interest rate hikes could start in December | Trenches, mud and death: One Ukrainian battlefield looks like something out of World War I | Transitory inflation talk is back. But economists say higher prices are here to stay"
2022-12-01,15617,3,Economist Austan Goolsbee named next Chicago Fed president | Russian oil sanctions are about to kick in. And they could disrupt markets in a big way | Fed hikes and a stronger dollar are fueling risks of political instability in Africa
2022-12-02,15429,2,"Singapore and New York are the most expensive cities to live in, EIU says | Gold retreats from near 4-month peak on positive U.S. jobs data"
2022-12-05,15409,3,OPEC+ agrees to stick to its existing policy of reducing oil production ahead of Russia sanctions | Gold little changed as market ponders over Fed rate path | Dollar little changed after previous day's jump; investors look to Fed next week
2022-12-06,15576,2,Jamie Dimon says inflation eroding consumer wealth may cause recession next year | Dollar falls against major currencies amid economy concerns; yuan strengthens
2022-12-07,15619,0,
2022-12-08,15624,1,Russia's Ukraine onslaught shows zero signs of a winter lull as conflict rages
2022-12-09,15587,1,Huawei licenses 5G patents to rival as U.S. sanctions force the Chinese giant to seek new revenue
2022-12-12,15642,3,"Russian attacks grind on in eastern Ukraine as Bakhmut is 'destroyed' | New York Fed consumer expectation survey shows 1-year inflation decline | Russia's strategy of bombing Ukraine 'into being ready to talk' isn't working, former ambassador says"
2022-12-13,15661,2,"Consumer prices rose less than expected in November, up 7.1% from a year ago | Coinbase debtholders sweat as bonds trade near 50 cents on the dollar following FTX collapse"
2022-12-14,15619,5,"Here’s what the Federal Reserve’s half-point rate hike means for you | Fed raises interest rates half a point to highest level in 15 years | European Central Bank set for 50 basis point rate hike on hopes that inflation has peaked | For most American businesses, new Fed rate means loans now start at 10%-plus interest | The Fed expects more rate hikes, despite a smaller 50 basis point increase: 'We still have a long way to go'"
2022-12-15,15630,1,East Coast ports including New York are winning a domestic trade war at the expense of California
2022-12-16,15617,3,"Russian central bank holds key rate at 7.5%, warns inflation risks are 'prevailing' | U.S. dollar gains as risk tolerance drops with hawkish central banks | EU threatens Elon Musk with sanctions after Twitter's suspension of journalists"
2022-12-19,15621,3,"It's time for a negotiated peace in Ukraine, Kissinger says | Dollar slips vs euro on upbeat German business morale data | Jim Cramer says to trust Jerome Powell's 'winning hand' against inflation"
2022-12-20,15608,1,Yen surges after surprise BOJ policy change
2022-12-21,15601,1,Palantir lands 75 million pound deal with British military
2022-12-22,15594,3,"Gold drops more than 1% after U.S. data lifts dollar, prolonged Fed hike hopes | How the Federal Reserve affected 2022's stock market | Gold at $4,000? Analysts share their 2023 outlook as inflation, recession fears linger"
2022-12-23,15605,2,Why everyone thinks a recession is coming in 2023 | Russia says 'quite old' U.S. Patriot missiles in Ukraine won't stand in its way
2022-12-26,15636,4,U.S. House approves Ukraine aid including arms after Zelenskyy visit | Putin claims Russia ready to negotiate over Ukraine; Kyiv says Moscow doesn't want talks | Three killed in second attack on Engels base deep inside Russia | Katie Hobbs seeks sanctions against Kari Lake after Arizona judge dismisses election challenge lawsuit
2022-12-27,15659,1,Dollar edges to one-week high vs yen amid spike in Treasury yields
2022-12-28,15703,1,"Dow headed back below 30,000, slim chance of soft landing for economy in 2023: CNBC CFO survey"
2022-12-29,15731,2,VanEck is winding down its Russia ETFs after invasion froze U.S. investing in Moscow | European natural gas prices return to pre-Ukraine war levels
2022-12-30,15592,3,"U.S. dollar down, still set for best year since 2015 | Treasury yields rise slightly on final day of 2022, 10-year yield ends year below 4% | Money managers are hopeful about the stock market in 2023. How they plan to invest"
2023-01-02,15572,1,"Bombardment, air raid sirens mark Ukraine's start to the New Year"
2023-01-03,15590,3,"Gold surges to 6-month high, and analysts expect records in 2023 | Jim Cramer predicts these 10 Dow stocks will perform well in 2023 | Gold hovers near mid-June highs after Fed minutes"
2023-01-04,15615,2,"Where to keep your cash amid high inflation and rising interest rates: It's 'a little tricky,' says expert | Fed officials see higher rates for 'some time' ahead"
2023-01-05,15610,1,Dollar jumps on strong employment data
2023-01-06,15635,3,"Treasury yields fall after economic reports signal inflation may be cooling | Nonfarm payrolls rose 223,000 in December, as strong jobs market tops expectations | U.S. slaps Iran with another round of sanctions over drones used in Russia's war on Ukraine"
2023-01-09,15574,1,Cox: Investing in the healthcare sector is a way to overcome the strong dollar
2023-01-10,15589,5,"Gold off 8-month highs as markets brace for inflation data | Oil gains 3% on global economic optimism, despite surprise U.S. crude build | Fed's Bowman says there's 'a lot more work to do' to bring down inflation | Oil edges higher as petroleum demand set to touch record next year | Powell says Fed might have to make unpopular decisions to stabilize prices"
2023-01-11,15527,0,
2023-01-12,15366,2,"Dollar wobbles as U.S. inflation fuels hopes of slower Fed rate path | A stablecoin collapse could spill into the U.S. bond market and economy, professor warns"
2023-01-13,15177,2,Wharton's Jeremy Siegel says the U.S. has 'really solved the inflation problem' | Insana says the case is clear that inflation is over
2023-01-16,15019,1,Yen tests seven-month high ahead of BOJ policy decision; dollar wobbles
2023-01-17,15154,2,"World must abandon Cold War mentality, China's vice premier tells Davos | Oil prices settle higher on hopes of China demand rebound"
2023-01-18,15137,2,The threat of a transatlantic trade war is dominating Davos | Federal Reserve Chairman Jerome Powell tests positive for Covid
2023-01-19,15113,0,
2023-01-20,15121,0,
2023-01-24,14930,0,
2023-01-25,14958,2,How Tesla's price cuts could spur an EV pricing war | How the dollar's sharp reversal could be an unexpected positive for these companies
2023-01-26,14964,3,"Inflation has peaked, says Tractor Supply CEO Hal Lawton | Dollar steady as central banks take central stage | Russian paramilitary firm Wagner Group sanctioned by U.S. for alleged ongoing criminal activity"
2023-01-27,14978,3,The U.S. dollar may hold the key to whether this market rally can last | Investing Club mailbag: Why kill jobs and wreck portfolios to beat inflation? | Key Fed inflation measure eased in December while consumer spending also declined
2023-01-30,14979,1,The Federal Reserve is likely to hike interest rates again. What that means for you
2023-01-31,14992,2,"Why the case is growing for a Federal Reserve interest rate cut before year end | New York AG will seek sanctions on Trump, lawyers over 'false' court filings in fraud suit"
2023-02-01,14991,4,"Here's what the Federal Reserve's 25 basis point interest rate hike means for your money | Jim Cramer says investors need to have conviction and take advantage of ‘mistaken selling’ | Russia has committed more than 65,000 war crimes in Ukraine, prosecutor general says | Australia will replace Queen Elizabeth's image on 5-dollar banknote"
2023-02-02,14868,1,The U.S. Fed's smaller rate hike brings dollar strength closer to its end
2023-02-03,14898,2,"Sanctions on Russian crude oil have 'failed completely,' oil analyst says | Europe is set to ramp up its oil war against Russia — and markets are bracing for more disruption"
2023-02-06,15055,2,Dozens of soldiers freed in Russia-Ukraine prisoner swap | Oil rises 1% in choppy trade on China demand hopes
2023-02-07,15139,1,"Fed's Neel Kashkari says central bank has not made enough progress, keeping his rate outlook"
2023-02-08,15122,1,Fed Governor Christopher Waller warns that interest rates could go higher than expectations
2023-02-09,15120,2,"Inflation Reduction Act is a positive because it supports green tech, Siemens CEO says | Jim Cramer says price stability is right around the corner"
2023-02-10,15140,2,How to stop inflation from breaking your heart this Valentine's Day | U.S. sanctions six Chinese tech companies for supporting spy balloon programs
2023-02-13,15216,4,"Ukraine holds defense as battles rage in Donetsk region, top commander says | A big bang or a grinding assault? What to expect from Russia's new offensive in Ukraine | Gold prices slip as U.S. inflation test looms | There’s a new inflation warning for consumers coming from the supply chain"
2023-02-14,15168,2,"Here's the breakdown of the inflation report for January — in one chart | Russian forces have relocated at least 6,000 Ukrainian children to camps since start of war, new report says"
2023-02-15,15194,2,Russia's budget deficit has surged. But economists say Moscow won't drain its war chest any time soon | Dollar rises to six-week peak as strong U.S. retail sales bolster higher-rates scenario
2023-02-16,15176,2,"China sanctions Lockheed Martin, Raytheon for selling weapons to Taiwan | Amid persistent inflation, 54% of Americans are using savings to pay for everyday expenses"
2023-02-17,15199,2,"World to face wars over food and water without climate action, EU green deal chief says | Soros: A Ukrainian victory would mean Russia no longer poses a threat to Europe or the world"
2023-02-20,15168,5,"The SEC has a stablecoin firm in its sights — and it could shake up the whole $137 billion market | Gold dips on firm dollar and yields, markets turn to U.S. data | Dollar steady as robust U.S. data keep Fed hawks in control | The curious history of the Federal Reserve's 2% inflation targeting, explained | One year on, Russia's war in Ukraine ramps up fears over Europe's next security 'soft spot'"
2023-02-21,15179,2,Walmart and Home Depot are getting ready for a consumer slowdown | 'They started the war': Russia's Putin blames West and Ukraine for provoking conflict
2023-02-22,15218,0,
2023-02-23,15187,1,Gold hits 2-month low as Fed rates seen higher for longer
2023-02-24,15216,6,"Fed Governor Philip Jefferson: High inflation may come down only slowly | Jim Cramer's Investing Club meeting Friday: Hot inflation, Nvidia, earnings on deck | US dollar surges to seven-week highs after strong inflation data | 'I really want to go back to fight:' A wounded Ukrainian soldier reflects on his recovery | Haunting photos show a year of Russia's war in Ukraine | U.S. unveils $2 billion in Ukraine aid, new sanctions as G-7 countries push to punish Russia for a year of war"
2023-02-27,15274,5,"Putin casts war in Ukraine as a battle for Russia's survival | Putin is too confident he can grind down Ukraine, CIA director says | Dollar-yen could reach 140 level within the next two months: Asset management firm | Gold gains as dollar rally cools, but rate-hike fears linger | Dollar edges higher, headed for 1st monthly gain since September"
2023-02-28,15240,0,
2023-03-01,15250,2,What could Chinese artillery and ammo mean for Putin's war in Ukraine? | David Einhorn says investors should be 'bearish on stocks and bullish on inflation'
2023-03-02,15273,2,"At least 20 torture centers in Kherson were directly financed by the Kremlin, international lawyers say in a new report | Bangladesh urges G-20 to force companies making profit from Ukraine war to compensate poor nations"
2023-03-03,15306,3,"The Russia-Ukraine war remapped the world's energy supplies, putting the U.S. at the top for years to come | Consumers are still 'cost-cautious' as inflation persists, analyst says | U.S. intel on China considering lethal aid for Putin's war was gleaned from Russian officials"
2023-03-06,15301,5,"Russia close to encircling Ukraine's Bakhmut after months of fighting | Indonesia's inflation to stay above 5% in first half of 2023, central bank chief says | For women's sports, the media buys are becoming a big deal | Fed's Powell heads to Capitol Hill this week, and he's going to have his hands full | Saudi Arabia drops $5 billion in Turkey's central bank to help its struggling economy"
2023-03-07,15359,1,Fed Chair Powell says interest rates are 'likely to be higher' than previously anticipated
2023-03-08,15451,1,Gold ticks higher as Powell-powered dollar rally cools
2023-03-09,15438,2,February is expected to have been a strong month for hiring and wage growth | Dollar dips as jobless claims rise more than expected
2023-03-10,15468,2,"France and UK hail a 'new beginning' to post-Brexit era, agree measures to tackle Channel crossings | Dollar weakens after U.S. jobs data suggests slower rate hike path"
2023-03-13,15374,4,"Stablecoin USDC breaks dollar peg after firm reveals it has $3.3 billion in SVB exposure | Stablecoin USDC nearly regains $1 peg after Circle says $3.3 billion held with SVB will be available | Oil falls to nine-week low on inflation worries, U.S. bank shutdowns | Dollar little changed as U.S. inflation data poses quandary for Fed"
2023-03-14,15380,4,"Inflation drops to 6%, but housing costs remain high—and the Fed is still watching 'supercore' inflation | Carl Icahn says our economy is breaking because of inflation and poor corporate leadership | Inflation gauge increased 0.4% in February, as expected and up 6% from a year ago | Dollar gains in safe-haven buying as Credit Suisse sparks wider banking fears"
2023-03-15,15365,1,"Power cuts, war, and hybrid cars are predicted to cause a platinum price surge in 2023"
2023-03-16,15418,1,"One year after the first rate hike, the Fed stands at policy crossroads"
2023-03-17,15364,3,"International Criminal Court issues arrest warrant for Russian President Vladimir Putin over alleged Ukraine war crimes | Fed poised to approve quarter-point rate hike this week, despite market turmoil | Volkswagen joins China price war as new emissions rule looms"
2023-03-20,15372,2,Putin makes surprise trip to Russian-occupied Mariupol in wake of ICC warrant | Kelly Evans: Deflation--not hyperinflation--is the real risk here
2023-03-21,15349,2,"The Fed may be about to make a big mistake on rates, survey says | Nothing comes for free: What China hopes to gain in return for helping Russia"
2023-03-24,15189,6,"The Fed is expected to raise interest rates, despite recent banking turmoil: 'This will be a game-time decision' | Euro pushes higher as ECB chief Lagarde says inflation is still too high | Fed hikes rates by a quarter percentage point, indicates increases are near an end | The Fed announces ninth-straight interest rate hike of 25 basis points—here's what will get more expensive | Gold climbs as Fed hints at rate-hike pause | Estonia says China's peace plan to end Ukraine's war is 'extremely unfair'"
2023-03-27,15174,2,Putin ally proposes banning ICC in Russia | Huawei reportedly says it has developed domestic chip design tools despite U.S. sanctions
2023-03-28,15088,2,"Killer drones and multi-billion dollar deals: Turkey's rapidly-growing defense industry is boosting its global clout | Google's failure to preserve employee messages in Epic antitrust case merits sanctions, judge says"
2023-03-29,15094,1,"Amid inflation, nearly half of parents financially support their adult children, but 'it has to go both ways,' economist warns"
2023-03-30,15062,2,Wells Fargo to pay $97 million for sanctions compliance failures | 'It's not a pretty picture': Russia's support is growing in the developing world
2023-03-31,14977,3,"Huawei reports biggest profit decline ever as U.S. sanctions, pandemic controls hit Chinese giant | Key Fed inflation gauge rose 0.3% in February, less than expected | 'Nationalizing bond markets' left central banks unprepared for inflation, top HSBC economist says"
2023-04-03,14990,6,Chaplains made part of Ukraine's military as war drags on | Ukrainian official offers a plan Kyiv would take after it reclaims control of Crimea from Russia | Dollar slides after weak U.S. economic data; impact of OPEC+ cuts fades | OPEC+ just made the Fed's job more complicated. Here's what it did — and what could be next | Bomb kills Russian pro-war blogger in St. Petersburg café | Just 22% of savers are earning 3% or more on their cash. Here’s how to find better interest rates
2023-04-04,14913,4,"Egypt's pound is among the worst performing currencies in 2023. And it's expected to plummet further | Federal Reserve's Mester says rate target will need to go over 5% | Gold races past $2,000/oz after weaker U.S. data | Bill Gates' daughter reportedly paid $51 million for this NYC penthouse—it comes with 3,400 square feet of outdoor space"
2023-04-05,14933,2,Criminal marketplace Genesis seized by FBI in larger fight against state-backed cybercrime | Inflation's inventory gluts are here to stay and will hit the bottom line in weaker economy: CNBC Supply Chain Survey
2023-04-06,14943,4,"Malaysia is back on investors' radar and wants to work with U.S. and China, says trade minister | Dollar dips against most currencies ahead of US nonfarm payrolls | China imposes further sanctions on Taiwan's U.S. representative | France's Macron, EU chief call on China to mediate in Ukraine war"
2023-04-10,14905,4,"Why it's possible to have too much employment in the U.S. | Dollar gains on Fed rate hike bets, yen dips on Ueda comments | 10-year Treasury yield rises as traders await key inflation data this week | Dollar rises ahead of inflation data later this week"
2023-04-11,14888,3,"Dollar-yen could be at 120 by the end of the year, Standard Chartered says | Oil rises 2% on lower-than-expected US inflation data | With inflation stubbornly high, 58% of Americans are living paycheck to paycheck: CNBC survey"
2023-04-12,14866,4,"Restaurant prices are rising faster than grocery prices for the first time since inflation ran hot | Inflation rises just 0.1% in March and 5% from a year ago as Fed rate hikes take hold | The Fed's efforts to fight housing inflation by hiking interest rates has backfired, Cramer says | The lower inflation trade: History shows these stocks could win from the latest CPI report"
2023-04-13,14792,5,"U.S. jobless claims rise but remain at historically low levels | The yen could reach 120 per dollar, up 20% from October's peak | Dollar bounces off one-year low, weak retail sales not as bad as feared | EU will issue fresh wave of sanctions to stop Russia reinventing their war machine, official says | UK economy flat in February as strikes and inflation bite — and the IMF delivers reality check"
2023-04-14,14666,1,"Larry Fink doesn't see a big recession this year, but expects inflation to stay higher for longer"
2023-04-17,14773,3,Yellen says U.S. banks may tighten lending and negate need for more Fed rate hikes | These Asia-Pacific central banks have paused rates for now. Who could be first to cut? | The chip industry's open secret: Adversaries' military tech relies on U.S. components
2023-04-18,14855,3,"Fed's Bostic sees one more quarter-point rate hike, then a hold 'for quite some time' | Fed Governor Bowman casts doubt on the need for a U.S. digital dollar | Public pessimism on the economy hits a new high, CNBC survey shows"
2023-04-26,14882,16,"UK inflation rate surprises again with March figure holding above 10% | Supreme Court says Halkbank not immune from U.S. prosecution for Iran sanctions violations under FSIA | Treasury yields rise on global inflation concerns after another hot reading in the U.K. | Ukraine’s corn and wheat exports are set to plummet. Here’s what that means for the world's food supply | US dollar slips as investors price in end of rate-hike cycle | UK inflation is just not going down as cost of living crisis offers 'no respite' | Data company Palantir to help Ukraine prosecute alleged Russian war crimes | Russian race-car driver heads to Federal Court over Canadian sanctions | Ukrainian troop positions spark counteroffensive speculation | Morocco is doing the right thing to bring down inflation, finance minister says | Calls to move away from the U.S. dollar are growing — but the greenback is still king | Be ‘a real man,’ Russia tells potential recruits as it looks to bolster armed forces | Russia's foreign minister comes to the United Nations as Moscow faces war crimes accusations | Dollar weakens on further signs of slowdown, euro rebounds | Sweden's Riksbank raises rate to 3.50%, says nearly done with hikes | US dollar edges higher as GDP, jobless claims affirm rate hike bets"
2023-04-27,14751,5,"Gold dips as rate hike bets hold despite weak data, dollar gains | Recession risk and inflation fears creating 'a huge amount of confusion' for investors, strategist says | Inflation in Sri Lanka is coming down but it's still 'hard on the people,' says opposition MP | U.S. dollar firms as inflation data backs Fed hike; yen plunges | China just called Ukraine for the first time in the war. The timing wasn't accidental, analysts say"
2023-04-28,14661,4,"Series I bond rates fall to 4.3% amid cooling inflation | Euro zone economy ekes out 0.1% growth in first quarter, misses expectations as Germany stagnates | Fed report on SVB collapse faults bank's managers — and central bank regulators | Ukraine should use China as leverage to help win the war with Russia, minister says"
2023-05-02,14703,3,"The Federal Reserve is expected to hike rates one more time. What that means for you | Series I bonds still 'attractive for longer-term investors' as annual rate falls to 4.3%, expert says | Australia unexpectedly hikes rates, hints at more tightening ahead"
2023-05-03,14706,3,Here's what to expect from today's Federal Reserve announcement | Here's how the Federal Reserve's latest quarter-point interest rate hike impacts your money | Fed increases rates a quarter point and signals a potential end to hikes
2023-05-04,14632,1,"Dollar gains, euro dips after cautious ECB"
2023-05-05,14674,0,
2023-05-08,14709,1,These states might be the next to legalize weed
2023-05-09,14757,2,Russia’s Victory Day in pictures: Putin watches on during scaled-back parade | Fed's John Williams says rates could be increased if inflation doesn't come down
2023-05-10,14746,2,"Here's the best time to redeem Series I bonds to maximize your interest | Inflation rate eases to 4.9% in April, less than expectations"
2023-05-11,14722,1,Jamie Dimon warns panic will overtake markets as U.S. approaches debt default
2023-05-12,14752,2,Dollar notches biggest weekly rise since February | Russian diamonds could soon be sanctioned — potentially disrupting the global jewelry market
2023-05-15,14812,1,Banks have tripled what they pay you to save—here's how to take advantage
2023-05-16,14810,1,Elon Musk says the Fed will be too slow to lower interest rates again
2023-05-17,14875,0,
2023-05-19,14936,7,"Bank of England governor says the UK is facing a wage-price spiral | As G-7 Summit kicks off in Hiroshima, China and Russia are on everyone’s minds | Dallas Fed President Logan says current data doesn't justify pausing rate hikes yet | Russia's military has adapted and is now a more formidable enemy for Ukraine, defense analysts say | Watch Fed Chairman Jerome Powell speak live on monetary policy | Fed Chair Powell says rates may not have to rise as much as expected to curb inflation | Turkey's Erdogan touts 'special relationship' with Putin, stands by his refusal to impose sanctions"
2023-05-22,14897,1,An exiled mayor in Ukraine vows to rebuild his city after Russia's reign of destruction
2023-05-23,14878,3,"The Pre-Markets Rundown: May 23, 2023 | Former Fed Chair Ben Bernanke says there's more work ahead to control inflation | Dollar higher as U.S. debt ceiling concerns keep traders nervous"
2023-05-24,14905,2,"The West’s oil war against Russia is starting to lose momentum | Dollar gains on resilient U.S. economy, flight to safety"
2023-05-25,14952,2,"Call to ‘Buy Japan’ is premature, say Bank of America analysts | As back-to-school, holiday orders begin, this is what may be the new 'normal' in peak retail trade season"
2023-05-26,14959,1,"Indian banks are among those in the best shape, says asset management firm"
2023-05-29,14973,2,Turkey’s lira sinks to fresh record low after Erdogan re-election | Turkish lira continues slide to new record lows following Erdogan's election victory
2023-05-30,14969,3,"Nvidia crosses into $1 trillion market cap before giving back gains | A.I. poses human extinction risk on par with nuclear war, Sam Altman and other tech leaders warn | ChatGPT cited 'bogus' cases for a New York federal court filing. The attorneys involved may face sanctions."
2023-05-31,15003,0,
2023-06-05,14888,7,"How inflation and higher interest rates have reshaped car buying for many Americans | Firms are bringing production back home because of the Ukraine war, China's slowdown — and TikTok | Wage hikes may have been a key driver of inflation. They may now be fueling mass layoffs | China's Corporate Spy War | Dollar jumps after surprise boost in May payrolls | The top stress for workers is finances, and it's spreading to $100,000 jobs | Japan's yen is weakening again, prompting talk of another intervention worth billions of dollars"
2023-06-06,14839,0,
2023-06-07,14875,2,"These economies benefited from Russia's isolation — but they now risk Western retaliation | U.S.-China chip war could hurt South Korea's tech giants — but not for long, Fitch says"
2023-06-08,14903,1,China's producer prices plunge the most in seven years as deflation hangs over economy
2023-06-09,14853,2,"Dollar gains before Fed meeting, inflation data | Tech leaders are calling for an A.I. pause because they have no product ready, Palantir CEO says"
2023-06-12,14874,1,"US dollar inches higher ahead of inflation data, Fed rate decision"
2023-06-13,14868,3,"Why the Federal Reserve's dual mandate may seem impossible | Inflation rose at a 4% annual rate in May, the lowest in 2 years | Inflation dropped to 4% in May—but the 'biggest risk' is that core prices will remain sticky"
2023-06-14,14895,6,"Here's how the Federal Reserve's pause in interest rate hikes affects your money | Fed holds off on rate hike, but says two more are coming later this year | Here's everything the Federal Reserve is expected to do Wednesday | The Fed forecasts two more hikes in 2023, taking rates as high as 5.6% | Jim Cramer sees a narrowing market ahead, following Fed's rate-hike pause | Turkey's Erdogan says he agrees to monetary policy turnaround under new Finance Minister Simsek"
2023-06-15,14943,3,"Bank of Japan leaves rates unchanged, holding them at ultra low levels | CNBC DOCUMENTARIES: “CHINA’S CORPORATE SPY WAR” PREMIERES WEDNESDAY, JUNE 21 AT 10PM ET | Ukraine's counteroffensive has been underwhelming so far — but it's low key for a reason"
2023-06-16,14945,1,'A war for water': Europe sounds the alarm on water stress ahead of another extreme summer
2023-06-19,14994,1,"Op-ed: In battle with activist Jana Partners, Freshpet unleashes the dogs of war"
2023-06-20,15040,0,
2023-06-21,14982,3,Inside China's spy war on American corporations | Dollar dips as Powell testimony disappoints hawks | Listen to the music play: Fed Chair Jerome Powell admits to being a Deadhead
2023-06-22,14918,4,"Norway central bank raises rate to 15-year high, with more to come | Turkey’s central bank hikes interest rate to 15% in dramatic U-turn to fight inflation | Retailers Shein and Temu violate U.S. tariff law and evade human rights reviews on imports, House report says | Bank of England surprises with 50 basis point rate hike to tackle persistent inflation"
2023-06-23,14998,0,
2023-06-26,15026,3,Corporate bankruptcies and defaults are surging – here's why | How Wagner's short-lived revolt could shape the direction of Russia's war in Ukraine | Dollar pulls back from 15-month high vs ruble as Russia assessed
2023-06-27,15000,0,
2023-07-03,15034,11,"Watch Fed Chair Jerome Powell speak live at a policy forum in Portugal | ECB chief economist: It will take years for ECB to reach inflation target | Asia pushes back on 'excessive' currency moves amid enduring dollar strength | Powell says more 'restriction' is coming, including possibility of hikes at consecutive meetings | China will lose the high-tech war but win the low-tech one, says strategist | Dollar index hits two-week high after data; yen remains soft | More bullish on Dow, but not on a soft landing for economy: CNBC CFO survey | International Monetary Fund agrees on crucial $3 billion bailout to Pakistan | What next for Wagner? Russia’s Putin battles to regain control after short-lived revolt | Key Fed inflation measure shows prices rose just 0.3% in May | China slaps export curbs on chipmaking metals in tech war warning to U.S., Europe"
2023-07-04,15018,2,"Australia's central bank leaves its key rate unchanged, says inflation 'passed its peak' | Britain is now the only major economy where inflation is still rising"
2023-07-05,15013,3,"Fed sees more rate hikes ahead, but at a slower pace, meeting minutes show | Singapore growth outlook uncertain, fight against inflation still on, says central bank | Gold slips as US dollar, yields rise after Fed minutes"
2023-07-06,15062,2,DeSantis-Disney culture war in Florida is not hurting business yet | Dollar eases after strong labor market reports
2023-07-07,15136,1,Fed's Goolsbee sees 'golden path' to lower inflation without a recession
2023-07-10,15192,2,"Republican presidential candidate Doug Burgum says he does not want to engage in 'every culture war topic' | Central banks in Asia could soon diverge from the Fed, Nomura says"
2023-07-11,15162,1,"Putin went to war for 'less NATO,' military alliance chief says — and that's backfired"
2023-07-12,15084,5,"Inflation rose just 0.2% in June, less than expected as consumers get a break from price increases | Oil prices up, hit nearly 3-month high as US inflation eases | Biden's Federal Reserve Board nominees clear key Senate committee | Here's the inflation breakdown for June, in one chart | China's exports record biggest decline in more than 3 years"
2023-07-13,14978,3,"St. Louis Fed President Bullard says he's stepping down in August | What cooling inflation means for your Series I bonds | Inflation is 'history' for the U.S, says veteran economist Steve Hanke"
2023-07-14,14945,1,"Singapore's gig workers are its most financially stretched group, DBS study says"
2023-07-17,15007,1,Home advantage? Why investors may want to avoid the international trade
2023-07-18,14994,1,Dollar gains as pound tumbles on cooling UK inflation
2023-07-20,14991,4,"The first bull market slayer is inflation, says Jim Cramer | Yen slides, dollar gains as BOJ seen maintaining loose policy | Turkey's central bank raises interest rate less than expected, to 17.5% | Why are frozen vegetable prices so high? Blame war, fewer immigrants and California weather, say economists"
2023-07-21,15026,2,"Japan's central bank has been 'wrong footed' on inflation, analyst says | Gold hits 2-month high as dollar struggles on Fed pause views"
2023-07-24,15028,3,"Putin hosts Belarus leader, calls Ukraine's counteroffensive a failure | US dollar flat as market awaits clarity from central banks | A 'momentous week' ahead as the Fed, ECB and Bank of Japan near pivot point"
2023-07-25,15007,1,Smialek: The Fed's path forward hinges on the next few inflation reports
2023-07-26,15032,4,"15 years of low interest rates reshaped the U.S. economy. Here's what's changing as rates stay higher for longer | Singapore's sovereign wealth fund posts robust returns but says inflation remains 'sticky' | Gold rises as U.S. dollar, yields slip after Fed rate hike | Fed approves hike that takes interest rates to highest level in more than 22 years"
2023-07-27,15003,4,"Gold hits 2-week low as upbeat U.S. data lifts dollar, yields | European Central Bank raises rates by a quarter percentage point, says inflation set to remain ‘too high for too long’ | U.S. dollar gains as rate cuts doubts surface | North Korea's Kim Jong Un shows off banned missiles to Russian minister"
2023-07-28,15083,1,Key Fed inflation rate falls to lowest annual level in nearly 2 years
2023-07-31,15092,4,"West Africa threatens force on Niger coup leaders, French Embassy attacked | 61% of Americans say they are living paycheck to paycheck even as inflation cools | Maximilian Hess on Ukraine and the economic war between Russia and the West | Uber likely to win a price war against Lyft, says former Uber exec Emil Michael"
2023-08-01,15117,3,Australia's central bank leaves rates unchanged at 4.1% | Saudi Arabia and Turkey are emerging as the new peace brokers of the Russia-Ukraine war | Israel's Netanyahu rules out civil war as mass protests divide country over judicial reform
2023-08-02,15171,2,U.S. debt downgrade sinks global markets — but economists are not concerned | Veteran banker Jeffrey Schmid picked to lead Kansas City Fed
2023-08-03,15198,2,"China's the top importer of Ukrainian grain, and could save the Black Sea deal | Bank of England governor says cautious approach needed after ‘unwelcome surprises’ in inflation data"
2023-08-04,15168,1,How interest rates impact your money — from savings to mortgages
2023-08-07,15178,4,"Ukraine seeks progress towards peace at Saudi Arabia talks | PayPal's stablecoin is first dollar-backed digital currency from a major U.S. financial institution | Jim Cramer sees more positives than negatives for the market ahead, citing economic growth with little inflation | How sanctioned Western tech is fueling Russia's military"
2023-08-08,15229,2,PayPal is trying to drag its 435 million users into the $120 billion stablecoin market — here's why | Soft landing vs. mild recession: What advisors are telling their clients about the economy
2023-08-09,15206,1,"China hawk says Beijing could attack Taiwan by 2024, bringing ‘war to the West’"
2023-08-10,15204,3,"Interest rates should stay around 5% for longer — even as inflation falls, top economist Jim O'Neill says | July CPI report shows inflation gauge rose 3.2%, less than expected | Biden embraces July inflation report: 'That's Bidenomics'"
2023-08-11,15225,2,"Stablecoins give the U.S. a way to make the dollar ‘relevant’ again, says Valor Capital's Brooks | How to maximize Series I bond redemptions amid falling inflation"
2023-08-14,15323,2,"Argentina devalues its currency, jacks up interest rates after shock far-right primary win | Dollar falls after stronger-than-expected retail sales data, yuan falls to 9-month low"
2023-08-15,15346,2,"Dollar ticks higher versus yen, China fears drag on yuan | Hindenburg Research targets $4.6 billion Kazakh brokerage for allegedly helping Russian oligarchs evade sanctions"
2023-08-16,15308,3,"Dollar near two-month high, investors eye intervention-zone yen | Fed officials see 'upside risks' to inflation possibly leading to more rate hikes, minutes show | Oil rises as dollar eases, China seeks to soothe economic woes"
2023-08-18,15308,7,"Treasury sanctions Russian FSB operatives in 2020 poisoning of opposition leader Alexei Navalny | Russia's inflation spike sets Kremlin and central bank on collision course | 10-year yield rises to highest level since October 2022 | Safe-haven dollar hovers around 2-month high on China woes, high rates fear | 29-year-old’s self-driving car startup was born in a garage—now it has Bill Gates’ attention and a $1 billion valuation | China's central bank steps up intervention after yuan hits 16-year low against greenback | 4 places to keep your cash as the Federal Reserve weighs a policy shift"
2023-08-21,15329,3,"Russia's first lunar mission in 47 years smashes into the moon in failure | Rice prices soar, fanning fears of food inflation spike in Asia | American workers are demanding almost $80,000 a year to take a new job"
2023-08-22,15326,1,Kelly Evans: What are interest rates REALLY?
2023-08-23,15319,3,"Dollar rises ahead of Jackson Hole, Turkish lira rallies | Oil slips amid caution ahead of Fed Chair remarks | Tornado Cash founders charged with laundering more than $1 billion, including millions for North Korea"
2023-08-24,15253,5,"Britain to host world's first AI safety summit at home of World War II codebreakers | Dollar steady as Fed's Powell says higher rates may be needed | Dollar Tree's shares sink 13%, as CEO says 'challenging' economy is pressuring discounter | Gold little changed as traders brace for Fed's Powell's speech | How 5 companies are using pricing power to protect profits during high inflation"
2023-08-25,15297,3,"De-dollarization still a long way off, Indian minister says after BRICS talk of a common currency | Fed Chair Powell calls inflation 'too high' and warns that 'we are prepared to raise rates further' | Household debt is at an all-time high, but 2008 was still worse, report finds"
2023-08-28,15294,2,"Oil rises 1% on softer dollar, US braces for hurricane hit | 3M board to vote on multibillion-dollar settlement in military earplug litigation"
2023-08-29,15263,0,
2023-08-30,15239,1,Concert resale ticket prices rise 95% from 2019 as consumers face 'funflation'
2023-08-31,15237,4,"Russia and North Korea ‘actively advancing’ in arms talks, U.S. says | 61% of Americans are living paycheck to paycheck — inflation is still squeezing budgets | Fintech giant Wise allowed Russia sanctions target to withdraw money, U.K. government says | Fed's Bostic says U.S. interest rates are high enough"
2023-09-01,15252,2,Russia's Putin says he will soon meet with China President Xi as war in Ukraine drags on | 'Really bad economics': Nobel laureate Joseph Stiglitz explains where the Fed went wrong on inflation
2023-09-04,15247,1,Swimming sets 'strict' rules for individual Russians to return to competition before Paris Olympics
2023-09-05,15260,6,"CNBC Daily Open: Rising oil prices reignite inflation fears | Fed Governor Waller agrees the central bank can 'proceed carefully' on interest rates | India's G20 presidency risks ringing hollow as Ukraine war dashes hopes of consensus | U.S. dollar rises on global growth worries; Aussie down | Christie lets Fed off the hook for inflation, blames Trump and Biden for overspending | Bank of Israel says currency intervention will only be necessary 'if we see market failures'"
2023-09-06,15307,1,"U.S., Brent crude futures fall by $1 a barrel on stronger dollar"
2023-09-07,15334,0,
2023-09-08,15341,0,
2023-09-11,15352,4,Gold firms on dollar dip as US inflation test looms | Western sanctions on Russia could push the BRICS alliance closer | 10-year Treasury yield rises as investors look ahead to key inflation data | Biden says global warming topping 1.5 degrees in the next 10 to 20 years is scarier than nuclear war
2023-09-12,15344,3,"House committee targets crackdown on U.S. investment in Chinese tech, military development | As Putin and Kim Jong Un meet, the West fears what Russia and North Korea are planning | Gold inches lower as dollar strengthens, Fed pause hopes lend support"
2023-09-13,15367,5,"The EU should have ‘isolated’ the Ukraine war, Hungarian foreign minister says | Inflation continues to rise, but 'the year-over-year numbers are pretty meaningless at this point,' says economist—what actually matters | Here's the inflation breakdown for August 2023, in one chart | Dollar steady as U.S. inflation data awaited, yen retraces gains | August core inflation, excluding food and energy, rose 0.3%, hotter than expected"
2023-09-14,15357,2,"European Central Bank hikes rates to record level, hints at possible peak | U.S. to sanction five Turkey-based firms over accusations of Russia support"
2023-09-15,15367,2,"Trump bemoans high interest rates and indicates he might pressure Fed to lower | Gold rises 1% on U.S. dollar weakness, safe-haven demand"
2023-09-18,15373,1,Gold holds tight range with focus on Fed policy meeting
2023-09-19,15381,1,Here's everything the Fed is expected to do Wednesday
2023-09-20,15396,3,Rheinmetall CEO: Conventional war needs conventional weapons | The Fed would be 'flying blind' on interest rate decisions after a government shutdown | Take the Fed forecast with a grain of salt. It has a terrible track record
2023-09-21,15397,6,"Japan warns against post-Fed yen slide | The U.S. dollar just formed a 'golden cross,' which could cause trouble for the rest of the globe | Dollar up as data highlights US economic resilience; yen slumps | Turkey's central bank hikes interest rate to 30% | Zelenskyy makes his case at the U.S. Capitol for more war aid as Republican support softens | Bank of England ends run of 14 straight interest rate hikes after cooler-than-expected inflation"
2023-09-22,15383,1,"Gold ekes out gains as US dollar, yields ease"
2023-09-25,15399,0,
2023-09-26,15464,3,"Fed's Neel Kashkari sees 40% chance of 'meaningfully higher' interest rates | Gold retreats as dollar, yields rise on hawkish Fed | 'We have dealt with recessions before': Jamie Dimon says geopolitics is the world's biggest risk"
2023-09-27,15526,4,10-year Treasury yield reaches level not seen in more than 15 years | Fed's Neel Kashkari isn't sure if interest rates are high enough to stop inflation | Yields on inflation-protected bonds spiked after the Fed’s tough outlook. What’s next for investors | 60% of Americans are still living paycheck to paycheck as inflation hits workers' wages
2023-09-29,15487,8,"BofA reveals the global stocks that tend to outperform when the U.S. dollar rises | Gold slides on hawkish Fed, inflation test looms | How surging trade with China is boosting Russia’s war | Dollar eases from 10-month high but on track for weekly gain | The Fed's favorite inflation indicator rose less than expected in August | Euro zone inflation fell to 4.3% in September, lowest level since October 2021 | A populist leader, sympathetic to Putin's Russia, could be about to win elections in Slovakia | 10-year Treasury yield falls from 15-year high after Fed's preferred inflation gauge eases"
2023-10-02,15519,1,Wharton's Jeremy Siegel says the U.S. economy is 'cooking'
2023-10-03,15600,3,The British pound just had its worst month for a year — and strategists expect a further fall | Russian ruble weakens past symbolic threshold of 100 against the dollar | Kelly Evans: This could be even harder than inflation
2023-10-04,15636,0,
2023-10-05,15601,1,U.S. dollar stumbles as Treasury yields retreat ahead of payrolls data
2023-10-06,15628,0,
2023-10-09,15675,6,"Israel vows 'mighty vengeance' after deadliest day in 50 years following surprise Hamas attack | Dollar gains versus euro as Israel-Palestinian conflict spurs safety bid | Dollar slips on dovish Fed remarks, China hopes help euro | Pentagon pushing U.S. defense industry to bolster Israel in fight against Hamas | Israel-Hamas war causes oil prices to spike. Here's what drivers in the U.S. need to know | Two ways Israel-Hamas war could lead to much higher oil prices"
2023-10-10,15708,4,"Watch live: President Biden addresses Israel-Hamas war as fighting continues | As Israel goes to war, Russia must now decide where its loyalty lies in the Middle East | Europe gives Elon Musk 24 hours to respond about Israel-Hamas war misinformation and violence on X, formerly Twitter | The number of people with at least $100 million has doubled since 2003"
2023-10-11,15710,4,"Fed officials see 'restrictive' policy staying in place until inflation eases, minutes show | Satellite images show the scale of destruction in Gaza as Israel responds to surprise Hamas attack | Biden issues warning to longtime Hamas ally Iran, reiterates support for Israel and Netanyahu | Already a humanitarian crisis, war with Hamas could have major impact on Israel's economy"
2023-10-12,15702,7,"Biden's Saudi-Israel normalization plans appear distant as Israel pounds Gaza in offensive | Europe gives TikTok CEO 24 hours to respond about Israel-Hamas war misinformation | Dollar-General names Todd Vasos CEO, shares pop after the bell | 'We know they're waiting for us': Gaza's tunnels pose deadly challenge for Israeli troops | Getting to 2% inflation won't be easy. This is what will need to happen, and it might not be pretty | Dollar General stock jumps after it brings back former CEO to jolt slowing sales growth | Billboards in Israel were briefly hacked to display pro-Hamas messages as cyberwar ramps up"
2023-10-13,15709,1,Meta says it's stepping up misinformation enforcement during Israel-Hamas war
2023-10-16,15716,3,"Louvre Museum and Versailles Palace evacuated after bomb threats with France on alert | 'A very unique battle': How geography could shape Israel's expected ground offensive in Gaza | U.S. can 'certainly' afford military support to both Israel and Ukraine, Janet Yellen says"
2023-10-17,15718,1,"This currency is now the world’s top performer, after rebounding from record lows"
2023-10-18,15731,2,"Remittances to Mexico near a record but 'super peso' crimps spending power | Fed's Waller says officials can 'wait, watch and see' before acting on interest rates"
2023-10-19,15838,4,"Net worth surged 37% in pandemic era for the typical family, Fed finds — the most on record | Climate protesters disrupt start of Federal Reserve Chair Powell's economic speech | 10-year Treasury yield rises to 5%, the highest level for the key rate in 16 years | Powell says inflation is still too high and lower economic growth is likely needed to bring it down"
2023-10-20,15856,1,Ukraine ally Poland is moving to the political center. And that's bad news for Russia's Putin
2023-10-23,15943,1,"Bill Ackman covers bet against Treasurys, says 'too much risk in the world' to bet against bonds"
2023-10-24,15869,1,"I hope the Israel-Hamas war doesn't become a regional one, DAMAC chairman says"
2023-10-25,15871,2,"Jamie Dimon is right: Economic forecasts have been wrong lately, but that's really nothing new | U.S. likely to tighten sanctions on Iran crude oil amid Israel-Hamas war, RBC's Helima Croft says"
2023-10-26,15933,3,"European Central Bank holds interest rates steady after 10 consecutive hikes | U.S. GDP grew at a 4.9% annual pace in the third quarter, better than expected | In the ultimate irony, Russia's obsession with Ukraine may have weakened its power over its other neighbors"
2023-10-27,15941,0,
2023-10-30,15916,6,"The Israel-Hamas war is affecting the financial outlooks of these large companies | Here's Americans' net worth at every age—for people under 35, it's up 142% | Gold hovers near $2,000 on Middle East risks, focus on Fed | There's a 'radically different' wage growth forecast in 2024, says economist. What that means for you | 2024 will see 'reduced inflation', Erste Group CFO says | Olipop turns $100 thousand investment into multi-million dollar company"
2023-10-31,15897,1,"62% of Americans are still living paycheck to paycheck, making it ‘the main financial lifestyle,’ report finds"
2023-11-01,15946,3,"The Federal Reserve leaves rates unchanged. Here's what that means for your wallet | Israeli ground forces are expanding into Gaza — but operations are deliberately ambiguous, analysts say | Fed holds rates steady, upgrades assessment of economic growth"
2023-11-02,15861,0,
2023-11-03,15771,0,
2023-11-06,15550,0,
2023-11-07,15593,0,
2023-11-08,15629,4,Asia-Pacific will see the biggest jump in real salary next year. Here are the top performers | Russia is turning increasingly hostile toward Israel as it picks sides in the Middle East | Massive surge in the buying of Israel Bonds from the United States | Israeli forces in Gaza turn their focus to Hamas' infamous tunnel system
2023-11-09,15649,1,"Average credit card balances top $6,000, a 10-year high, as delinquencies rise"
2023-11-10,15693,1,"At age 27, this CEO took over his grandfather's outerwear company—now it's worth $1.1 billion"
2023-11-13,15713,3,Dollar slips after hitting one-year high against yen | Charts show a stark difference in the human cost of Israeli-Palestinian conflicts over the years | Growing geopolitical conflicts have some investors feeling guilty about buying defense stocks
2023-11-14,15699,5,"Israel's pavilion at the Dubai Airshow sits empty against backdrop of Gaza war | 'March for Israel' rally to condemn rising antisemitism at D.C.'s National Mall | Inflation was flat in October from the prior month, core CPI hits two-year low | Airlines are feeling the impact of the Israel-Hamas war, with bookings already hit | World economy to perform better than expected in 2024, says Goldman Sachs"
2023-11-15,15503,1,5 things to know before the stock market opens Wednesday
2023-11-16,15595,2,"Dollar posts steep weekly fall, yen trades below 150 | How an F1 spending cap made racing teams more investable"
2023-11-17,15504,2,Ex-Meta staffers see booming business targeting online disinformation after two wars break out | How does the Fed affect mortgage interest rates?
2023-11-20,15419,4,"Poll: Biden’s standing hits new lows amid Israel-Hamas war | Trump-admiring populist Milei wins in Argentina, edging the country closer to a dollarized economy | Jim Chanos, the short seller who called Enron's fall, is converting hedge fund to a family office | Treasury yields fall Monday after strong 20-year notes auction"
2023-11-21,15436,2,"Binance CEO Changpeng Zhao pleads guilty to federal charges, steps down | Republican megadonor Mercer family weighs backing Trump as they maintain massive war chest"
2023-11-22,15584,1,Huawei's smartphone spinoff Honor plans IPO
2023-11-23,15593,0,
2023-11-24,15587,0,
2023-11-27,15527,4,"An Israeli-owned ship was targeted in suspected Iranian attack in Indian Ocean, U.S. official says | Taiwan's presidential election is a three-way race. These are the parties vying to replace Tsai Ing-Wen. | Israel hosts wartime visit by Elon Musk, eyes Starlink for Gaza | Ukraine's push into Russian-occupied territory was bold — but a breakthrough is far from guaranteed"
2023-11-28,15450,2,"Fed's Waller expresses confidence that policy is in the right place to bring down inflation | Donations to Hamas-linked charities spike 70% since Oct. 7 attack, Israeli officials say"
2023-11-29,15384,7,"Henry Kissinger, the towering American diplomat, dies at age 100 | Here are the world's most expensive cities to live in for 2023—Singapore tops the list again | Cramer points to signs the market is broadening beyond the 'Magnificent Seven' | Lightning Round: Vishay Intertechnology is a buy, 'way too cheap', says Jim Cramer | Jamie Dimon says JPMorgan Chase would exit China if ordered to | Americans are 'doom spending' — here's why that's a problem | Fed's Barkin says rate hikes are still on the table if inflation doesn't continue to ease"
2023-11-30,15484,0,
2023-12-01,15524,5,"Gold hits record high on bets for March start to Fed rate cuts | The future of war and AI with Palmer Luckey | Op-ed: With continued geopolitical conflicts, here are defense stocks investors should consider | Israeli bombs batter the Gaza Strip after a week of truce as deal with Hamas lapses | Fed Chair Powell calls talk of cutting rates 'premature' and says more hikes could happen"
2023-12-04,15446,4,"North Korea says interference in its satellites would be declaration of war | David Roche says U.S. inflation won't reach 2% | Gold price hits $2,100 for record high — and analysts don't expect it to stop there | Dollar rises, recouping losses from strengthened Fed rate cut bets"
2023-12-05,15504,0,
2023-12-06,15504,3,"Putin makes rare visits to the UAE, Saudi Arabia to talk strengthened relations, Israel-Hamas war | U.S. crude oil falls below $70 a barrel, closing at the lowest level since June | Yen surges after BOJ hints at policy shift, sending dollar lower"
2023-12-07,15536,0,
2023-12-08,15500,0,
2023-12-11,15614,1,Zelenskyy will meet Biden at the White House amid a stepped-up push for Congress to approve more aid
2023-12-12,15631,3,"Inflation slowed to a 3.1% annual rate in November | You can get a dozen Krispy Kreme donuts for $1—here's how | Fed to start cutting rates midyear in 2024 with high chance of soft landing, CNBC Fed Survey finds"
2023-12-13,15629,3,"Oil rises on U.S. inventory draw, dollar weakness | The Federal Reserve's period of rate hikes may be over. Here's why consumers are still reeling | Fed holds rates steady, indicates three cuts coming in 2024"
2023-12-14,15493,2,"Bank of England leaves policy unchanged, says rates to stay high for 'extended period' | Inflation story is over, says Raymond's Tavis McCourt"
2023-12-15,15503,2,How the escalating U.S.-China tech war could hurt American companies | Fake TikTok accounts spread disinformation on Russia-Ukraine war to millions
2023-12-18,15516,5,"Israel-Qatar meet, raising prospects of Gaza hostage talks | North Korea fires ICBM after condemning U.S. 'war' moves | Israel faces new calls for truce after killing of hostages raises alarm about its conduct in Gaza | Bank of Japan sticks to ultra-easy policy amid 'extremely high' uncertainties; yen tumbles | Transportation Department fines Southwest Airlines $140 million after 2022 holiday meltdown"
2023-12-19,15506,2,"Gold gains as dollar, yields ease and traders eye U.S. economic data | Expect a 'bumpy landing' for the economy in 2024—and a 'very bullish' year for stocks, strategists say"
2023-12-20,15512,3,Dollar eases as safety bid fades; traders eye Friday's U.S. inflation report | Airbnb admits misleading Australian customers by charging in U.S. dollars instead of local currency | Russian billionaire Abramovich denies benefiting from Ukraine war after EU court upholds sanctions
2023-12-21,15533,3,"UN says more than 1 in 4 people in Gaza are starving because of war | 'I am a mother and cannot bring my son home': Thousands of Ukrainian POWs are missing months after capture | There are many hotel booking websites, but one had the best rates this year, data shows"
2023-12-22,15489,0,
2023-12-27,15414,7,"Anti-war challenger Duntsova barred from running against Russia's Putin | Israel pushes for control in northern Gaza as health authorities and the Israeli military report mounting death tolls | Netanyahu vows to fight on in Gaza while Islamic Jihad joins Cairo talks | Israel grants Intel $3.2 billion for new $25 billion chip plant, biggest ever company investment in country | The U.S. avoided a recession in 2023. What’s the outlook for 2024? Here’s what experts are predicting | A 10-year initiative in Boston has helped narrow the gender wage gap by 30% | U.S. dollar heads for first negative year since 2020. Here’s where foreign currencies stand against the greenback"
2023-12-28,15416,4,"Israeli tanks push deep into central Gaza town, air strike kills 20 in south | A slew of new conflicts could erupt in 2024, analysts say — while the world is watching Gaza and Ukraine | Nikki Haley backpedals Civil War comments in which she made no mention of slavery | Dollar sees first yearly loss since 2020"
2023-12-29,15439,0,
2024-01-02,15473,5,"Putin, in New Year address, makes only passing reference to Ukraine | Israeli jets pound central Gaza as Netanyahu indicates longer war | Israel signals tactics shift, troop pullback as US carrier heads home | Dollar set for biggest daily jump since March as U.S. yields rebound | Copper could skyrocket over 75% to record highs by 2025 — brace for deficits, analysts say"
2024-01-03,15495,5,"Dollar gains against most currencies as U.S. nonfarm payrolls loom | Killing of senior Hamas leader in Lebanon stokes fears of Gaza war spreading beyond enclave | The Fed is expected to cut interest rates in 2024. Here's how investors can prepare | Red Sea crisis boosts shipping costs, delays – and inflation worries | Turkish inflation climbs to nearly 65%, with more rises expected"
2024-01-04,15525,0,
2024-01-05,15518,2,"White House says Russia used missiles from North Korea to strike Ukraine | Gold posts weekly decline as dollar, yields climb"
2024-01-08,15522,5,"China to sanction 5 U.S. manufacturers over arms sales to Taiwan | Israel signals it has wrapped up major combat in northern Gaza as the war enters its fourth month | The 2023 U.S. economy, in a dozen charts | Fed Governor Bowman adjusts rate stance, says hikes likely over but not ready to cut yet | Oil rises 2% as Middle East crisis, inflation fight in focus"
2024-01-09,15518,0,
2024-01-10,15568,3,China's EV stocks start 2024 in reverse gear as price wars pressure profitability | What's going on in Ecuador? TV station attack prompts president to declare war on armed gangs | Investors are cautiously optimistic on Europe in 2024. Here's what to look out for
2024-01-11,15558,3,"Red Sea crisis could jeopardize inflation fight as shipping costs spike globally | Sanctioned Western tech is still entering Russia and powering its military machine, new analysis shows | Turkish lira hits fresh record low against the U.S. dollar"
2024-01-12,15559,1,"Despite Red Sea crisis inflation shock, ocean freight rates are headed down on key China-U.S. trade route"
2024-01-15,15555,4,"A defiant Netanyahu says no one can halt Israel's war to crush Hamas, including the world court | Americans are canceling trips that are thousands of miles from Gaza. Here's why | North Korea's Kim calls for South to be seen as 'primary foe,' warns of war | Germany skirts recession at the end of 2023 but faces prolonged slump"
2024-01-16,15592,3,"The Israel-Hamas war has already triggered U.S. military action. Is war with Hezbollah next? | 'Europe will be challenged from an inflation perspective' following Red Sea tensions, says EnQuest CEO | Fed's Christopher Waller advocates moving 'carefully' with rate cuts"
2024-01-17,15639,1,"Retail sales rose 0.6% in December, topping expectations for holiday shopping"
2024-01-18,15630,2,Gen Z says they have it harder than their parents did — and the economy is to blame | Netanyahu says he has told U.S. he opposes Palestinian state in any postwar scenario
2024-01-19,15628,1,"American Express CEO says spending is strong, delinquencies are down from 2019"
2024-01-22,15627,7,"As companies lay off even more workers, they could be making a big mistake in the way they're doing it | Israel’s Netanyahu rejects any Palestinian sovereignty in post-war Gaza, rebuffing Biden | U.S. dollar little changed ahead of BOJ, ECB meetings | Trump's proposed 10% tariff plan would 'shake up every asset class,' strategist says | UBS sees a 10% spike for gold this year as rate cut speculation swirls | Watchdog report is critical of former Fed officials in stock trading controversy | Bank of Japan retains its ultra-loose policy, says 2% inflation target is in sight"
2024-01-23,15656,0,
2024-01-24,15719,2,"U.S. dollar falls ahead of GDP, inflation data; Fed in focus | Israel-Hamas war negotiations reportedly working toward a weekslong cease-fire"
2024-01-25,15767,2,Turkey hikes interest rate again to 45% after inflation nears 65% | The U.S. economy grew at blistering 3.3% pace in Q4 while inflation pulled back
2024-01-26,15829,1,Fed's favorite inflation gauge rose 0.2% in December and was up 2.9% from a year ago
2024-01-29,15825,2,"Three U.S. troops killed, up to 34 injured in Jordan drone strike linked to Iran | Forget a soft landing, there may be ‘no landing,’ economist says. Here's what that would mean for you"
2024-01-30,15796,4,"A change to this one clause could be the most important part of the Fed meeting | Citadel's Ken Griffin says the economy looks ‘pretty damn good right now’ | The Fed will cut rates fewer times and start them later than market hopes, according to CNBC Fed Survey | How interest rates have changed over the last 12 months for mortgages, car loans, credit cards and more"
2024-01-31,15803,4,"Fed Chief Jerome Powell says a March rate cut is not likely | Fed holds rates steady, indicates it is not ready to start cutting | Watch CNBC’s Fed panel react to the Federal Reserve’s interest rate decision | Nikki Haley super PAC enters election year with just $3 million, adding to woes"
2024-02-01,15775,1,Chang: It's still too early to declare victory on inflation
2024-02-02,15688,1,Russian war critic poses an awkward challenge for Putin and the Kremlin as the election nears
2024-02-05,15705,8,"Trump floats ‘more than’ 60% tariffs on Chinese imports | Powell insists the Fed will move carefully on rate cuts, with probably fewer than the market expects | Gold prices to hit $2,200 and a 'dramatic' outperformance awaits silver in 2024, says UBS | Russia's war in Ukraine has had an unlikely consequence — it has revived the EU's plans to get even bigger | McDonald's and Starbucks blame the Israel-Hamas war for slower sales — and the recovery might take a while | Turkey's new central bank governor, formerly at Amazon and New York Fed, seen as a 'credible choice' | Red Sea tensions risk significantly higher inflation, OECD warns | Turkey's inflation sees biggest monthly jump since August, nears 65% year on year"
2024-02-06,15734,1,Credit card debt hits a 'staggering' $1.13 trillion. Here's why so many Americans are under pressure
2024-02-07,15685,1,Fed Governor Kugler backs caution on rates; Kashkari expects only two or three cuts
2024-02-12,15612,5,"Russian war critic Boris Nadezhdin barred from running in presidential election | Ukraine's Zelenskyy takes one of his 'biggest gambles' yet by replacing top military commander | Inflation in December was even lower than first reported, the government says | China may be making more advanced chips despite U.S. sanctions — but it still faces big problems | Car repairs are getting more expensive. Here's why"
2024-02-13,15585,5,"Here's the inflation breakdown for January 2024 — in one chart | Former Ron DeSantis Wall Street fundraiser to bolster Trump’s campaign war chest | Gold slides below $2,000/oz for first time in two months after U.S. inflation data | Oil prices rise despite stubborn U.S. inflation | U.S. dollar slips, consolidates gains, but further upside likely"
2024-02-15,15606,6,"U.S. dollar retreats as slew of data keeps rate cut expectations in June intact | How Elon Musk's war on Delaware could change the way corporations make some of their biggest decisions | Japan's economy unexpectedly slips into recession, hurt by weak domestic demand | Gold gains as U.S. dollar, yields slip after softer economic data | Red Sea attack-fueled ocean freight inflation is starting to ease on key global trade routes | Japan slipped into a technical recession. The Bank of Japan has to juggle supporting the yen and fragile growth"
2024-02-16,15654,3,"U.S. crude settles at highest price since November as Middle East tensions simmer | January wholesale prices rise more than expected, another sign of persistent inflation | Ukraine's Stefanishyna on the outlook for the war"
2024-02-19,15630,3,"The Fed is set to cut rates this year. Here are the Asian currencies that stand to benefit | 'China has a lot more to lose': U.S. considering sanctioning Chinese firms aiding Russia's war | Gold at one-week high as soft dollar, Middle East turmoil lift demand"
2024-02-20,15659,3,"Israel's GDP contracts nearly 20% in fourth quarter amid Gaza war | More Americans are feeling better about their finances—here's why, in 5 charts | Supreme Court allows sanctions against Trump-allied lawyers over 2020 election lawsuit"
2024-02-21,15658,5,"Gold slips after U.S. data signals resilient economy | How 3 stocks are navigating the economic tug-of-war between the U.S. and China | Africa's largest economy is battling a currency crisis and soaring inflation | Two years after Apple quit Russia over Ukraine, Vision Pros are for sale in Moscow | If you invested $1,000 in Nvidia 10 years ago, here’s how much money you’d have now"
2024-02-22,15630,3,Fed's Waller wants more evidence inflation is cooling before cutting interest rates | Nearly 1 in 4 Americans with debt are putting less money toward credit card payments: 'People are really struggling' | Builders FirstSource CEO Dave Rush goes one-on-one with Jim Cramer
2024-02-23,15589,1,"Credit card interest rates are at record highs. Cards have 'never been this expensive,’ CFPB says"
2024-02-26,15635,1,Gold subdued as traders ready for US inflation data
2024-02-27,15655,3,"Bank CEO shrugs off U.S. war on 'woke' capital, says ESG investing is good for business | Cramer’s Stop Trading: Viking Therapeutics | U.S. Army is slashing thousands of jobs in major revamp to prepare for future wars"
2024-02-28,15673,2,CNBC Changemakers: Here are some of the women transforming business | BYD amps up brutal China EV price war with bigger discounts on new car versions
2024-02-29,15715,3,"Putin warns of nuclear war if NATO sends troops into Ukraine | Dollar dips on weak data, yen hurt by cautious BOJ | Key Fed inflation measure rose 0.4% in January as expected, up 2.8% from a year ago"
2024-03-01,15696,1,Ukraine's losses on the battlefield could make the war more dangerous for Russia
2024-03-04,15723,2,"'Last chance saloon': UK finance minister expected to pledge pre-election tax cuts | Gold rises above $2,100 to highest level ever as traders bet on interest rate cuts"
2024-03-05,15756,3,"China EV shares are feeling the heat as price war concerns grow | First Solar CEO says tariff exemptions threaten U.S. efforts to ramp up domestic solar manufacturing | Mideast Starbucks franchisee firing 2,000 workers after being targeted in Israel-Hamas war boycott"
2024-03-06,15723,4,"Fed Chair Powell: Housing service inflation will come down | As late, missed payments rise, credit card borrowers face 'consequences' for falling behind, CFPB says | Powell reinforces position that the Fed is not ready to start cutting interest rates | Egypt hikes interest rates by 600 basis points, pound crumbles to record low"
2024-03-07,15658,1,Powell says the Fed is 'not far' from the point of cutting interest rates
2024-03-08,15603,1,The 'special relationship' under pressure: Are Biden and Netanyahu on a collision course over Gaza?
2024-03-13,15576,9,"Trading CPI: How JPMorgan thinks stocks will react to Tuesday’s big inflation report | A key inflation reading is due out Tuesday morning. Here's what to expect | Gold under pressure from Fed rate cut doubts after inflation data | Citadel's Ken Griffin says the Fed shouldn't cut too quickly, citing big tailwinds supporting inflation | 2024 is the year of the rate cut pivot — here's when the world's central banks will budge | Consumer prices rose 0.4% in February and 3.2% from a year ago | Here’s the inflation breakdown for February 2024 — in one chart | From warning on nuclear war to 'psychotropic drugs': Here are 5 things Putin told the Russian media | Asian currencies could be on the ‘back foot’ despite likely U.S. rate cuts this year, JPMorgan says"
2024-03-14,15582,2,"The 16 highest-paying college majors, 5 years after graduation | Wholesale inflation rose 0.6% in February, much more than expected"
2024-03-15,15624,0,
2024-03-18,15672,4,"Putin vows to punish Ukraine for attacks as Russians vote in presidential election | Bank of Japan ends the world's only negative rates regime in a historic move, abandons yield curve control | The Federal Reserve may not cut interest rates just yet. Here's what that means for your money | Behind Trump's campaign cash crunch: Small-dollar donor fatigue, major donor hesitation"
2024-03-19,15712,0,
2024-03-20,15727,8,"Economic forecast for 2024 calls for a 'deferred landing.' Here's what that means for your investments | Fed holds rates steady and maintains three cuts coming sometime this year | 'Mr Yen' says Japan could intervene if yen falls to 155 | Gold advances on renewed rate cut bets after Fed verdict | Dollar gains on risk sentiment, Swiss franc falls on surprise rate cut | The Fed hasn't touched interest rates since July, but they're still moving. What that looks like for credit cards, mortgages and savings accounts | The Federal Reserve holds interest rates steady, with no immediate relief for consumers from sky-high borrowing costs | How Walmart, Target and the White House are tracking consumer demand and inflation in real time"
2024-03-21,15662,3,Switzerland becomes first major economy to cut interest rates in surprise move | Turkey's central bank raises interest rate to 50% despite previous hints of end to hike cycle | Bank of England holds rates but says 'moving in the right direction' for cuts
2024-03-22,15773,0,
2024-03-25,15795,4,"'The Fed has made two major mistakes in its history,' expert says. Here's how those affect policy today | South African rand firms against U.S. dollar, focus on rate decision | UN Security Council demands immediate ceasefire in Gaza | U.S. and Britain accuse China-linked hackers of ‘malicious’ cyber campaigns, announce sanctions"
2024-03-26,15797,1,"Nigeria's central bank hikes interest rate to 24.75% as it battles sky-high inflation, currency crisis"
2024-03-27,15853,2,"Japan's yen hits 34-year-low, heating talk of intervention | Japan's yen hits 34-year low, sparking intervention warnings"
2024-03-28,15873,1,CNBC Daily Open: Focus turns to key inflation data
2024-04-01,15909,4,"Key Fed inflation gauge rose 2.8% annually in February, as expected | Japan's finance minister says 'speculative' moves in currency market impacting yen | Dollar higher after manufacturing data lowers June rate bets | Gold prices hit another record high after fresh U.S. data spurs Fed cut expectations"
2024-04-02,15934,2,"Why Japan's 'shunto' wage hikes may not bring cheer to over 80% of its workers | A stalemate in the Ukraine war could now be the best-case scenario, analyst says"
2024-04-03,15923,5,David Einhorn thinks inflation is reaccelerating and has made gold a very large position | Steve Cohen says the Fed may have a hard time getting inflation down to its goal | Turkey's inflation climbs to 68.5% despite continued rate hikes | Watch Fed Chair Powell speak live at Stanford policy conference economic forum | Malaysia emerges as a hotspot for semiconductor firms amid U.S.-China chip tensions
2024-04-04,15907,2,"Biden says U.S. economy is world's best. Trump calls it a 'cesspool.' Data is clear. | Ripple to launch U.S. dollar stablecoin, taking on a $150 billion market dominated by Tether, Circle"
2024-04-05,15873,3,Fed Governor Bowman says additional rate hike could be needed if inflation stays high | Economist El-Erian says the Fed has turned into a play-by-play commentator | 43-year-old started a side hustle in college with $150—now it brings in $200 million a year: It took 'everything that I had'
2024-04-16,16176,9,"U.S. dollar flat to slightly lower ahead of inflation data; yen still in focus | A crucial report Wednesday is expected to show little progress against inflation | U.S. dollar surges to new 34-year high vs. yen after hotter-than-expected inflation data | $1 million homes are now 'typical' in a record number of U.S. cities, analysis finds. Here’s where they are | Trump slams Biden for 'raging' inflation after hotter-than-expected March price report | Consumer prices rose 3.5% from a year ago in March, more than expected | Homebuilders fall following hot inflation numbers | Fed wants more confidence that inflation is moving toward 2% target, meeting minutes indicate | The Fed is determined not to reduce interest rates too soon, experts say — a mistake the central bank has made in the past"
2024-04-17,16240,3,"Biden wants to triple China tariffs on steel, aluminum imports | Gold retreats as dimming rate cut expectations overshadow safe haven demand | Bank of Korea chief says won volatility is a little 'excessive' and will intervene if needed"
2024-04-18,16177,0,
2024-04-19,16280,1,"Israel and Iran: All-out war, or measured retaliation?"
2024-04-22,16224,2,"Dollar hits new 34-year peak against yen on higher U.S. rate outlook | Japan and South Korea could coordinate currency intervention, but they may need U.S. support"
2024-04-23,16244,1,'Chaotic era' for Asian currencies: Bank of America is not bullish on any of them
2024-04-24,16161,3,"JPMorgan Chase is caught in U.S-Russia sanctions war after overseas court orders $440 million seized from bank | Why the Fed keeping rates higher for longer may not be such a bad thing | Gold gains, U.S. Treasury yields rise after economic data"
2024-04-25,16208,3,"Slowing growth plus stubborn inflation add up to a headache for Fed officials | Inflation, operating costs had the biggest impact on Asian firms last year, survey shows | Japanese yen hits fresh 34-year low despite verbal intervention from authorities"
2024-04-26,16222,4,"Key Fed inflation measure rose 2.8% in March from a year ago, more than expected | 10-year Treasury yield slips after latest U.S. inflation report | The new class war: A wealth gap between millennials | All the data so far is showing inflation isn't going away, and is making things tough on the Fed"
2024-04-29,16249,1,Japanese yen strengthens sharply after hitting 160 against dollar for the first time since 1990
2024-04-30,16276,2,"U.S. crude oil falls below $82 a barrel after disappointing inflation, manufacturing data | Here's everything to expect from the Fed meeting that will move markets on Wednesday"
2024-05-02,16202,7,"Federal prosecutors are examining financial transactions at Block, owner of Cash App and Square | DoubleLine’s Jeffrey Gundlach sees one rate cut this year as the Fed keeps up inflation fight | Fed keeps rates steady as it notes 'lack of further progress' on inflation | The Federal Reserve holds interest rates steady, offers no relief from high borrowing costs — what that means for your money | Yen higher after suspected intervention | 24% of business owners believe inflation has peaked, CNBC small business survey finds | Inflation fears among America's small businesses are rising again and their faith in the Fed is falling"
2024-05-03,16094,4,"Turkey's inflation accelerates to nearly 70% in April | Talent war between family offices and Wall Street drives up salaries | U.S. job growth totaled 175,000 in April, much less than expected, while unemployment rose to 3.9% | China's automakers must adapt quickly or lose out on the EV boom in the face of regulatory scrutiny abroad and competition at home"
2024-05-06,16025,2,"Inflation was last year's story, says Brookfield CEO Bruce Flatt | Citigroup CEO Jane Fraser says low-income consumers have turned far more cautious with spending"
2024-05-07,16054,1,"Stanley Druckenmiller gives Biden's economic policies an 'F,' blames the Fed for reigniting inflation"
2024-05-08,16081,1,"Europe and U.S. volumes are growing as inflation comes down, Ahold Delhaize CEO says"
2024-05-13,16085,8,"Amid pomp and propaganda, Russia holds Victory Day military parade as war rumbles on | Oil falls on prospect of higher-for-longer U.S. interest rates, stronger dollar | Consumer sentiment tumbles as inflation fears surge | Biden and Netanyahu's fraught relationship hits new low after U.S. pauses weapons shipment | This inflation-focused ETF may be in a sweet spot | Cramer says new AI technology can't help bring down inflation just yet | Dollar slips after unexpected rise in U.S. producer prices | Inflation outlook rises, fueled by expected increases for housing costs, New York Fed survey shows"
2024-05-14,16131,4,"Fed Chair Powell says inflation has been higher than thought, expects rates to hold steady | Biden raises tariffs on $18 billion of Chinese imports: EVs, solar panels, batteries and more | A bank ETF could bounce if inflation data is cooler than expected, Bank of America says | Here's everything to expect from Wednesday's key report on inflation"
2024-05-15,16070,6,"Gold climbs as cooling U.S. inflation bolsters Fed rate cut optimism | Biden's EV tariffs may not be enough to stave off the threat of Chinese vehicles in the U.S. | Dollar swoons after data suggests rate cut in September | Here's the inflation breakdown for April 2024 — in one chart | Why mortgages and credit card rates could stay high through 2025 | CPI report shows inflation easing in April, with consumer prices still rising 3.4% from a year ago"
2024-05-16,15944,1,How much money the U.S. spends on war
2024-05-17,15978,0,
2024-05-20,15980,7,"Some consumers are punting big purchases like pools and mattresses | Member of Israel's War Cabinet says he'll quit the government June 8 unless there's a new war plan | Phoenix is beating the rest of the country on inflation — on paper anyway | How I built a billion dollar coffee company called Kopi Kenangan | From $35,000 to $446,000: What it cost to renovate a $1 home in Italy | China sanctions Boeing, two U.S. defense contractors for Taiwan arms sales | Dollar edges higher as investors await Fed guidance"
2024-05-21,16024,0,
2024-05-22,15995,4,"UK inflation comes in hotter than expected, slashing June rate cut bets | Federal Reserve minutes indicate worries over lack of progress on inflation | Artificial intelligence, great wealth transfer: Why this financial analyst sees a rosy time ahead for stocks | CNBC Daily Open: Nvidia shares top $1,000 on AI boom"
2024-05-27,16064,6,"Auto insurance rates are jumping the most since the 1970s, but there could be relief soon | CNBC Daily Open: Nvidia shares soar on AI boom | Turkish markets are 'on the verge of a renaissance moment,' Citi says | Gold loses momentum on ebbing rate cut speculation | Chinese EV makers continue aggressive push into Europe under growing threat of tariffs | The number of Americans who say they're 'doing OK financially' drops to 4-year low—here's why"
2024-05-28,16095,3,"Yen hits 4-week low, euro dips after German inflation data | How the world got into $315 trillion of debt | Fed's Kashkari wants to see 'many more months' of positive inflation data before a rate cut"
2024-05-29,16160,2,"'Hong Kong 47' trial: 14 pro-democracy activists found guilty, 2 acquitted | Goldman Sachs partner Beth Hammack to succeed Mester as Cleveland Fed leader"
2024-05-30,16253,2,Bank of America CEO says U.S. consumers and businesses have turned cautious on spending | 10-year treasury yield slips back below 4.6% as investors look to key data
2024-05-31,16251,3,"The Fed’s preferred inflation measure rose 0.2% in April, as expected | Japan confirms first currency intervention since 2022 with $62 billion in spending | Philippine president says killing of a Filipino in South China Sea clash would be ‘very close’ to act of war"
2024-06-03,16225,2,"Market Open: June 3, 2024 | Turkey's inflation passes 75% in what economists believe is peak"
2024-06-04,16220,3,"U.S. dollar gains after stronger-than-expected services sector data | U.S. ignored evidence major U.K. bank was helping fund sanctioned Iranian groups, whistleblower says | IMF warns rekindled 'love' for trade tariffs among U.S., China, EU could wipe out up to 7% of global GDP"
2024-06-05,16282,2,Nomura: Don't expect the Bank of Japan to hike rates till October | Dollar Tree is exploring a sale of its Family Dollar brand
2024-06-06,16279,3,"No-tariff shipments popular with Shein, Temu hit U.S. customs speedbump | Photos show world leaders, veterans commemorating D-Day’s 80th anniversary | Trump heads to tech fundraiser in San Francisco, with some guests paying $300,000"
2024-06-07,16218,2,"War, what war? Putin looks to woo new business partners willing to overlook its invasion of Ukraine | Gold slides 3% on double blow of strong jobs report, China data"
2024-06-10,16290,1,Benny Gantz resigns from Israeli war cabinet
2024-06-11,16295,0,
2024-06-12,16297,5,"The Federal Reserve holds interest rates steady — here's what that means for your money | Here's the inflation breakdown for May 2024 — in one chart | Fed holds rates steady, indicates only one cut coming this year | European Union announces higher tariffs of up to 38% on Chinese EVs | Inflation slows in May, with consumer prices up 3.3% from a year ago"
2024-06-13,16286,3,"Trump floats eliminating U.S. income tax and replacing it with tariffs on imports | Fears are rising ocean freight rates may surpass $20,000 with no relief for global trade into 2025 | Wholesale prices unexpectedly fell 0.2% in May"
2024-06-14,16374,0,
2024-06-19,16368,5,Here's why car payments are so high right now | Fed's Collins warns against overreacting to good inflation data | American households have seen their purchasing power increase | Israel warns Lebanon of prospect of ‘all-out war’ as U.S. seeks to de-escalate hostilities | UK inflation falls to Bank of England's 2% target ahead of elections
2024-06-20,16420,2,"Hezbollah leader warns Israel of war with 'no red lines,' threatens Cyprus | Bank of England keeps rates at 5.25% in 'finely balanced' decision; traders lift bets for August cut"
2024-06-21,16458,0,
2024-06-24,16431,1,UK's Farage accused of 'Kremlin propaganda' after claiming the West provoked Ukraine invasion
2024-06-25,16379,2,"Sixteen Nobel Prize-winning economists warn a second Trump term would 'reignite' inflation | Australia's central bank says policy is restrictive, causing households pain"
2024-06-26,16435,3,"Top corporate CFOs are losing some confidence in economy, as consumer demand fears spike | Federal Reserve says all 31 banks in annual stress test withstood a severe hypothetical downturn | Japanese yen hits weakest level against dollar since 1986, reigniting intervention speculation"
2024-06-27,16421,2,Japanese yen weakens to fresh 38-year lows; top currency diplomat replaced | ‘A disastrous event’: All-out war between Israel and Hezbollah could devastate both sides
2024-06-28,16394,2,"Key Fed measure shows inflation rose 2.6% in May from a year ago, as expected | U.S. crude oil posts third straight weekly gain as fears grow of Israel-Hezbollah war"
2024-07-01,16355,1,"From used cars to airfare: 5 purchases that are cheaper than last year, even as prices rise overall"
2024-07-02,16384,2,Why both former Pres. Trump and Pres. Biden's tariffs can hurt Americans’ wallets | Euro zone inflation eases to 2.5% as core print misses estimate
2024-07-03,16387,3,"Yen drops to 38-year low, U.S. dollar slumps after weak data | Fed says it's not ready to cut rates until 'greater confidence' inflation is moving to 2% goal | Fed: Modest about further progress towards 2% inflation"
2024-07-04,16341,0,
2024-07-05,16312,2,"U.S. economy added 206,000 jobs in June, unemployment rate rises to 4.1% | Can Israel's Iron Dome be overrun? System's capabilities in focus amid rising risk of war with Hezbollah"
2024-07-08,16265,3,"Iran elects reformist Masoud Pezeshkian in presidential runoff vote | 'A kind of civil war': Divided France on alert for unrest amid political earthquake | Inflation outrage: Even as prices stabilize, Walmart, Chipotle and others feel the heat from skeptical customers"
2024-07-09,16281,1,Fed Chair Powell says holding rates high for too long could jeopardize economic growth
2024-07-10,16256,2,The Fed may soon cut interest rates. That could make your next trip abroad more expensive | Jim Cramer reviews 8 companies that could top $1 trillion in market cap
2024-07-11,16200,3,"President Joe Biden mistakenly introduces Ukrainian President Zelenskyy as 'President Putin' | Inflation falls 0.1% in June from prior month, helping case for lower rates | NATO condemns China as a 'decisive enabler' of Russia's war in Ukraine in most serious rebuke to date"
2024-07-12,16154,1,"Gold holds firm above $2,400 level, set for third weekly rise"
2024-07-15,16174,0,
2024-07-16,16203,2,Here are 6 buying categories cheaper today than they were before the pandemic | Cramer explains the discrepancy between the reality of the economy and consumer sentiment
2024-07-17,16129,2,"Delta and United 'remain top tier' in the airline industry, says Melius' Connor Cunningham | Wealth in Turkey grew the most in the world at 157% despite soaring inflation, according to ranking"
2024-07-18,16160,1,"European Central Bank holds interest rates, says domestic price pressures 'still high'"
2024-07-19,16199,0,
2024-07-22,16228,0,
2024-07-23,16204,2,Investing experts: Lock in a guaranteed 5% return before the Fed slashes interest rates | Palestinian rivals Hamas and Fatah sign reconciliation agreement in China
2024-07-24,16224,3,"Yen hits 2-1/2-month high vs dollar, but off highs after U.S. data | Elon Musk attends Netanyahu's speech to Congress as his guest, but dozens of lawmakers skip it | $1 million hypothetical portfolios: How kids from wealthy families at an elite Swiss school learn about money"
2024-07-25,16268,1,"'It is time for this war to end,' Harris tells Netanyahu; 'I will not be silent' on Palestinian suffering"
2024-07-26,16294,2,"Final Trades: Seagate, Exxon Mobil, Morgan Stanley and the IJH | Fed’s key inflation gauge rose 2.5% in June from a year ago, easing path to rate cut"
2024-07-29,16286,2,"India's defense sector valuations 'will remain elevated,' says wealth management firm | McDonald's earnings, revenue miss estimates as consumer pullback worsens"
2024-07-30,16320,2,Goldman: Expect the Bank of Japan to upgrade their inflation outlook | Here's how much athletes at the Paris Olympics earn for winning medals
2024-07-31,16294,3,"Fed holds rates steady and notes progress on inflation | Japan confirms $36.8 billion currency intervention as weak yen pushes BOJ to hike interest rates | Bank of Japan raises benchmark interest rate, outlines roadmap for trimming bond buying program"
2024-08-01,16243,1,U.S. crude oil falls 2% as economic worries outweigh Middle East escalation
2024-08-02,16234,2,The end of the 'carry trade'? How Japan's yen could be ripping through U.S. stocks | Trump promises lower interest rates. But he doesn't have that power
2024-08-05,16154,2,"Mexican peso pares losses, remains volatile on U.S. recession fears | The S&P 500 is down 7.5%—but if you're worried about it, 'you shouldn't own stocks,' says Warren Buffett"
2024-08-06,16183,4,"Credit card debt hits record $1.14 trillion, New York Fed research shows | Uber, Lyft and the gig economy think they've found a way to win the national labor war | What are the economics of war? | The popular 'carry trade' is unwinding — and economists fear Fed rate cuts could make matters worse"
2024-08-07,16100,3,"A 'soft landing' is still on the table, economists say | India's Nifty 50 is outperforming the S&P 500 so far this year | As inflation fury lingers, politicians join customers in pushing companies to cut prices"
2024-08-08,15952,0,
2024-08-09,15914,2,"Citi Research analyst: China CPI data not a relief to inflation concerns | Wall Street will get key insight on the consumer, inflation in the week ahead as recession fears swirl"
2024-08-12,15963,2,"Harris responds to Trump Fed comments, will release economic plan in coming days | Trump, Vance double down on call for presidential influence on Fed policy"
2024-08-13,15885,4,"Ukraine wants more negotiating power as forces advance into Russia, humiliating Moscow | Wholesale inflation measure rose 0.1% in July, less than expected | Reserve Bank of New Zealand cuts cash rate by 25 basis points, lowers rate forecasts | China's Huawei is reportedly set to release new AI chip to challenge Nvidia amid U.S. sanctions"
2024-08-14,15691,3,"Dollar holds gains on reassuring data, euro slips | Here's the inflation breakdown for July 2024 — in one chart | Annual inflation rate slows to 2.9% in July, lowest since 2021"
2024-08-15,15687,1,"UK inflation and economic growth data are encouraging, fund manager says"
2024-08-16,15716,0,
2024-08-19,15591,1,Elon Musk has been predicting a ‘civil war’ in Europe for nearly a year
2024-08-20,15480,3,"Gold extends record rally on dollar weakness, rate-cut bets | European Union slashes planned tariffs on China-made Tesla EVs, other Chinese firms | Dollar drops as jobs gains revised sharply lower"
2024-08-21,15456,4,"Dollar rebounds against euro before Powell speech | Why a weakening U.S. dollar can help the consumer | India walks a diplomatic tightrope, making friends with Ukraine while ally Russia watches on | Fed minutes point to ‘likely’ rate cut coming in September"
2024-08-22,15579,1,Asia markets mostly lower ahead of Powell's speech at Jackson Hole; Australia snaps 10-day win streak
2024-08-23,15554,4,"42-year-old sold his startup for $1.3 billion—he started by buying a $17,500 camera he couldn't afford | How investors can prepare for lower interest rates: It's 'like getting a haircut,' advisor says | Fed Chair Powell indicates interest rate cuts ahead: 'The time has come for policy to adjust' | Japan's yen has seen wild swings this year — is it still a safe-haven asset?"
2024-08-26,15380,2,Canadian dollar strengthens to 5-month high as oil rallies | Increased sausage demand could be worrying signal on the economy
2024-08-27,15509,2,"Dollar General, Dollar Tree and Kroger customers pay over $90 million a year in cash-back fees, federal agency finds | Russia rains heavy missile, drone attack on Ukraine, a day after strike on key energy infrastructure"
2024-08-28,15476,1,"Buffett's Berkshire Hathaway hits $1 trillion market value, first U.S. company outside of tech to do so"
2024-08-29,15409,2,"Treasury yields rise as investors await key U.S. inflation data | Hybrid sales outperform EVs due to lack of charging infrastructure, expert says"
2024-08-30,15473,2,The Bank of Japan is certain to raise rates further. The question is when | Today is Warren Buffett's 94th birthday. There's a lot to celebrate.
2024-09-02,15536,0,
2024-09-03,15557,2,"Russia signals its official stance on using nuclear weapons is about to change, accusing the West of 'escalation' | China's property woes and U.S. sanctions have hit some cities hard"
2024-09-04,15490,1,Tanto Capital Partners discusses Turkey's BRICS bid
2024-09-05,15410,0,
2024-09-06,15372,2,"Nobel winner Joseph Stiglitz says Fed raised rates ‘too far, too fast’ — and now needs to cut big | Top 10 people most likely to reach trillionaire status"
2024-09-09,15446,6,"Europe's economy survived 'terrible prophecies' but must now tackle trade with China: EU's Gentiloni | CIA director saw ‘genuine risk’ of Russia using tactical nuclear weapons early in Ukraine war | Trump's vow of 100% tariffs on nations that snub the dollar is a lose-lose for China and U.S., economist says | Bill Gates on the No. 1 thing that keeps him up at night: 'If we avoid a big war...there will be another pandemic’ | Jumbo 50 basis points Fed rate cut should not raise alarm, analyst says | Carry trade unwind could replicate August mayhem, suggests currency strategist, as yen strengthens"
2024-09-10,15447,3,"Federal Reserve unveils toned-down banking regulations in victory for Wall Street | Jamie Dimon says 'the worst outcome is stagflation,' a scenario he's not taking off the table | U.S. dollar mixed after inflation report supports smaller Fed rate cut"
2024-09-11,15415,4,"EU Chamber of Commerce in China discusses China-EU ties amid EV tariff dispute | Consumer prices rose 0.2% in August as annual inflation rate hits lowest since early 2021 | Trump tariff threats will trigger import 'rush,' say trade experts, and consumers pay the price | Putin would 'eat you for lunch,' Harris tells Trump in bitter clash over Russia and Ukraine"
2024-09-12,15421,2,CNBC's Inside India newsletter: What happens when the Fed cuts rates? | Gold skyrockets as stars align for Fed rate cuts
2024-09-13,15405,1,"Trump's tariff proposals would mean 'consumers are going to pay more,' says economist—here's why"
2024-09-17,15338,2,Nikkei falls over 1% as yen strengthens; Asia markets trade mixed ahead of Fed meeting | The Fed's biggest interest rate call in years happens Wednesday. Here's what to expect
2024-09-18,15350,9,"European markets close lower ahead of Fed rate decision | The Federal Reserve just cut interest rates by 50 basis points—here's what will get cheaper | UK inflation holds steady in August, matching expectations | The yen is going to rally against the U.S. dollar, strategist says | Dollar slips in choppy trading as traders grapple with Fed's giant rate cut | What a Fed rate cut could mean for the world | Fed slashes interest rates by a half point, an aggressive start to its first easing campaign in four years | The Federal Reserve just cut interest rates by a half point. Here's what that means for your wallet | How Fed rate cuts affect the global economy"
2024-09-19,15287,3,"High home prices aren't 'something the Fed can really fix,' says Federal Reserve chair Jerome Powell | Bank of Japan keeps key interest rate steady as it treads cautiously on normalizing policy | Biden claims he's 'never once spoken' to Powell as president, but they met in Oval Office in 2022"
2024-09-20,15100,0,
2024-09-23,15191,1,Trump threatens '200% tariff' if John Deere moves production to Mexico
2024-09-24,15186,5,"Chinese yuan hits strongest level against dollar in over 16 months as investors assess PBOC stimulus | Australia's central bank keeps rates on hold, stays hawkish | JPMorgan CEO Jamie Dimon warns 'geopolitics is getting worse' | 'We have much more on the way, if they will continue,' Israel's president says as death toll from IDF strikes on Lebanon passes 550 | Fed Governor Bowman explains dissent on rate vote, says she's worried about inflation"
2024-09-25,15092,0,
2024-09-26,15171,2,"Social Security’s death benefit has been $255 since 1954. Some senators want to change that | The Fed slashed interest rates last week, but Treasury yields are rising. What's going on?"
2024-09-27,15138,1,"Key Fed inflation gauge at 2.2% in August, lower than expected"
2024-09-30,15144,5,"How we built Warby Parker into a $1.8 billion eyewear brand | Op-ed: Just like the rest of the nation, America's small businesses are at a crossroads | Zero-based budgeting — get control of your finances by giving every dollar a purpose | States forge ahead with Inflation Reduction Act energy rebates — so far, South Dakota is the only one to opt out | Safe havens gain as Iran fires missiles at Israel"
2024-10-01,15204,1,Gold jumps over 1% on safe haven demand after Iran's attack on Israel
2024-10-02,15247,4,"Dollar hits six-week high before payrolls report | As Netanyahu vows Iran payback, markets watch for dangers of further escalation | Goldman-backed Starling Bank fined $38.5 million for 'shockingly lax' financial crime controls | Gold rally cools as traders eye Mideast developments, U.S. data"
2024-10-03,15394,1,"Sterling plunges more than 1% against the dollar, euro after Bank of England governor's comments on rates"
2024-10-04,15495,1,Strong jobs report propels dollar to best week since 2022
2024-10-07,15680,2,Japan's top foreign exchange diplomat warns against speculative moves as yen falls | FTX creditors will make money on bankruptcy: $1.19 for every dollar
2024-10-08,15671,1,"Harris says Iran is America's 'greatest adversary,' as Mideast war weighs on U.S. priorities"
2024-10-09,15607,5,"Fed officials were divided on whether to cut rates by half a point in September, minutes show | UBS: China facing many challenges, but stock market 'still has room to run' | Gold eases for sixth session as dollar marches upward | Warren Buffett's S&P 500 bet paid off. Experts weigh in on whether it's still a winning strategy | 10-year Treasury yield rises to 4.07% as traders digest Fed meeting minutes, await CPI"
2024-10-10,15658,3,Here's the inflation breakdown for September 2024 — in one chart | Neuberger Berman's Fixed Income Co-CIO on inflation & the path of rates | CNBC Daily Open: CPI’s higher than expected. Is it just a 'janky' data point?
2024-10-11,15609,2,"10-year Treasury yield dips below 4.1% Friday after big jump this week | Wholesale prices were flat in September, below expectations"
2024-10-14,15581,2,"China launches war games around Taiwan, drawing ire from Taipei, Washington | Trump Media stock surges as election betting odds shift, Truth Social launches streaming site"
2024-10-15,15555,1,Boeing to raise as much as $25 billion to shore up balance sheet
2024-10-16,15536,1,"UK inflation falls sharply to 1.7%, below Bank of England's target for first time in over three years"
2024-10-17,15516,2,Mark Cuban mocks Trump's tariff ideas at Harris campaign rally as Elon Musk tours PA with pro-Trump PAC | Musk's win on India satellite spectrum raises prospect of price war with Ambani
2024-10-18,15466,1,U.S. deficit tops $1.8 trillion in 2024 as interest on debt surpasses trillion-dollar mark
2024-10-21,15465,4,"Here's why inflation may look like it's easing but is still a huge problem | Trump doubles down on tariff plan that voters hate | China tightens export controls for tech and goods with military use, ahead of Xi's trip to Russia | Iran aided Russia against Ukraine. Now it needs to call in the favor"
2024-10-22,15560,5,"Economists see UK cutting interest rates more substantially as inflation pressures ease | Starbucks issues Q4 warning, stock slides in extended trading | IMF says global fight against inflation is 'almost won' but warns of rising risks | 'On vacation every single day': I left the U.S. to live in Vietnam and only need to work 15 hours a week | Zelenskyy calls on allies 'not to hide,' respond to North Korean involvement in war"
2024-10-23,15620,1,"Euro, yen climb as dollar rally takes a breather"
2024-10-24,15593,3,Dollar advances after data as eyes turn to jobs report | Why the Japanese yen is hovering near three-month lows against the dollar | Here's how much you can make in 2025 and still pay 0% capital gains
2024-10-25,15629,6,"Wisconsin: Key battleground state | A new ETF could disrupt the trillion-dollar money market fund industry. What to know | German finance minister warns of retaliation if U.S. kicks off trade war | Russia's central bank raises key rate to 21% to rein in higher-than-forecast inflation | Israeli military launches strikes on military targets in Iran, officials say | 'Made in Mexico' trade controversy is provoking another kind of border war"
2024-10-28,15729,2,Trump doubles down on replacing income taxes with tariffs in Joe Rogan interview | Dollar peaks against yen ahead of US election and economic data
2024-10-29,15760,2,"Morgan Stanley CEO says the era of zero interest rates and inflation 'is over' | Elon Musk, Trump allies say his tariff plans could cause short-term pain for consumers"
2024-10-30,15732,1,"U.S. economy grew at a 2.8% pace in the third quarter, less than expected"
2024-10-31,15705,4,"Federal Reserve rate cuts could prove to be a boon for Southeast Asian economies | Key inflation rate hits 2.1% in September, as expected, closing in on Fed target | Switzerland is now flirting with deflation, causing a dilemma for its central bank | Euro zone inflation rises to higher-than-expected 2%, weakening case for jumbo rate cut"
2024-11-01,15723,0,
2024-11-04,15751,3,"North Korea boasts of ‘the world’s strongest’ missile, but experts say it’s too big to use in war | Dollar treads water before tight U.S. election | Top Wall Street execs are getting skeptical on the Fed's easing path"
2024-11-05,15766,2,U.S. dollar jumps as Donald Trump recaptures the White House | Gold hastens retreat as dollar rallies on Trump victory
2024-11-06,15840,6,"Five Below downgraded by Bank of America on Trump tariff threat after U.S. election | Trump vow on new trade war sends shockwaves through supply chain, importers scramble to move up orders | The Fed is expected to cut interest rates again Thursday. Here's everything you need to know | Here's what President-elect Trump's tariff plan may mean for your wallet | More Iran sanctions and 'drill baby, drill': Oil market's future is still uncertain under Trump | Global ETFs slide as investors see Trump tariff policies hurting trade"
2024-11-07,15767,4,"The Fed just cut interest rates by another 25 basis points—here’s what will get cheaper | Steve Madden to slash China sourcing by as much as 45% as Trump's tariff plan looms | Trump's tariff plan: Why he's pushing for them, and how they might end up raising prices | Federal Reserve cuts interest rates by a quarter point"
2024-11-08,15671,1,"Yields on cash are still 'well ahead of inflation,' expert says. Here's where to put your money now"
2024-11-11,15677,3,"'#EndtheFed': Elon Musk endorses plan to let presidents meddle with Federal Reserve after Trump election win | Trump ‘most likely’ needs 60 votes in Senate to enact tariff plan, Sen. Rick Scott suggests | Europe could try to stop — or get around — damaging Trump tariffs"
2024-11-12,15771,1,'Everyone is calling': Trump's tariff threats send U.S. companies scrambling for lobbyists and loopholes
2024-11-13,15782,4,"Here's the inflation breakdown for October 2024 — in one chart | CFRA's Keith Snyder weighs in on Cisco's earnings | Annual inflation rate hit 2.6% in October, meeting expectations | Credit card debt hits record $1.17 trillion, New York Fed research shows"
2024-11-14,15873,2,Powell says the Fed doesn't need to be 'in a hurry' to reduce interest rates | Here's what the U.S.' enemies — and allies — might see from Marco Rubio as secretary of State
2024-11-15,15888,0,
2024-11-18,15848,3,"What Trump's proposed China tariffs could mean for Apple's profits | Israel economy rebounds with 3.8% growth in Q3 amid wars with Hamas, Hezbollah | Japanese Yen will strengthen in 2025 against the dollar as BOJ normalizes interest rate: Strategist"
2024-11-19,15816,1,"Walmart may have to raise some prices if Trump tariffs take effect, CFO says"
2024-11-20,15858,1,Euro-dollar parity is back in focus as Trump win sparks trade jitters
2024-11-21,15942,3,Trump and Fed Chair Powell could be set on a collision course over interest rates | International Criminal Court issues arrest warrants for Netanyahu and Hamas officials | Ukraine says Russia launched an intercontinental missile in an attack for the first time in the war
2024-11-22,15911,1,Dozens of retailers jacked up interest rates on store cards ahead of Fed cuts
2024-11-25,15864,5,"FTX executives face sentencing for multibillion dollar fraud | Trump vows an additional 10% tariff on China, 25% tariffs on Canada and Mexico | Russian food prices are soaring — but no one dares blame Putin and the war | What Trump's pick for Treasury secretary could mean for global markets | Gold tumbles 3% on reports of Israel-Hezbollah ceasefire, U.S. Treasury pick"
2024-11-26,15930,0,
2024-11-28,15864,5,"'Europe's Detroit' built a thriving car industry. Trump tariffs now threaten to unravel its success | Chinese yuan to hit record lows as U.S. tariff threat mounts, investment banks forecast | Inflation will return to haunt Trump, Handelsbanken economist says | Russia tries to stem panic over the plummeting ruble, as the central bank is forced to intervene | Trump's tariff threats have rattled Europe's auto giants — but Ferrari appears remarkably unfazed"
2024-11-29,15856,0,
2024-12-02,15905,2,"Trump calls Florida meeting with Trudeau productive amid stiff tariff threat | South Korea's inflation climbs in November, but misses expectations"
2024-12-03,15950,2,"Australia's third-quarter GDP grows at a slower-than-expected 0.3% amid higher rates and sticky inflation | South Korean won falls, but is off lows amid political chaos in country"
2024-12-04,15957,0,
2024-12-05,15892,1,"India's central bank revises down economic growth forecast for 2025, keeps interest rate steady"
2024-12-06,15848,1,"North Korea joining Russia's war can be called the beginning of World War III, Ukrainian MP says"
2024-12-09,15861,2,"As Syrian rebels topple President Assad, difficult times lie ahead | India appoints Revenue Secretary Sanjay Malhotra as new central bank governor"
2024-12-10,15874,4,"'White gold' seen as pivotal to Europe's massive trade deal with South America | Economists have 'really had it wrong' about recession, market strategist says | If Trump adds tariffs, 'either way, there is a cost to consumers,' economist says | The CPI report Wednesday is expected to show that progress on inflation has hit a wall"
2024-12-11,15905,2,"Annual inflation rate accelerates to 2.7% in November, as expected | Bernstein's Danilo Gargiulo on the state of food inflation"
2024-12-12,15939,0,
2024-12-13,15987,1,'Dr. Doom' economist has a new ETF to hedge against inflation and climate change
2024-12-16,16019,4,"Broadcom's long and winding path to the trillion-dollar club, and how Trump played a role | Iran currency slips to new lows amid U.S., Europe tensions | Russia braced for mammoth rate hike amid fears it's losing the battle against inflation | Iran faces dual crisis amid currency drop and loss of major regional ally"
2024-12-17,16050,3,Dollar rises against peers after Fed delivers rate cut | Trump trade counselor Peter Navarro says planned tariffs won't spur inflation | Germany’s auto giants were already reeling. Now Trump wants to turn them into American companies
2024-12-18,16100,5,"The Fed sees only two rate cuts in 2025, fewer than previously projected | Fed cuts by a quarter point, indicates fewer reductions ahead | The Federal Reserve cuts interest rates by another quarter point. Here's what that means for you | AUD/USD to trade at low 0.62s in first quarter of 2025: Westpac | The Fed cut interest rates by another 25 basis points—here’s what will get cheaper"
2024-12-19,16277,5,"Oil steady as markets weigh Fed rate cut expectations, Chinese demand | Putin admits Russian inflation is an 'alarming signal' and the economy is 'overheating' | Bank of England holds rates but vote split surprises markets | The Fed's rate outlook has rattled markets. Here's what it means for global central banks | Dollar pulls back from two-year high after inflation data, Fed rate cut"
2024-12-20,16270,4,"The Federal Reserve has gone 'all in' on a hawkish outlook for next year, says BofA strategist | Retail stocks have a new headache for 2025. Finding winners that can buck the trend like Walmart | Key Fed inflation measure shows 2.4% rate in November, lower than expected | Russian central bank surprises markets by holding key rate at 21%"
2024-12-23,16159,3,"How the Federal Reserve's rate policy affects mortgages | Dollar rebounds from inflation data drop, euro dips | Trump's 25% tariff could be an existential threat to Canada's recovering auto industry"
2024-12-24,16208,1,Biggest banks sue the Federal Reserve over annual stress tests
2024-12-27,16251,1,"If interest rates remain 'higher for longer,' the winners are those with cash accounts"
2024-12-30,16162,4,"US to send $1.25 billion in weapons to Ukraine, pushing to get aid out before Biden leaves office | Jimmy Carter quotes: 'I could have wiped Iran off the map' | Dollar stands tall in 2024, propped up by cautious Fed, Trump trade | Ransomware is 35 years old and now a billion-dollar problem. Here's how it could evolve"
2024-12-31,16157,2,"10-year U.S. Treasury yield climbs on last trading day of 2024, ends year above 4.5% | Baird's Ross Mayfield on why the 'Mag 7' trade still matters next year"
2025-01-02,16236,3,"Dollar eases in cautious start to 2025; yen lingers at five-month lows | U.S. dollar index hits more than two-year high as markets brace for Trump return | Chinese hack of U.S. Treasury breached sanctions office, Washington Post says"
2025-01-03,16217,0,
2025-01-06,16193,3,German statistics office corrects December inflation figure to 2.8% | Trump reportedly considering important alteration to tariff plans | BK Asset's Kathy Lien breaks down whether the US dollar will remain king
2025-01-07,16169,3,"Gold climbs after weaker-than-expected private payrolls data | Gold pares gains as dollar rebounds following U.S. labor data | Euro zone inflation rose to 2.4% in December, meeting expectations"
2025-01-08,16201,2,"10-year Treasury yield rises to highest since April as Fed notes upside risk to inflation | Fed officials are worried about the inflation impacts from Trump's policies, minutes show"
2025-01-09,16238,0,
2025-01-10,16194,2,"Crude prices jump as U.S. imposes sweeping sanctions against Russia oil industry | Fed didn't have inflation under control and it has cost them, says Rick Santelli"
2025-01-13,16281,2,Trump's plan for mass deportation could have a big effect on prices | Kelly Evans: The imbalances are getting extreme
2025-01-14,16265,2,"Inflation watch: Wholesale prices rose 0.2% in December, less than expected | Trump says he'll create 'External Revenue Service' to collect tariffs, foreign revenue"
2025-01-15,16311,3,"UK inflation unexpectedly cools to 2.5%, core price print slows further | Here's the inflation breakdown for December 2024 — in one chart | 10-year Treasury yield pulls back aggressively after core inflation is light in December"
2025-01-16,16378,1,"Trump tariffs on Canada could jeopardize oil and gas exports to U.S., says trade chief"
2025-01-17,16373,2,The BRICS bloc is growing — and Trump's tariff threat isn't expected to put off aspiring members | India is staring at an 'oil shock' as U.S. sanctions on Russian crude loom
2025-01-20,16372,3,"Dollar steady as markets await Trump inauguration | Charting the Biden economy: Despite all the growth and jobs, a deeply unpopular president | Here are the products and companies most at risk from Trump's tariff plans"
2025-01-21,16331,3,"Interest rates won't fall as fast as expected if tariffs stoke inflation, UBS CEO says | World's biggest sovereign wealth fund warns markets at risk from tariff-fueled inflation | No U.S. tariff impact on travel so far, says Trip.com CEO"
2025-01-22,16327,3,"Trade war is a 'zero-sum game,' Spain's PM warns, as Trump threatens EU with tariffs | Trump threatens Russia with sanctions, tariffs if Putin doesn't end Ukraine war | Jamie Dimon says Trump's tariff policy is positive for national security so people should 'get over it'"
2025-01-23,16276,4,"Singapore eases monetary policy for the first time since 2020, warns of growth slowdown | Oil prices rise amid Trump tariff uncertainty | Gold poised to overtake record peak as dollar drops on Trump remarks | Trump says he'll 'demand that interest rates drop immediately'"
2025-01-24,16200,0,
2025-01-30,16259,8,"Trump imposes tariffs, sanctions on Colombia after it blocks U.S. migrant deportation flights | Currency markets jittery as traders assess DeepSeek, tariff concerns | The Fed meets for the first time since Trump's term started. Here's what to expect | 2 Ukrainians launched a San Francisco startup worth $13 billion—they nearly went broke 'multiple times' on the way | Levi beats earnings estimates but expects pressure this year from strong U.S. dollar | The Federal Reserve holds interest rates steady: Here's what that means for your money | Fed holds rates steady, takes less confident view on inflation | Yen set for best January in seven years as rates path diverge"
2025-01-31,16312,2,"Germany's inflation steady at 2.8% in January ahead of February election | Gold surges past $2,800 as tariff threats reignite record rally"
2025-02-03,16453,3,"'Tariffs are not the answer': Industry and corporate leaders react to Trump duties on Mexico, Canada and China | Gold hits record high as Trump tariffs spur safe-haven buying | Asian currencies weaken as Trump tariffs strengthen the greenback — Indian rupee hits record low"
2025-02-04,16365,2,"Trump reimposes 'maximum pressure' on Iran, aims to drive oil exports to zero | Fed Vice Chair Jefferson advocates remaining cautious on rates as policy drama unfolds"
2025-02-05,16308,5,"What the 'mother of all trade wars' can teach us about U.S. tariffs, according to economists | Ford CEO calls for 'comprehensive' tariff analysis for all countries | India likely to cut benchmark rates for the first time in nearly five years as economy slows, inflation eases | Columbia Sportswear CEO talks tariff impact: 'We need some surety about what's going to happen' | Could Trump's tariffs replace the income tax? Here's what economic policy experts say"
2025-02-06,16330,5,"Yen hits 8-week high; sterling drops after Bank of England rate cut | Bank of England's Bailey says UK can't avoid U.S. tariff impact — even if it's not in the direct firing line | UBS believes the trade battle with China will get worse. Beware these tariff-sensitive stocks | Amazon hit by strengthening dollar, underscoring risks in tech to overseas reliance | How the U.S. has used tariffs throughout history — and why Trump is different, economists say"
2025-02-07,16325,1,"As the war on DEI intensifies, some companies hold the line while others work behind the scenes"
2025-02-10,16350,1,"China's consumer inflation at 5-month high, producer deflation persists"
2025-02-11,16380,2,"In fighting AI chip trade war with China, there's one big mistake U.S. can't afford to make | Consumer price report Wednesday expected to show inflation isn't going away"
2025-02-12,16364,4,"Ford CEO Jim Farley blasts Trump's tariff plans | Consumer prices rise 0.5% in January, higher than expected as annual rate rises to 3% | Trump reciprocal tariffs could come by Thursday, White House says | Dollar takes a breather ahead of U.S. CPI"
2025-02-13,16365,7,"Texas and California are the biggest state losers from Trump's escalating tariffs | A hedge for investors skeptical the government can cut inflation and spending enough to lower rates | Producer prices report points to softer Fed inflation measure than feared | Credit card debt hit a record $1.21 trillion — here's why 'no one should be surprised,' expert says | Trump signs sweeping reciprocal tariff plan, says more coming | President Trump: Will charge reciprocal tariffs and will consider non-tariff barriers | Gold dips on profit-taking, still eyes seventh weekly gain"
2025-02-14,16285,1,"Piper Sandler says the market is making a mistake ignoring Trump's tariff plans, which could be 'enormous'"
2025-02-17,16208,3,"Dollar wobbles, Aussie just below 2-month high ahead of Reserve Bank of Australia decision | Oil falls for 4th day on expectations Russia-Ukraine peace may lift supply | Australia's central bank cuts rates for the first time in more than four years, flags economic uncertainties"
2025-02-18,16275,3,"30% of Americans increased their emergency savings in 2024. That's progress, expert says | Trump says Ukraine 'should never have started it' in comments about war with Russia | Huawei launches $3,660 trifold phone outside of China as it charts international comeback"
2025-02-19,16357,2,"Why President Trump is pursuing a 'sledgehammer' approach with tariffs and global trade deals | Trump suggests 25% tariffs on autos, pharma and semiconductors that could go even higher"
2025-02-20,16344,2,"Moscow loathed the U.S. for years as its economy paid a high price for war — now, it’s doing a U-turn | U.S. dollar stumbles on 'tariff fatigue'; yen soars as BOJ hike bets rise"
2025-02-21,16300,2,"These assets protect against inflation — Why you should be cautious before investing | With tariffs ramping up, this investment option can provide protection against inflation"
2025-02-24,16303,5,"Walmart's worst week since 2022: Retailer's former U.S. CEO Bill Simon thinks Wall Street is getting earnings, tariff risks wrong | CNBC Daily Open: U.S. back on the tariff trail | Here's why Trump tariffs may raise your car insurance premiums | Euro backs off highs as German coalition talks eyed, dollar edges up | Dollar lower after soft consumer confidence as economic worries grow"
2025-02-25,16316,2,"Gold prices steady, investors eye upcoming U.S. PCE data | U.S. dollar wallows near 11-week low amid soft economic data, tariff worries"
2025-02-26,16387,2,The Federal Reserve's favorite recession indicator is flashing a danger sign again | Dollar jumps as Trump tariffs loom
2025-02-27,16431,1,"Trump threatens to slap 25% tariffs on EU, says bloc was always meant to hurt the U.S."
2025-02-28,16575,2,"Malek: Tariff talk is clearly expected to be inflationary | Fed's favorite core inflation measure hits 2.6% in January, as expected"
2025-03-03,16506,3,Brazil's bond market could be an ‘oasis’ for some investors as Trump ramps up tariff threats | Trump dashes hopes for last-minute Canada and Mexico deal ahead of 25% tariffs | Euro zone inflation dips to 2.4% in February as ECB bets point to sixth rate cut
2025-03-04,16443,6,"Chinese manufacturers scramble to mitigate tariff pain amid an escalating global trade war | Trump's Mexico, Canada tariffs are 'clearly' going to cause inflation, says shipping giant Maersk | Canada, Mexico tariffs create 'ripple effects' on consumer prices, economist says | Trump could scale back Canada, Mexico tariffs Wednesday, Lutnick says | 'Tariff taskforce': Pharma firms scramble to prepare even as Trump levies risk flouting WTO rules | Tech stocks are down 7% since Trump's inauguration as trade war fuels uncertainty"
2025-03-05,16371,1,Jack Daniel's maker says Canada pulling U.S. alcohol off shelves 'worse than tariff'
2025-03-06,16315,2,"CNBC Daily Open: Trump paused tariffs for some imports — but Nasdaq falls into correction territory | China’s growth goal will need much stronger stimulus if U.S. trade war intensifies, economists say"
2025-03-07,16336,0,
2025-03-10,16326,2,China to impose retaliatory tariffs on some Canadian products as trade war heats up | Trump rejects pleas from business for more clarity on tariffs: 'They always say that'
2025-03-11,16430,3,"Trump will not impose 50% Canadian steel, aluminum tariffs tomorrow, says top trade advisor | Citi's Max Layton: Latest tariff increase seems to be in response to border & fentanyl talks | L'Oreal CEO plays down the impact of U.S. tariffs, says he's 'not overly concerned'"
2025-03-12,16453,4,"Trump’s 25% tariffs on steel and aluminum imports take effect, Europe retaliates | Canada to impose 25% retaliatory tariffs on $21 billion worth of U.S. goods | U.S. dollar rises but remains pressured against peers with tariffs in focus | Inflation rate hits 2.8% in February, less than expected"
2025-03-13,16428,4,"President Trump threatens Europe with retaliatory 200% tariff on European wine & spirits | Almonds, whiskey, auto parts: EU's retaliatory tariffs set up these U.S. states and local products as the biggest losers | Gold scales record high, sprints towards $3,000 milestone | Dollar General store review and closures dent fourth-quarter earnings"
2025-03-14,16392,1,"The U.S.-Canada trade war could signal a shift in economic ties, experts say"
2025-03-17,16379,2,'See you in four years': Canada flexes economic muscle as tariff negotiations continue | Trump says he will speak with Putin on Tuesday about ending war in Ukraine
2025-03-18,16432,1,The Fed will update its rate projections Wednesday. Here's what to expect
2025-03-19,16528,6,"Nvidia CEO Jensen Huang says tariff impact won't be meaningful in the near term | Federal Reserve holds interest rates steady: What that means for mortgages, credit cards and more | Fed holds interest rates steady, still sees two cuts coming this year | 'Transitory' is back as the Fed doesn't expect tariffs to have long-lasting inflation impacts | Stagflation? Fed sees higher inflation and an economy growing by less than 2% this year | China's central bank follows U.S. Fed in keeping rates steady as tariff threats pressure yuan"
2025-03-20,16481,0,
2025-03-21,16501,2,"Trump says 'there'll be flexibility' on reciprocal tariffs | Tariff fears are raising construction costs by up to 20%, says Related Group CEO"
2025-03-24,16561,1,U.S. extends Chevron's wind-down in Venezuela after Trump unveils 25% tariff
2025-03-25,16622,0,
2025-03-26,16588,4,"Dollar Tree says it's winning over higher-income shoppers and may offset tariffs with price hikes | Lightning Round: Stryker's a good company, despite tariff impacts, says Jim Cramer | Now we know Dollar Tree never had a plan with Family Dollar, says Jim Cramer | Dollar unmoored as traders unsure on tariffs"
2025-03-27,16566,0,
2025-04-08,16849,17,"China urges U.S. to 'immediately' cancel reciprocal tariffs, vows countermeasures | Tariff sell-off not the 'be all end all', says Jefferies' David Zervos | U.S. tariff rates under Trump will be higher than the Smoot-Hawley levels from Great Depression era | These bizarre locations have been hit by Trump's tariffs — including an uninhabited island | CEOs think Trump's tariff plan is a 'huge mistake,' says Altimeter's Brad Gerstner | Trump's new tariffs construct a $1 trillion trade wall around the U.S. economy | The EU could hit Wall Street where it hurts with its tariff response — the tech giants | China to impose 34% retaliatory tariff on all goods imported from the U.S. | U.S. energy secretary’s former company crushed by oil sell-off after Trump tariff escalation | Amid tariff sell-off, investors should avoid ‘dangerous’ investment instincts, behavioral finance experts say | Trump says tariffs will accelerate reshoring, but experts say it's not that easy | Zuckerberg, Bezos and Musk each lose more than $23 billion after Trump tariffs spark market meltdown | How much do stocks have to drop before trading is halted? The details on market 'circuit breakers' | Trump's tariffs were expected to boost the dollar, but recession fears are dragging it down | Auto sales are on a 'roller coaster ride' as tariffs are expected to increase prices | China says it will 'fight to the end' after Trump threatens 50% additional tariffs | Yen, Swiss franc jump in volatile trade as global recession fears grow"
2025-04-09,16943,4,"Apple has best day since 1998 on Trump's 90-day tariff pause | 10-year Treasury yield falls from highs after auction eases concerns about demand for U.S. debt | Trump tariffs: The No. 1 way you can prepare for uncertainty, says self-made millionaire—'I'm building a war chest' | Jamie Dimon says a recession is 'likely outcome' from Trump's tariff turmoil"
2025-04-10,16779,5,"U.S. dollar index suffers biggest drop since 2022, hits new low for the year | Trump's triple-digit tariff essentially cuts off most trade with China, says economist | Freight orders surge on Trump tariffs trade whipsaw: 'The ships are filling up' | KeyCorp CEO talks tariff impact: 'The notion of reshoring is real' | Trump trade war uncertainty threatens U.S. oil production"
2025-04-11,16805,1,"Apple is left without a life raft as Trump’s China trade war intensifies, analysts warn"
2025-04-14,16773,5,"Trump exempts phones, computers, chips from new tariffs | Trump's nuclear talks with Iran come at a crossroads between a deal and all-out war, experts fear | Zero-day options are fueling the unprecedented volatility on Wall Street amid tariff chaos | Treasury yields fall as tariff-driven volatility permeates through bond market | Lindt & Sprüngli is largely insulated from tariff harm, says CEO"
2025-04-15,16815,0,
2025-04-16,16845,3,"Medical product manufacturers are divided over Trump's tariffs | Global trade outlook has 'deteriorated sharply' amid Trump tariff uncertainty, WTO warns | U.S. vehicle supply is falling amid tariff fear-buying"
2025-04-17,16833,0,
2025-04-21,16808,0,
2025-04-22,16862,0,
2025-04-23,16880,1,PayPal introduces 3.7% yield on stablecoin balances to boost payments activity
2025-04-24,16884,0,
2025-04-25,16829,0,
2025-04-28,16862,0,
2025-04-29,16787,0,
2025-04-30,16679,4,"President Trump's trade war hits his second-favorite set of wheels, the golf cart | Treasury yields fluctuate after data shows economic contraction and greater inflation | Trump calls China the 'chief-ripper-offer' on trade, with no sign of direct talks | Dollar General is one of the best stock performers of Trump's first 100 days"
2025-05-02,16493,8,"Automakers report significant April sales increases amid tariff fear-buying, but the good times may not last | Apple has managed tariffs so far, but Cook lacks long-term answers | U.S. Chamber of Commerce asks Trump for tariff exclusions to 'stave off a recession' | Amazon CEO Jassy says he's 'optimistic' company could emerge from tariff uncertainty stronger | U.S. and Ukraine sign landmark minerals deal after months of fraught negotiations | Dollar takes a breather; yen slips after BOJ | Here's how China could retaliate against U.S. tariffs | Euro zone inflation unchanged at 2.2% in April, leaving path open for further ECB interest rate cuts"
2025-05-05,16421,2,Dollar under water as surge in Taiwan dollar spills over | 'Dumpster fire': Retailers urge shoppers to buy now before tariffs raise prices
2025-05-06,16472,1,Taiwan dollar eases after historic surge as officials deny currency talks with U.S.
2025-05-07,16533,1,Fed holds rates steady as it notes rising uncertainty and stagflation risk
2025-05-08,16497,2,"Trump unveils United Kingdom trade deal, first since 'reciprocal' tariff pause | Shopify stock slips on light guidance, company notes tariff 'uncertainty'"
2025-05-09,16532,0,
2025-05-14,16568,15,"Trump's trade war is giving renewed importance to advertising Upfronts | Pope Leo XIV appeals to world powers for 'no more war' in first Sunday appearance | Putin proposes direct peace talks with Ukraine after three years of war | U.S. and China agree to slash tariffs for 90 days in major trade breakthrough | A 'huge win' for bulls: Markets soar on U.S.-China deal as Wall Street sees more upside | Trump China trade deal: Tariff pause means new surge in freight shipments, and higher prices | China sees the U.S. trade deal as a huge win for Beijing | Gold falls 3% as U.S. and China strike tariff deal | Dollar gains versus yen, franc on Sino-US trade optimism; yuan firms | Trump says U.S. will remove all sanctions on Syria | Annual inflation rate hit 2.3% in April, less than expected | Here’s the inflation breakdown for April 2025 — in one chart | Treasury yields move higher as investors weigh inflation and await news on spending | Trump meets Syrian leader in Saudi Arabia the day after announcing end of U.S. sanctions | Easing U.S.-China trade tensions send gold lower as safe-haven demand weakens"
2025-05-15,16535,3,Birkenstock hikes price of sandals to offset tariffs | Gold prices rise over 1% on softer dollar and weak economic data | Treasury yields slide after wholesale prices unexpectedly decline
2025-05-16,16424,1,China tariff 'stacking' pushes true cost of import taxes well above 30% on many consumer products
2025-05-19,16455,4,"Fed's Bostic says he's 'leaning' toward just one rate cut this year | China cuts benchmark lending rates for the first time in 7 months in Beijing's growth push | Dollar softens on U.S. ratings downgrade; trade tensions back on radar | Trump tariffs create the ‘perfect storm’ for scams, cybersecurity expert says — 3 red flags to watch out for"
2025-05-20,16406,3,"Why Walmart decided to say it would raise prices — and risk Trump’s fury | Gold firms as dollar slips further, geopolitical uncertainty lingers | Russia-Ukraine war not near end, 'do not understand Trump's affinity for Putin': Former Vice President Dan Quayle"
2025-05-21,16413,1,UK inflation surges to 3.5% in April as household bills spike
2025-05-22,16313,3,"Universal leans into theme parks with multibillion-dollar Epic Universe, even as economic uncertainty looms | Japan's core inflation climbs to 3.5%, highest in more than 2 years | Russia’s struggling war economy might be what finally drives Moscow to the negotiating table"
2025-05-23,16289,4,"BYD beats Tesla in European EV sales despite EU tariffs in 'watershed moment,' report says | Trump calls for 50% tariff on EU, says he's 'not looking for a deal' with bloc | How big European Union tariff could backfire on Trump, according to trade, freight experts | Singapore's core inflation edges up in April; price risks seen tilted to downside"
2025-05-26,16207,1,Companies turn to AI to navigate Trump tariff turbulence
2025-05-27,16255,2,Trump advisor Hassett says 'we don't want to harm' Apple with iPhone tariffs | China auto market price war stokes fears of industry shake-out
2025-05-28,16300,5,"Dollar gains on trade optimism, yen slips | Trump says he's not 'chickening out' on trade: 'It's called negotiation' | Federal trade court strikes down Trump's reciprocal tariffs | Trump on tariff pause: 'It's called negotiation' | Fed worried it could face 'difficult tradeoffs' if tariffs reaggravate inflation, minutes show"
2025-06-02,16297,7,"Dollar surges after U.S. court blocks Trump's tariffs | Dollar poised for fifth-straight monthly drop on trade, fiscal uncertainty | German inflation eases to hotter-than-expected 2.1% in May | Gold ticks lower, markets digest tariff developments | Here are the retailers raising prices as Trump tariffs take hold | Gold falls from near four-week peak on firm dollar; traders eye Trump-Xi call | In China, 'The Great American' burger is now made with Australian beef"
2025-06-03,16288,3,"Dollar slips after data disappoints; Trump calls for rate cut | Wells Fargo escapes Fed's asset cap after seven years, able to pursue growth | Euro zone inflation falls to cooler-than-expected 1.9% in May, below ECB target"
2025-06-04,16305,2,Swiss franc's safe haven status is proving to be a headache for the nation | Trump says 'Too Late' Powell must lower interest rates after weak ADP jobs report
2025-06-05,16277,4,"How big trade deficit drop as tariffs hit imports is playing out inside U.S. supply chain and economy | Involution or evolution? China wants to stop the EV price war, but analysts are doubtful | Brown-Forman shares plummet as whiskey maker warns of tariff uncertainty | What Germany's Merz wants to tackle in Trump meeting"
2025-06-10,16276,7,"Sweden is feeling the heat from Trump tariffs — and there's more to come | Dollar advances against peers after strong U.S. economic data | China consumer prices slump again, deepening deflation worries as demand stays weak | Dollar dips after jobs-fueled rally; U.S.-China talks in focus | Shein seen boosting Indian manufacturing as U.S.-China trade war shakes up supply chains | Inflation readings and Treasury auctions to test the bond market. Here's what to expect | In China, fears grow of an EV financial crisis amid pricing war"
2025-06-11,16265,3,"Trump's 'done' deal with China: Trade damage will remain, logistics firms and retailers say | Here's the inflation breakdown for May 2025 — in one chart | 10-year Treasury slips after tame inflation data and successful auction"
2025-06-12,16237,4,"Shares of RH jump as luxury retailer takes steps to blunt tariff impact | Here are the three reasons why tariffs have yet to drive inflation higher | Prices for common baby items are rising due to Trump's tariffs, congressional analysis says | Trump calls Fed chief Powell 'numbskull' as he urges interest rate cut"
2025-06-13,16293,2,"Dollar trades higher after mixed U.S. data, but Mideast conflict keeps mood tense | Consumer sentiment reading rebounds to much higher level than expected as people get over tariff shock"
2025-06-16,16296,1,CNBC Daily Open: Israel's conflict with Iran sends tremors through markets
2025-06-17,16281,3,"Monopoly maker Hasbro cuts 3% of total workforce amid higher tariff costs | Investors see stagflation ahead but slow interest rate cuts, CNBC Fed survey finds | Spotify's Daniel Ek leads $694 million investment in defense startup Helsing"
2025-06-18,16319,5,"Fed sees its preferred inflation gauge topping 3% this year, higher than previous forecast | Dollar trades lower as Fed leaves rates unchanged, investors focus on Israel-Iran conflict | Fed holds interest rates steady: What that means for your credit cards, auto loans, mortgage and more | UK inflation lingers at 3.4% in May, bolstering case for interest rate hold | 'Tariff engineering' is making a comeback as businesses employ creative ways to skirt higher duties"
2025-06-19,16378,1,Switzerland enters era of zero interest rates
2025-06-20,16399,1,Fed Governor Waller says central bank could cut rates as early as July
2025-06-23,16484,8,Trump pledged to be a 'peacemaker' in the Middle East — now the United States is entering a new war | The Israel-Iran conflict and the other big thing that drove the stock market this week | Oil at $100 a barrel? U.S. role in Iran-Israel fight fuels market jitters | China’s support for Tehran grows more restrained as U.S. enters war between Israel and Iran | Safe-haven gold gains as Iran-Israel tensions escalate | Dollar firms as markets brace for Iran response to U.S. attacks | Fed Chair Powell speaks on Capitol Hill this week with politics front and center | Dollar surge could be short-lived after U.S. strike on Iran
2025-06-24,16370,3,Dollar drops after cease fire announcement | China doubles down on promoting yuan as confidence in U.S. dollar takes a beating | Powell emphasizes Fed's obligation to prevent 'ongoing inflation problem' despite Trump criticism
2025-06-25,16292,1,Retailers are rushing returns back to resale market as Trump tariff costs hit item economics
2025-06-26,16233,5,"Dollar hits fresh lows as Trump attacks threaten Federal Reserve credibility | H&M shares jump as it flags summer shopping pick-up, says considering tariff price hikes | McCormick is well-positioned to fully mitigate tariff impact in 2025, says CEO | CNBC's Inside India newsletter: Iran-Israel war sparks fresh interest in India's defense sector | Gold steady as investors await U.S. inflation data, Mideast tensions ease"
2025-06-30,16231,6,"China skirts U.S. sanctions as top buyer of Iranian oil — here’s how, and why that’s unlikely to change soon | Trump shrugs off July tariff deadline: 'We can do whatever we want' | Deep inside U.S. economy, more sticker prices start going up due to tariffs, and inventory is headed down | Core inflation rate rose to 2.7% in May, more than expected, Fed’s preferred gauge shows | Trump administration exploring $30 billion civilian nuclear deal for Iran | German inflation unexpectedly falls to 2% in June, hitting ECB's target"
2025-07-01,16192,5,"Dollar wallows near 3-1/2-year low as Fed cuts, Trump bill in focus | Online shopping sees biggest slowdown in over decade as tariffs disrupt e-commerce: Survey | Euro zone inflation edges higher, hitting ECB's 2% target in June | Powell confirms that the Fed would have cut by now were it not for tariffs | European Central Bank's latest rate cycle is 'done,' chief economist says"
2025-07-02,16236,2,"Gen Z is grappling with global chaos—here's how they're coping with 'inheriting broken systems' | Inside America's department stores, tariff-triggered price hikes are picking up"
2025-07-03,16209,2,"Retailers avoided a worst case scenario in Vietnam. But executives say Trump's trade deal could still hit consumers | S&P 500 hits new highs—here's how much $1,000 invested 20 years ago is worth today"
2025-07-04,16204,0,
2025-07-07,16237,5,"Getting to Europe is cheaper this summer — but everything costs more when you're there | Gold pares losses after Trump levies 25% tariffs on Japan, South Korea | The euro is soaring — and Trump's policies could push it even higher | Tariffs, declining real wages, slowing growth: Japan's central bank has its work cut out | Trump announces steep tariffs on 14 countries starting Aug. 1"
2025-07-08,16238,1,Trump tariffs raise the specter of sharper economic downturn for South Korea and Japan
2025-07-09,16254,5,"Dollar cedes ground to euro, Swiss franc shines in global reserves, IMF data shows | Embattled Iran slams consequences of war on oil markets | Trump says 50% tariff on copper imports will begin Aug. 1 | Most Fed officials see rate cuts coming, but opinions vary widely on how many, minutes show | Trump's tariffs on cars, copper, drugs, aluminum could hit harder than other levies"
2025-07-10,16220,2,Trump readies blanket tariffs as he brushes off inflation worries | Levi's CEO Michelle Gass says strong international business helps ward off tariff impact
2025-07-11,16221,2,This 'quiet luxury' Italian brand is shaking off tariff woes as sales jump | Trump's 200% tariff threat leaves pharma firms scrambling with scenario planning
2025-07-14,16247,4,"Singapore dodges recession on manufacturing growth, warns of bumpy recovery | Port of Los Angeles sees record container traffic as shippers race to beat Trump's tariff deadlines | Trump's 30% tariff letter leaves EU scrambling to bring U.S. on side | In middle of Trump's trade war, importers hold more cash and move inventory off the books"
2025-07-15,16281,3,Kelly Evans: Stablecoins to the rescue | How to navigate trade war's metals and mining conflicts using ETFs | Oil edges lower as Trump's 50-day deadline for Russia eases supply fears
2025-07-16,16288,2,Wholesale inflation measure was unchanged in June | Trump denies that he plans to fire Powell: 'Highly unlikely'
2025-07-17,16329,1,"Markets will 'crash' if Trump fires Powell, Sen. Warren warns"
2025-07-18,16301,2,How the EU is preparing to reach a tariff deal in Trump's game of chicken | President Trump: We're not going to let the dollar slide
2025-07-21,16330,5,Bangladesh signs U.S. wheat-import deal in bid to curb tariff pressure | China's EV price war – and how buyers & sellers feel about lower prices | Bessent: Imposing Aug. 1 tariffs 'will put more pressure' on trade partners for deals | U.S. plays hardball on tariffs deadline as EU battles for a deal | Treasury Secretary Bessent calls for a review of 'the entire' Federal Reserve
2025-07-22,16307,2,"White House releases U.S.-Indonesia trade deal framework, final talks underway | Sen. Mike Lee posts, deletes fake Fed Chair Powell resignation letter: Reports"
2025-07-23,16298,3,"Trump tariffs, inflation have some parents worried about back-to-school shopping costs | CNBC Daily Open: Japan markets rally on the country's 15% tariff rate — it's a new era of trade | Singapore inflation remains at over four-year low ahead of monetary policy decision"
2025-07-24,16283,2,Turkey's central bank makes three-point cut to interest rates in return to easing | European Central Bank holds interest rates as tariff turmoil keeps policymakers on edge
2025-07-25,16325,1,"U.S. dollar rises, but on track for weekly drop ahead of Fed, BOJ"
2025-07-28,16341,5,"Trump’s tariff deal offers scant relief for Japan automakers as bigger threat looms | Trump trade rep sets low bar for China trade talks, no 'enormous breakthrough' expected | Judge rejects bid by Trump ally to open Fed interest rate meeting to the public | Trump gives Russia less than two weeks to reach peace deal with Ukraine | Even with high tariffs, Trump's trade war suddenly is starting to look not so scary on Wall Street"
2025-07-29,16399,3,"Bessent to American businesses: 'Not the end of the world' if April 2 tariffs kick in | The Fed is unlikely to cut rates Wednesday, but this meeting is packed with intrigue | Trump's tariffs could soon bring higher food prices for some Americans, analysis finds"
2025-07-30,16387,6,"Trump slaps universal 50% tariff on copper imports; metal's price plunges | Trump announces 25% tariff on India plus 'penalty' for trade with Russia | Treasury yields rise as Powell signals concern about tariffs causing inflation | Trump says Friday tariff deadline 'will not be extended' | Fed holds interest rates steady: What that means for car loans, credit cards, mortgages and more | Trump’s tariff deadline is near. Here’s a look at countries that have a deal — and those that don't"
2025-07-31,16459,1,Trump extends Mexico's 25% tariffs for 90 days as talks continue
2025-08-01,16494,3,"Another late-night Trump trade twist — just hours before the world hit go | Switzerland reels from 39% Trump tariff | Fed governors Bowman, Waller explain their dissents, say waiting to cut rates threatens economy"
2025-08-04,16388,1,‘Everything is about to get really expensive’: Small-business owners say Trump tariffs could force them to raise prices
2025-08-05,16388,4,"CNBC Daily Open: Trump's interview suggests he's not backing down from his policies | Russia's economy 'stinks,' Trump says, and lower oil prices will stop its war machine | Russia weighs in on U.S.-India tariff spat, saying New Delhi can choose its own trade partners | Trump says pharma tariffs could eventually reach up to 250%"
2025-08-06,16379,5,War-weary Syria will be hurt further by Trump's 41% tariff rate — the highest on earth | Shopify stock soars 21% on rosy guidance as CFO says tariff hit 'did not materialize' | Sony hikes profit forecast seeing smaller trade war impact | From 'great friend' to 'tariff king': The changing shades of the U.S.-India relationship | Trump faces a variety of choices as he seeks to fill Fed vacancies
2025-08-07,16312,4,"Trump's latest chip tariff declaration raises more questions than answers | Trump to nominate economic advisor Stephen Miran to be new Fed governor, replacing Kugler | India's $434 billion merchandise exports engine: What's at stake as Trump's 50% tariffs kick in | Tariffs was the hot topic of 2025. See the full list of U.S. duties around the world"
2025-08-08,16299,1,Treasury yields rise as investors weigh the state of U.S. growth and inflation
2025-08-11,16253,4,Fed's Bowman: Latest jobs data strengthens support for three rate cuts in 2025 | How much money you need to be considered wealthy across the U.S.—it's over $2 million in most places | Oil prices ease as US and China extend tariffs deadline | U.S.-China high-stakes tariff truce extension hangs in the balance as deadline looms
2025-08-12,16298,3,"Sidelined from Trump-Putin talks, Ukraine warns the world not to trust Russia | Putin wants a photo op with Trump and a sanctions delay, says EU foreign policy chief | India consumer inflation slows for ninth straight month — hits lowest since 2017"
2025-08-13,16237,5,"Port of Los Angeles broke a century-old record as tariff threats triggered import surge | Coffee and tea prices continue to ramp up due to tariffs, worrying retailers and importers | As Trump berates Goldman, other economists agree that higher tariff inflation is coming | Gold gains on weak dollar, investors ramp up Fed rate cut bets | How Big Tech is paying its way out of Trump's tariffs"
2025-08-14,16109,5,"Potential Fed chair pick David Zervos of Jefferies backs aggressive interest rate cuts | Putin vs. Trump? Ukraine talks could be a test of statecraft | Japan's economy expands more than expected in second quarter as exports remain resilient | School lunch prices are up — whether you pack it or buy it, reports find | Tariff-driven price hikes may be hidden by products stuck in 'the middle mile'"
2025-08-15,16162,1,Five things at stake in Trump and Putin’s high-level talks
2025-08-19,16241,5,"Zelenskyy to meet with Trump after Putin talks end without a ceasefire | Dollar braces for busy week of geopolitics and Fed speak | Gold falls as investors await Fed's Jackson Hole conference | How far a $100,000 salary goes after taxes in every U.S. state | Trump expands 50% steel and aluminum tariffs to include 407 additional product types"
2025-08-20,16291,2,Dollar grinds higher with Fed in focus in run-up to Jackson Hole | Gold slips as dollar firms ahead of Powell's Jackson Hole speech
2025-08-21,16283,2,CNBC Daily Open: Jackson Hole takes on new significance amid Trump's pressure on the Fed | Kansas City Fed's Schmid shows hesitation about widely expected September rate cut
2025-08-22,16340,6,"John Deere faces a crossroads amid decreasing demand, increasing investments | Cleveland Fed's Hammack casts doubt on interest rate cuts amid inflation worries | Trump says he'll fire Fed Governor Lisa Cook 'if she doesn't resign' | India, Russia vow to deepen trade ties, defying Trump’s tariff threats over oil | Gold gains as Powell’s comments fuel rate cut hopes | Here's what current and former Fed officials are saying about Lisa Cook investigation"
2025-08-25,16255,4,"This investing strategy is 'extremely effective,' even when markets are volatile, CFP says | Dollar struggles to recover from dovish Powell gut punch | 'They have to give us magnets': Trump warns of 200% tariff on China if exports are curbed | Trump tells Fed's Lisa Cook she's fired; she says 'he has no authority to do so'"
2025-08-26,16277,2,"Lisa Cook will sue over Trump firing from Fed board, her lawyer says | Fed responds to Trump effort to fire Lisa Cook, notes president needs 'cause'"
2025-08-27,16355,1,Fed's John Williams stresses independence as Trump moves to fire Lisa Cook
2025-08-28,16356,1,Judge in Lisa Cook case sets Friday hearing on Trump effort to fire Fed governor
2025-08-29,16461,3,"Core inflation rose to 2.9% in July, highest since February | NatWest falls 5% as British bank shares decline on windfall tax jitters | Higher inflation and unemployment cast shadow over Europe's biggest economy"
2025-09-01,16463,4,Trump tariffs that are voided by — and ones that are safe from — Friday's appeals court ruling | U.S.-run 'Gaza Riviera’: Post-war redevelopment plan sees 'voluntary relocation' of millions | Bessent expects Supreme Court to uphold legality of Trump's tariffs but eyes Plan B | Trump keeps threatening to punish Putin. Here's what's holding him back
2025-09-02,16418,5,Treasury yields jump on prospect of U.S. having to refund tariff money; 30-year yield tops 4.97% | Abbe Lowell: The veteran defense lawyer squaring off against Trump in Federal Reserve fight | Trump will ask Supreme Court for 'expedited ruling' on tariffs appeal | Asia markets close mixed as tariff concerns weigh | China's Xi says the world faces 'peace or war' as Trump claims Beijing conspiring against U.S.
2025-09-03,16424,1,"Waller, in the running for chair, says Fed should start cutting this month and can adjust pace"
2025-09-04,16438,0,
2025-09-08,16348,0,
2025-09-09,16462,0,
2025-09-10,16457,3,"Wholesale prices unexpectedly declined 0.1% in August, as Fed rate decision looms | U.S. dollar slightly lower against yen, euro, after producer price data | Poland shoots down Russian drones as Ukraine warns Putin is ‘testing the West’"
2025-09-11,16468,5,"U.S. warns of response to 'witch hunt' after Brazil’s Bolsonaro sentenced to 27 years | 10-year Treasury yield falls to 4% as traders weigh more inflation data; jobless claims rise to highest since 2021 | U.S. dollar eases after slightly hotter inflation, jobless claims uptick | Trump’s pressure on Europe to slap 100% tariffs on India and China raises eyebrows | China warns Mexico to 'think twice' before raising tariffs, threatens countermeasures"
2025-09-12,16391,3,"Treasury yields fall as Empire State index weakens more than Wall Street expected | How Russia’s ‘salami-slicing’ strategy is testing the West | Tether reveals USAT stablecoin, appoints Bo Hines, former White House advisor, to lead U.S. business"
2025-09-15,16405,1,Federal Reserve may cut rates for the first time since 2024 — here are four key money moves to consider now
2025-09-16,16385,0,
2025-09-17,16430,8,"How to maximize your income now that Federal Reserve has cut rates | The Fed just cut interest rates—how much cheaper credit cards, auto loans and mortgages could get | Fed approves quarter-point interest rate cut and sees two more coming this year | As U.S. jobs disappear, the Federal Reserve returns to rate cuts | CNBC Daily Open: The financial world holds its breath for the Fed meeting | Dollar slips after Fed cuts benchmark rate by a quarter point | DHL is on customs agent hiring spree as Trump's trade war, reshoring bring big changes to U.S. shipping | Gold hits all-time peak as Fed resumes easing cycle"
2025-09-18,16498,3,Japan's Nikkei 225 erases gains to trade lower after BOJ keeps interest rate steady | Trump hints at 'good news' coming on the Russia-Ukraine war | Fed cut sets stage for Asia’s next easing wave amid trade strains
2025-09-19,16578,2,"Apple CEO Tim Cook says iPhone price hikes are not tied to tariffs | Miran says he doesn't see tariffs causing inflation, putting him in minority on Fed committee"
2025-09-22,16607,1,"Sterling rises versus dollar, but fiscal concerns still in focus"
2025-09-23,16636,1,Treasury yields slip as Fed Chair Powell highlights 'challenging situation' between inflation and job growth
2025-09-24,16680,1,"U.S. expands tariff dragnet to masks, syringes and robotics in sweeping import probe"
2025-09-25,16752,4,"Trump slaps 25% tariffs on heavy truck imports, starting Oct. 1 | Dollar set for second straight week of gains after data shows US economic resilience | Ken Griffin says more tariff impact on inflation is still ahead, Fed should be independent | Asian pharma stocks extend declines after Trump slaps 100% levies on branded drugs"
2025-09-26,16775,1,U.S. pharma tariffs spare India’s generic drugmakers — but leave investors jittery
2025-09-29,16680,5,"President Trump posts cartoon image depicting him firing Fed Chief Powell | Trump sets 10% tariff on lumber imports, 25% on cabinets and furniture | Gold hits record high on rate-cut bets, US government shutdown fears | Trump ‘Truths’ about tariffs on films and furniture raise questions on details | Dollar weakens after strong rally as U.S. government shutdown looms"
2025-09-30,16692,2,"Nike posts surprise sales growth, but warns of sluggish holiday season and bigger than expected tariff hit | Dollar soft as possible U.S. shutdown, jobs report delay hurt sentiment"
2025-10-01,16680,4,Trump's pharmaceutical tariff threat loses bite after Pfizer deal reassures drugmakers | India holds rates steady at 5.5% in line with forecast as central bank assesses earlier cuts | Russia named a 'permanent threat' to Europe's security as leaders discuss a drone wall | The government shutdown is likely to cement additional Fed interest rate cuts
2025-10-02,16612,4,"Silicon Valley’s new defense tech startups are pulling billions in funding to challenge legacy giants | Dollar slides as U.S. government shutdown, poor jobs data weigh | After trade war's extreme import swings, messy GDP readings, supply chain's next wildcard is pent-up inflation | Russia's economy is creaking — and the Kremlin wants Russians to pay more for the war"
2025-10-03,16611,3,Treasury weighs minting $1 coin with Trump's face for U.S. 250th anniversary | Chicago Fed President Goolsbee 'a little wary' about cutting interest rates too quickly | Detroit auto stocks jump on report of tariff relief for U.S. vehicles
2025-10-06,16598,2,"Japanese yen, euro slide against dollar on fiscal concerns | Aston Martin shares fall 10% as luxury carmaker issues fresh profit warning on tariff turmoil"
2025-10-07,16560,3,"Dollar Tree gets a downgrade from Jefferies as discount retailer struggles versus competitors | Yen slides to 2-month low on Japan election angst | Gold price reaches $4,000 an ounce for the first time ever"
2025-10-08,16606,4,"Yen weakest since mid-February on fiscal fears | Oil prices rise on worries about Russian output, higher US oil demand | Trump says deal to end Gaza war is 'very close' | Israel, Hamas agree to first phase of Gaza peace plan, allowing release of hostages and prisoners"
2025-10-09,16534,3,The 'debasement trade' is the talk of Wall Street. What is it and is it too late to get in? | Former Fed Governor Larry Lindsey withdraws name for Fed chair | China’s Golden Week travel boom masks a bruising price war
2025-10-10,16585,2,Trump threatens 'massive' tariff hike on China over rare earths dispute | Oil prices fall more than 3% as risk premium fades after Gaza deal
2025-10-13,16580,5,"New tariff threats crush stocks during a big week for Nvidia and key portfolio moves | These stocks are now oversold after Trump tariff threat sparks sell-off | China 'not afraid of trade war,' accuses U.S. of 'double standard' for rare earths retaliation | Trump might give Tomahawk missiles to Ukraine — could they be a game-changer in the war? | 'Long and painful nightmare' is over, Trump says, on historic day for the Middle East"
2025-10-14,16577,4,"Dollar rebounds as fears of renewed U.S.-China trade feud abate | Trump says the war is over, but the path to peace in the Middle East is fragile | Fed's Powell suggests tightening program could end soon, opens door to rate cuts | How China's rare earth restrictions could disrupt the U.S. defense industry and reignite a trade war"
2025-10-15,16577,1,"Gold extends record run past $4,200 on rate-cut hopes, safe-haven fervor"
2025-10-16,16580,2,"Tariff costs to companies this year to hit $1.2 trillion, with consumers taking most of the hit, S&P says | China accuses U.S. of deliberately causing panic over rare earth controls, says it is open to talks"
2025-10-17,16590,2,"Gold pulls back after record high on firm dollar, Trump's China remarks | Dollar set for weekly loss as investors worry over trade, U.S. banks"
2025-10-20,16585,2,"Bessent, Chinese vice premier to meet to try to defuse escalation of U.S. tariffs | Cost and chaos continue to test resiliency of U.S. auto industry"
2025-10-21,16589,4,"How to rethink your portfolio as the Fed cuts interest rates, according to top financial advisors | GM stock soars 15% as automaker raises guidance, beats Q3 earnings | This week's critical inflation report comes with a variety of doubts about the data | Yen drops after Takaichi elected as Japan PM, dollar firms"
2025-10-22,16617,7,"Argentine peso hits fresh lows despite U.S. support — and it could be about to get worse | Trump port fees slap shipper with $34 million tariff bill: 'They are showing us the door,' says shocked U.S. freight CEO | Gold prices slide further as dollar firms, investors book profit | Oil jumps 5% after Trump administration sanctions big Russian oil companies | Treasury yields are little changed as investors look ahead to inflation report | Bank of Korea holds rate at 2.5% as tighter property rules kick in | UK rate cut hangs in the balance after latest inflation data"
2025-10-23,16645,2,"Trump says he expects to reach deal with China on trade, soybeans, possibly nuclear arms | China and India to face supply jolt as U.S. targets Russia's oil giants"
2025-10-24,16630,5,"Traders get their wish as inflation numbers give Fed greenlight to cut twice more this year | Gold slips below $4,000 per ounce as US-China trade progress cools safe-haven demand | Fed is underplaying U.S. inflation risks for next year, economist warns | Trump claimed Canada's anti-tariff ad twisted Reagan's words. Compare for yourself | Inflation rate hit 3.0% in September, lower than expected, long-awaited CPI report shows"
2025-10-27,16628,2,Trump aims to clinch deal with China's Xi during Asia trip | Japanese yen strengthens after officials ease policy concerns
2025-10-28,16622,1,The Fed is expected to approve another rate cut Wednesday. Here's what else to expect
2025-10-29,16631,3,"There were two Fed dissenters: Miran wanted a bigger cut and Schmid voted for no easing at all | Powell says AI is different from dotcom bubble and is major source of economic growth | Trump 'losing' trade war with China going in to Xi meeting, Senate Democrats say in report"
2025-10-30,16640,7,"Trump cuts fentanyl tariffs on China to 10% as Beijing delays latest rare earths curbs by a year | Novo Nordisk enters bidding war with Pfizer over U.S. biotech Metsera | European Central Bank holds rates steady as economy shows resilience | A 'war room' mentality: How auto giants are battling the Nexperia chip crunch | Russia on guard after Trump's call to resume nuclear weapons testing | Merck tops estimates on Keytruda strength and narrows profit outlook, as it lowers estimated tariff hit | Gold gains as Fed trims rates, investors assess U.S.-China trade deal"
2025-10-31,16625,3,"Gold slips 1% on rate cut uncertainty, set for third monthly rise | 10-year Treasury yield touches 4.10% following a big rebound this week thanks to a cautious Fed | Chocolate's reign over Halloween is under threat from inflation, tariffs and high cocoa prices"
2025-11-03,16664,3,"Fed Governor Lisa Cook, in first policy speech since Trump suit, says she's undecided on Dec. rate cut | Trump backtracks on attending Supreme Court tariffs case arguments | Pfizer files second lawsuit against Novo Nordisk, Metsera in bidding war over obesity biotech"
2025-11-04,16724,0,
2025-11-05,16729,4,"Taser maker Axon plunges 9% after earnings fall short due to tariff hit | Rising household debt balances point to worsening 'K-shaped' economic divide | Retailers are raising prices to meet tariffs. Amazon is hiking more than others | E.l.f. Beauty stock plunges 29% on weak guidance, tariff impact"
2025-11-06,16707,1,"Gold gains as dollar softens, U.S. shutdown jitters persist"
2025-11-07,16704,5,"Inside the Gulf's trillion-dollar AI gamble | U.S. grants Hungary exemption on Russia sanctions after warm Trump-Orban meeting | Dollar on track for nearly flat week amid Fed outlook, China trade data | Japan's declining real wages upend Prime Minister Takaichi's 'Abenomics' as inflation shrinks wallets | Shutdown means another missed jobs report Friday. Here's what it probably would have shown"
2025-11-10,16666,3,"Oil prices rise as investors balance sanctions risks, oversupply worries | American farmers push to boost soybean sales in China as Trump's trade war rumbles on | Miran says half-point cut 'appropriate' for December, but Fed should at least reduce by a quarter point"
2025-11-11,16698,2,"If the Supreme Court orders Trump to repay tariffs, U.S. importers say it wouldn't be 'messy' | Trump hints at cutting tariffs on India as loyalist Sergio Gor sworn in as ambassador"
2025-11-12,16722,2,"Supreme Court to hear arguments on Trump bid to fire Fed Gov. Lisa Cook on Jan. 21 | Boston Fed President Collins advocates holding rates steady, sees 'high bar' for further cuts"
2025-11-13,16732,1,Trump tariffs are helping drive U.S. beef prices to new highs
2025-11-14,16710,2,"Safe-haven Swiss franc gains, pound drops on UK budget shift | September jobs report will be out Thursday as first data since shutdown starts to trickle out"
2025-11-17,16734,3,Former Fed Gov. Adriana Kugler violated trading rules while at central bank: ethics report | Dollar firms as traders await return of U.S. data | Invitation Homes CEO Dallas Tanner talks housing demand and inflation
2025-11-18,16760,2,Gold gains on soft economic data; traders weigh U.S. rate cut chances | Gold edges higher on risk aversion ahead of key U.S. data
2025-11-19,16732,4,"UK inflation cools to 3.6% in October, boosting chance of a Christmas rate cut | Yen falls as Japan monitors market with 'sense of urgency', sterling down after CPI | Yen slumps, dollar jumps as rate cut bets recede | The U.S. just minted its final penny—why you may want to cash in your coins now"
2025-11-20,16742,2,"Japan's core inflation in October rises to a 3-month high, supporting the case for rate hikes | Cleveland Fed's Hammack supports keeping rates around current 'barely restrictive' level"
2025-11-21,16719,5,"Dollar weakens versus yen, but heads for weekly rise | Oil prices and energy stocks fall on Trump’s new Ukraine peace plan | The average net worth of Americans age 35 to 44 — and how to grow yours | New York Fed President Williams sees room for 'further adjustment' to rates | Ukraine’s Zelenskyy says Kyiv ‘geared up for clear and honest work’ as U.S. pushes for progress on peace plan"
2025-11-24,16709,2,"Fed's Collins: Still leaning against cutting rates in December amid persistent inflation, labor market risks | US dollar mixed as market digests Fed comments; yen slides"
2025-11-25,16667,1,"New Zealand central bank cuts rates to over 3-year low, signals end to easing cycle"
2025-11-26,16673,2,"Why Medicare price negotiations matter for Novo Nordisk, AstraZeneca, and other European pharma companies | AI data center 'frenzy' is pushing up your electric bill — here's why"
2025-11-27,16644,1,"Putin breaks his silence on Ukraine peace plan, says Moscow ready for 'serious' talks"
2025-11-28,16661,2,What’s going on at Nexperia? China’s Wingtech escalates war of words with Dutch chipmaker | U.S. dollar set for worst week since July as Fed rate cut looms
2025-12-01,16668,6,Yen rises on Ueda comments; dollar braces for crucial December | How much money you need to be in the wealthiest 10% of Americans | Gold touches six-week high as rate cut bets weigh on dollar; silver hits record high | Dollar on the defensive as PMI data boosts case for rate cut | Ukraine peace talks shift to Moscow — the big unknown is whether Putin will play ball | Dollar falls vs yen as BOJ hints at rate hike
2025-12-02,16632,2,"Euro hits almost seven-week high, dollar broadly lower | Dollar recovers ground vs yen; euro steadies after inflation data"
2025-12-03,16632,2,Bank of Japan faces a policy dilemma as government bond yields keep hitting new highs | Bessent says Trump admin will be able to replicate tariffs even if it loses Supreme Court decision
2025-12-04,16646,4,"Costco adds Biden Commerce Sec. Gina Raimondo to board on heels of Trump tariff lawsuit | Watches of Switzerland not seeing tariff impact, says CEO | Europe's plan to use $105 billion of frozen Russian assets tantamount to war, says Russia's Medvedev | Ukraine, trade, pandas: What China's Xi and France's Macron discussed in Beijing"
2025-12-05,16655,3,"Oil prices head for 2% weekly gain as Fed hopes boost market, Venezuela tensions loom | Treasury yields move higher after cooler PCE inflation data | Dollar hovers near five-week low on Fed rate cut bets"
2025-12-08,16688,4,"Ukraine peace deal is really close, U.S. envoy Kellogg says | Trump's trade war shift away from Chinese manufacturing has reached tipping point | Trump threatens Mexico with 5% tariff increase over water dispute | U.S. dollar gains after jobs report, as Fed decision nears"
2025-12-09,16677,0,
2025-12-10,16688,4,"CNBC's The China Connection newsletter: U.S.-China AI talent race heats up | Divided Fed approves third rate cut this year, sees slower pace ahead | Trump to start final Fed chair interviews beginning with Kevin Warsh | Here are the five big takeaways from Wednesday's Fed rate decision"
2025-12-11,16668,2,Fed votes to reappoint all of its regional bank presidents | Gold climbs to over one-month high after Fed rate cut; silver hits record high
2025-12-12,16652,2,10-year Treasury yield rebounds after 2-day slide as Goolsbee urges caution on further cuts | Fed's Goolsbee says he's uncomfortable front-loading too many rate cuts
2025-12-15,16669,3,"Ukraine drops NATO goal as Trump envoy sees progress in peace talks | Dollar drops against peers after delayed U.S. data shows jobs growth | Hassett's Fed chair candidacy received pushback from high-level people close to Trump, sources say"
2025-12-16,16693,3,"China lowers anti-dumping tariffs on European pork exporters | Defense giants say investors should still bet on them, as hopes for a Russia-Ukraine peace deal spark a selloff | Gold inches up as U.S. unemployment rate rises in November"
2025-12-17,16698,0,
2025-12-18,16722,5,"Japan stocks and bond yields jump after central bank hikes policy rate to highest in decades | CNBC Daily Open: Best not to put too much stock in U.S. CPI report for November | 10-year Treasury yield slides after much lighter November inflation than expected | Gold inches down as market digests US CPI data | Bank of England cuts interest rates, in welcome Christmas boost for consumers"
2025-12-19,16735,2,"Treasury yields inch higher as investors digest cooler inflation data | Silver climbs to record high, gold poised for weekly gain on rate cut bets"
2025-12-22,16773,5,"Kremlin says peace prospects not improved by Europe, Ukraine changes to U.S. proposals | Fed's Hammack says there's no need to change interest rates for months, WSJ reports | Japan's yen gains on intervention signals, softer US dollar | China slaps tariffs of up to 42.7% on EU dairy products, alleging 'damage' to the domestic dairy industry | Sterling steady near multimonth highs, BoE caution still top of mind"
2025-12-23,16790,5,"What a Russia-Ukraine peace deal could mean for Europe's gas supplies | Why an analyst sees Meta shares getting back to record highs – plus, another tariff reprieve | Gold extends record run while silver joins rally to new high | Fed chair candidate Hassett says U.S. is way behind the curve on lowering interest rates | U.S. economy grows by 4.3% in third quarter, much more than expected, delayed report shows"
2025-12-24,16767,1,Affordability is a buzzword right now — these charts show why
2025-12-29,16788,9,"Tariffs hit boots, bags and more as leather prices jump — and relief could be years away | Yen weaker in thin trading as traders stay alert to intervention risk | Silver crosses $77 mark while gold, platinum stretch record highs | The 'Trump-class' battleship faces a large obstacle in its way: Reality | Oil falls $1 on looming supply glut, hopes for Ukraine peace deal | Putin says Russia will achieve its Ukraine aims by force if Kyiv doesn't want peace | Trump says ‘a lot closer’ to Ukraine peace deal after Zelenskyy meeting, though thorny issues remain | Silver retreats from $80 peak while gold softens on profit-taking | Yen strengthens after BOJ minutes, markets gauge intervention odds"
2025-12-30,16782,3,Fed minutes show officials were in tight split over December rate cut | China EVs in 2026 look less like a boom and more like a survival test as global expansion ramps up | 10-year Treasury yield rises slightly after December Fed minutes
2025-12-31,16720,2,"10-year Treasury yield closes out 2025 lower for year, but rises on final day | Dollar climbs after claims data but still well down in 2025"
2026-01-02,16725,6,"Trump delays increased tariffs on upholstered furniture, kitchen cabinets and vanities for a year | Dollar climbs to start 2026 after biggest annual drop in eight years | RH, Wayfair shares rise after Trump delays furniture tariffs again | Will he stay or will he go? Powell is not saying whether he'll stay on Fed board when chair term ends | Trump says U.S. will intervene if Iran 'violently kills' protestors | Mizuho says tariff relief could drive next leg higher for Wayfair"
2026-01-05,16748,4,"After a bruising 2025, the Fed faces another slew of challenges in the year ahead | Venezuela's billions in distressed debt: Who is in line to collect? | Minneapolis Fed's Kashkari indicates interest rates don't need to be cut much more | Dollar retreats with markets focused on U.S. data, shrugging off Venezuela"
2026-01-06,16762,3,Dollar gains against peers with investors eyeing upcoming data | Europeans try to revive Ukraine war endgame as global focus shifts to Venezuela | India’s state-owned refiners keep buying Russian oil even as New Delhi seeks U.S. tariff relief
2026-01-07,16785,6,"Dollar flat against major currencies as investors assess labor data | Gold steady as markets eye U.S. jobs data, index adjustments weigh | India economy estimated to grow 7.4% in 2026 despite looming trade uncertainties | Venezuela will ship sanctioned oil to U.S. indefinitely, sources say | Oil ship seized by the U.S. over Venezuela sanctions was newly registered under Russian flag | Euro zone inflation hits 2% in December, in line with forecasts"
2026-01-08,16801,2,"Supreme Court holds off on Trump tariff ruling for now — what's at stake for economy | Dollar advances with U.S. jobs data, Supreme Court ruling in view"
2026-01-09,16834,2,"Trump will use other tariff authorities to get to 'same place' if Supreme Court rules against him: Hassett | Stock futures are little changed ahead of jobs report, potential tariff ruling"
2026-01-12,16853,3,"U.S. may lift more Venezuela sanctions next week, Bessent says | Trump says any country doing business with Iran will face 25% U.S. tariff | 'Sell America' trade: Dollar drops, gold surges as Trump's Fed pressure campaign raises fears about U.S. system"
2026-01-13,16875,2,"Trump attacks Powell again amid Fed independence fears: 'That jerk will be gone soon' | Yen tumbles on Japan spending fears, dollar broadly higher"
2026-01-14,16871,5,"U.S. Treasury yields slide as investors weigh more economic data | Kelly Evans: The deficit is down big | Vance breaks Senate tie, votes to block Venezuela war powers resolution | Japanese yen rebounds from 18-month low against dollar | Trump's war on the Fed threatens global financial stability, European central bankers warn"
2026-01-15,16880,1,Fed's Goolsbee says inflation could come 'roaring back' if central bank independence goes away
2026-01-19,16935,4,"Canada and China slash tariffs on EVs and canola in reset of ties | CNBC Daily Open: Trump's Greenland tariffs draw the EU into the fray | Here are the European exporters most exposed if Trump’s Greenland tariffs kick in | UK looks to work its magic on Trump to defuse Greenland tariff threat, calling for calm"
2026-01-20,16981,2,"Dollar lower as investors reignite 'sell America' trade | 'This is sell America' — U.S. dollar, Treasury prices tumble and gold spikes as globe flees U.S. assets"
2026-01-21,16963,5,"European lawmakers suspend U.S. trade deal amid Greenland tariff tensions | Trump says U.S. must 'get Greenland,' swipes at Europe in winding Davos speech | Dollar edges lower as Greenland concerns ease; Aussie jumps after jobs data | Trump says inflation was 'defeated.' Some economists disagree | Fed Governor Lisa Cook seems safe from Trump firing after Supreme Court arguments"
2026-01-22,16902,3,"'Abnormal hatred' between Putin and Zelenskyy making it hard to reach peace deal, Trump says | EU needs 'greater clarity' on Trump’s Greenland intentions after he backs down on tariffs, senior lawmaker tells CNBC | Treasury yields are little changed as investors digest economic data"
2026-01-23,16838,2,"Yen choppy after BOJ holds rates, dollar faces worst week since June | Oil prices rise nearly 3% as U.S. sends armada to Iran, slaps new sanctions"
2026-01-26,16779,4,"Musk’s $1 trillion pay package renews focus on soaring CEO compensation | U.S.-brokered peace talks break off without a deal after overnight Russian bombardment of Ukraine | South Korea's Kospi hits fresh record as Trump levels tariff threats against Seoul over trade deal approval delay | Hyundai shares fall after Trump says tariffs on South Korean autos, pharma to rise to 25%"
2026-01-27,16801,1,GM expects to top Ford in U.S. vehicle production as it faces up to $4 billion in tariff costs
2026-01-28,16723,3,Gold is higher after Fed keeps rates unchanged | Fed holds key interest rate steady as economic view improves | The ‘strongest currency on earth’ just hit an 11-year high — and it’s stirring up trouble in Switzerland
2026-01-29,16786,2,"Kelly Evans: This is not about fiat money | What tariffs? Toyota hits record sales in 2025, despite Trump’s auto levies"
2026-01-30,16796,1,What Trump's choice of Kevin Warsh for Fed chair may mean for consumers
2026-02-02,16800,4,"Oil falls on U.S.-Iran de-escalation, easing supply worries | Trump says U.S. and India reached trade deal, will lower tariffs immediately | Family offices brace for higher inflation with real estate and alternative investments | Dollar firms on safe-haven flow, strong U.S. data adds support"
2026-02-03,16777,2,Here's who analysts expect to gain from India’s U.S. and EU trade deals | Ray Dalio warns the world is ‘on the brink’ of a capital war
2026-02-04,16775,6,"U.S. dollar hits two-week high, pound slumps after BoE holds rates | Democrats grill Bessent at House oversight hearing: 'Stop covering for the president' | Gold and silver extend rebound but concerns over volatility linger | Venezuela tells China oil prices won't be set by the U.S., seeks to reassure investment after Maduro capture | Commodities Cold War: Trump's critical-minerals quest is linked to AI ambitions | Tariffs do not cause inflation, says Treasury Secretary Scott Bessent"
2026-02-05,16826,1,"Trump's trade war creating economic 'mirage' with GDP forecasts, freight market disconnected: Shipping expert"
2026-02-06,16887,1,"U.S. and India unveil framework of interim trade deal, move closer to broad pact"
2026-02-09,16838,1,"Yen near 160, a record Nikkei 225, higher yields: What experts expect after Sanae Takaichi's landslide victory"
2026-02-10,16799,2,Gold drops as investors brace for US jobs and inflation numbers | Hong Kong proceeds with stablecoin plans despite Beijing's reservations
2026-02-11,16781,4,"Tariff bills across U.S. states mount as affordability and Trump head for midterm elections showdown | U.S. issues license facilitating oil, gas exploration and production in Venezuela | David Einhorn says the Fed will cut 'substantially more' than two times. So he's betting big on gold | Tariff revenue soars more than 300% as U.S. awaits Supreme Court decision"
2026-02-12,16826,4,"Trump tariffs leave importers with record-breaking $3.5 billion U.S. Customs bond funding shortfall | Mercedes hit by $1.2 billion in tariff costs as full-year earnings more than halve | The January CPI inflation report is due out Friday morning. Here's what it's expected to show | Safe-haven currencies might not be so safe after a volatile year. Here's how the market is rethinking the Swiss franc, dollar and yen"
2026-02-13,16844,5,"Gold rises over 2% as soft inflation data rekindles Fed rate-cut hopes | Oil prices stable as investors weigh OPEC+ supply, US inflation data | Consumer prices rose 2.4% annually in January, less than expected | Dollar flat after inflation data, yen set for strong weekly gain | Treasury yields slip after slightly lighter CPI reading"
2026-02-18,16884,8,"Deutsche Bank warns AI risks in U.S. equities is undermining dollar's safe haven status | Dollar holds gains in thin trading as markets await Fed minutes, U.S. GDP | Sterling steady, inflation figures reinforce near-term BoE cut bets | Gold slips to one-week low as safe-haven buying stalls, dollar strengthens | UK inflation cools markedly in January, boosting odds of Bank of England rate cut | Trump family says U.S. dollar needs an upgrade and they are the ones to do it | Hassett says authors of New York Fed tariff study should be disciplined: 'Worst paper I've ever seen' | Fed officials split on where interest rates should go, minutes say"
2026-02-19,16925,2,"Gold flat as investors weigh U.S.-Iran tensions, focus on inflation data | What a Supreme Court tariff ruling may mean for your money"
2026-02-20,16885,5,"Trump announces new 10% global tariff after raging over Supreme Court loss | 10-year Treasury yields rise after high court rebukes Trump's tariffs | Supreme Court strikes down Trump tariffs, rebuking president's signature economic policy | Supreme Court Trump tariffs ruling could put U.S. on hook for $175 billion in refunds, estimate says | Retail industry says Trump tariff reversal is a win, even as uncertainty remains"
2026-02-23,16818,3,"France's Macron says U.S. Supreme Court tariff ruling shows it's good to have
counterweights to power | Gold slips from three‐week high on dollar strength, profit-taking | Dollar dips as Trump's tariff wall slips"
2026-02-24,16830,3,"Classic 'TACO'? Investors shrug off Trump's latest tariff announcement | Four years into the Ukraine war, is Europe ready for its own army? | FedEx sues U.S. government over tariff refunds"
2026-02-25,16813,0,
2026-02-26,16758,2,Trump administration faces first big tariff refund court deadline on Friday | CNBC Daily Open: Netflix bows out from Warner Bros. Discovery bidding war
2026-02-27,16779,3,"U.S. dollar heads for first monthly gain since October | Trump says he'd 'love not to' attack Iran, 'but sometimes you have to' | Core wholesale prices rose 0.8% in January, much more than expected"
2026-03-02,16848,3,"CNBC Daily Open: Markets digest U.S.-Iran war as conflict spreads | Oil soars amid Strait of Hormuz shipping fears as Iran war drives prices to nearly $80 | Steve Eisman says investors should ignore U.S.-Iran war, will be long-term 'positive'"
2026-03-03,16870,5,"Middle East war sends natural gas prices soaring, raising growth shock risk for Europe and Asia | New York Fed's Williams says tariff burden falls 'overwhelmingly' on U.S. businesses and consumers | President Trump denies Israel pulled U.S. into war, says he 'might have forced Israel's hand' | Trump administration offers shifting narrative for U.S. war in Iran as Democrats pounce | Nvidia, Amazon temporarily close Dubai offices, Google employees stranded amid U.S.-Iran war"
2026-03-04,16911,2,"Bessent says global 15% tariff starts this week, predicts Trump duties will return to old levels later this year | Cramer says the oil market is signaling the Iran war won't spiral — and that's bullish for stocks"
2026-03-05,16886,1,5 unresolved questions hanging over the Anthropic–Pentagon fracas: 'It's all very puzzling'
2026-03-06,16919,1,"Palantir rallies 15% for the week as Iran war boosts prospects, muting Anthropic concern"
2026-03-09,16974,4,Iran vows it won't surrender as war with the U.S. and Israel enters second week | War disruptions may send oil to $150 to $200 a barrel. Here's my advice for stock investors | Oil prices decline after nearly hitting $120 as Trump says U.S. considering taking over Strait of Hormuz | Iran's strategic oil island thrust into the spotlight as Middle East conflict escalates
2026-03-10,16879,2,"European stocks jump 2% as sliding oil prices buoy sentiment | As Iran war disrupts oil prices, consumers could be 'hammered,' economist says"
2026-03-11,16867,6,"A global food price shock looms as Middle East war rages on. Here's who will be hit hardest | Trump administration launches Section 301 trade probes into Mexico, China, EU, others | Dollar rises as investors remain on edge about Middle East risks | What Wall Street is saying after latest consumer inflation report as investors fret over rising oil prices | Consumer prices rose 2.4% annually in February, as expected | Chubb set as main U.S. insurer for Persian Gulf shipping amid war in Iran"
2026-03-12,16899,3,"Jim Cramer: Don't let Iran war-induced market volatility scare you out of stocks | Art and classic car auctions top $600 million despite Iran war | Gold slips over 1% on strong dollar, easing rate-cut bets"
2026-03-13,16934,1,Greer says Trump tariffs refunds should go to companies' workers as bonuses or raises
2026-03-16,16990,0,
2026-03-17,16982,2,"Trump slams NATO allies for not joining Iran war effort, says U.S. never needed their help | Iran war, oil price surge worsen K-shaped economy, say economists"
2026-03-25,16905,16,"Kelly Evans: A stubborn inflation problem | Fed holds interest rates steady — here’s what that means for consumers | Analysis: The Fed's Powell just delivered a new blow to Warsh's plans for swift rate cuts | Oil prices stabilize as investors weigh U.S., Iran threats, sanctions lift | Iran threatens U.S. Treasury buyers as Trump’s 48-hour ultimatum looms | Trump tells CNBC 'we are very intent on making a deal' with Iran | Britain responds to Iran war energy shock by requiring solar panels and heat pumps in all new homes | Dollar nurses losses as markets weigh Trump delay in Iran strikes | Jamie Dimon says Iran war makes Middle East peace prospects better in the long term | Don't be fooled by the UK's pre-war inflation print — a 'brutal' surge could be coming | Iran has no intention to hold talks with U.S; foreign minister says Trump proposal to end war being reviewed | The Gulf built a global events empire, now war is putting it on ice | Watch Interior Secretary Burgum address oil industry as Trump hints at negotiated end to Iran war | It’s not just oil and gas. The Strait of Hormuz blockage is rattling another vital commodity | Dollar gains on skepticism over Iran war de-escalation | Goldman Sachs' Lloyd Blankfein warns Iran war fallout 'is going to last' even if 'there's a resolution tomorrow'"
2026-03-26,16903,1,"Iran war is a 'catastrophe,' G7 ministers warn — but there's little they can do to stop it"
2026-03-27,16957,1,Markets now see the Fed's next move as a potential rate hike as inflation fears mount
2026-03-30,16993,5,"Worried about Strait of Hormuz inflation to come? The world economy has one word for you: Plastics | Brent oil heads for record monthly surge, WTI settles above $100 for first time since 2022 | Powell sees inflation outlook in check, no need to hike rates because of oil shock | Pessimism sets in for Europe as Iran war hits economic and consumer confidence | Dollar drops on report of U.S. willingness to end Iran campaign"
2026-03-31,16999,5,"CNBC Daily Open: Markets rally as Trump signals Iran war could end soon | 10-year Treasury yield falls as traders weigh odds of Iran war ending, future Fed policy moves | Trump to address nation on Iran war Wednesday night, White House says | Moscow is profiting from the Iran war for now — but experts say Russia's economy is in the 'death zone' | U.S. gasoline hits $4 per gallon, highest since 2022, as Iran war drives up fuel prices more than 30%"
2026-04-01,17002,3,Apartment rents weaken further as war and job cuts weigh on demand | Inside India newsletter: The worst might not be over for Indian equities | Atlas' Bob Diamond on the impact of the Iran war on global markets
2026-04-02,17015,2,EV demand is getting a boost from the Iran war — just as auto giants pivot back to combustion engines | Morgan Stanley’s defensive playbook for spiking oil prices amid Iran war
2026-04-06,17037,3,"The Tech Download: Defense startups eye Iran war windfall as U.S. and Gulf states turn to tech | Good chance Iran war lasts through the end of April, says Brookings' Michael O'Hanlon | OPEC+ debates making oil output hike amid Iran war paralysis, sources say"
2026-04-07,17092,3,"Jet fuel supply concerns grow as war with Iran drags on, airlines cut flights | ‘All roads lead to higher prices and slower growth,' warns IMF chief as Iran war hits global economy | Cramer says Tuesday’s stock market action gives investors a glimpse of the U.S. economy’s fate if Iran war persists"
2026-04-08,17009,2,"'Poorly run, piece of ice': Trump targets Greenland again as Iran war deepens NATO rift | U.S. Treasury yields fall sharply after Iran war ceasefire"
2026-04-09,17082,1,"South Korea holds rates steady as Iran war fans inflation, growth risks"
2026-04-10,17112,0,
2026-04-13,17122,5,"Gold subdued as dollar firms in wake of failed peace talks, blockade of Iran | UK 'not supporting' U.S. Iran blockade as France's Macron confirms 'multinational' talks on the Strait of Hormuz | Dollar gains as U.S. blockades Iran ports after failure of peace talks | LVMH sales miss expectations as luxury recovery is put on pause amid Middle East war | Jim Cramer says this is the real reason why stocks are shrugging off Iran war fears"
2026-04-14,17135,1,"Iran war, oil surge, failing 'Mag 7' trade — How to navigate the volatility at PRO Live"
2026-04-15,17141,3,Gold gains on revived rate cut bets as Iran peace hopes calm inflation fears | Luxury stocks fall as Iran war weighs on earnings; Hermes sinks 8% | Here are all the ways the Iran war has affected the U.S. economy so far
2026-04-16,17142,1,"New York Fed President Williams worries war will slow growth, aggravate inflation"
2026-04-17,17189,1,U.S. Treasury yields slide as traders welcome Middle East de-escalation
2026-04-20,17176,4,Businesses can claim refunds for Trump tariffs ruled unconstitutional starting Monday | Jim Cramer gives four reasons why the market keeps shrugging off the Iran war | Tariff refunds begin on Monday. These retailers are due big paydays | Top oil analyst Paul Sankey on Iran war jet fuel crisis
2026-04-21,17142,3,Gold slips on firm dollar ahead of tentative U.S.-Iran talks | Analysis: Warsh emerges from a difficult hearing with his Fed 'regime-change' plan intact | Dollar debasement and zombie companies: 5 investment strategies we heard today
2026-04-22,17179,1,ServiceNow CEO downplays impact of Iran war and AI: 'Our business is doing great'
2026-04-23,17308,2,Japan core inflation accelerates after five months as Iran war stokes energy worries | These charts show how Iran's economy is in freefall
2026-04-24,17278,4,"Dollar holds weekly gains as war uncertainty keeps markets on edge | Germany’s economy was set to rebound. But soaring energy prices have derailed Europe's biggest comeback | Trump warns of ‘big tariff’ if UK doesn’t drop digital services tax on U.S. tech firms | The aerospace and defense trade is taking investors deeper into space, and more ETFs are up for the mission"
2026-04-27,17227,1,"UK royals head to the U.S. in the wake of war, shooting and rocky relations"
2026-04-28,17245,2,Tech's hyperscalers face Wall Street for first time since U.S. Iran war sent oil prices soaring | U.S. warns banks of sanctions risk over China ‘teapot’ refineries handling Iranian oil
2026-04-29,17324,4,"Will rates go higher in Europe this week? Central banks confront stagflation threat | Ford beats on revenue, expects $1.3 billion in tariff relief | Watch CNBC's full interview with the 'Federal Reserve' Panel | Fed Chair Powell: Committed to sustainably bringing inflation down to 2%"
2026-04-30,17378,3,Euro zone inflation jumps to 3% as economic growth almost stalls | European Central Bank keeps rates on hold in the face of inflation threat | California gas prices hit $6 per gallon as fuel costs jump nearly 30 cents in a week across the U.S.
2026-05-04,17368,7,"Exxon Mobil CEO expects higher oil prices due to Iran war: ‘The market hasn’t seen the full impact’ | UK exports to U.S. plunge by 25% after Trump's 'liberation day' tariffs blitz | Trump scraps Scotch whisky tariffs ‘in honor’ of King Charles | Japan risks Trump’s ire as Iran war fallout sparks currency intervention | Trump says he's raising EU auto tariffs to 25% | Trump says he is reviewing a new Iranian proposal to end the war | Recent inflation data was 'bad news,' Fed's Goolsbee says"
2026-05-05,17425,1,"Jerome Powell making a 'significant mistake' by staying on at the Fed, Sen. Tim Scott says"
2026-05-06,17405,2,"From jewelers to health tech, CEOs want tariff refunds as earnings take a hit | Lufthansa faces nearly $2 billion in extra fuel cost amid the Iran war, after axing 20,000 flights"
2026-05-07,17362,4,"Shell tops profit estimates as Iran war boosts oil price, cuts share buybacks | Iran still reviewing new U.S. peace proposal as Trump predicts war will 'be over quickly': Reports | It’s not just Big Oil. Wind giants welcome profit beats as Iran war spurs energy pivot | Iran war market jitters offer silver lining for investors"
2026-05-08,17375,1,Consumer sentiment falls to fresh record low in May as surging gas prices hit outlook
2026-05-11,17415,8,"Putin says he thinks Russia-Ukraine war is coming to an end | U.S. sanctions companies and individuals in the Middle East and China for helping Iran | Gold ticks up as markets digest US-Iran updates, await inflation data | Dollar edges up as Trump rejects Iran peace move | Modi says Iran war poses severe risks to India, urges cuts in fuel use and gold purchases | U.S. crude oil tops $100 again as hope fades for a U.S.-Iran peace deal | The Iran war will change global energy markets in these important ways, oil executives say | Inflation reading Tuesday expected to show prices at nearly a three-year high"
2026-05-12,17514,5,"U.S. dollar rises as inflation jumps; Trump-Xi talks begin | Credit card debt dips to $1.25 trillion — but maintains ‘K-shaped’ pattern, New York Fed research shows | Dollar steady as Middle East peace hopes recede | Trump doesn't need Congress to restart Iran strikes: Hegseth | It's not just Iran and oil raising inflation. Prices also are reaccelerating in these other areas"
2026-05-13,17496,3,"Oil price spike turmoil far from over, IEA says as inventories are depleted at “record pace"" | Kevin Warsh wins Senate confirmation as the next Federal Reserve chair | CNBC Daily Open: Trump touches down in Beijing as U.S. inflation heats up"
2026-05-18,17666,7,"Bolster your portfolio for hot inflation with these ETFs, Bank of America says | Bessent sees 'substantial disinflation' ahead as Warsh takes over the Fed | Trump says he will soon make a decision about sanctions on Chinese companies buying Iranian oil | Bonds, stocks and precious metals slump as inflation fears mount, silver falls 7% | The EU will cut growth outlook, raise inflation forecast as Iran war drives 'stagflationary shock' | ‘This is bad’: Strategists see European oil shortages within weeks as inventories are depleted | Kevin Warsh to be sworn in as Federal Reserve chair on Friday"
2026-05-19,17719,1,"Treasury yields, dollar weigh on gold amid inflation concerns"
2026-05-20,17685,3,"Gold edges higher as Treasury yields, oil ease; market eyes MidEast developments | Dollar at six-week high on rate-hike bets, Iran war uncertainty | Dollar rally pauses on Iran deal optimism, Aussie slides"
2026-05-21,17673,3,Oil prices fall as investors hope for U.S.-Iran deal | Inflation fears are rippling through industrial metals. Here's where prices could go next | Airlines are struggling but China's 'Big Three' face a tougher year than most
2026-05-22,17717,2,"Kevin Warsh's real Fed 'regime change' may happen deep inside Wall Street's plumbing | U.S., Iran signal peace progress — but remain at odds over enriched uranium, Strait of Hormuz tolls"
2026-05-25,17743,4,The Middle East war is testing the Gulf's ambitions to become an AI hub | Oil prices fall 7% after Trump says Iran talks are 'proceeding nicely' | 'I never heard of the Strait of Hormuz before this': How one medical supply CEO is navigating the oil price shock | Dollar firms as fresh U.S. strikes dim Iran ceasefire hopes
2026-05-26,17789,1,"Micron is so deserving to be in the Trillion Dollar Club, says Jim Cramer"
2026-05-29,17883,5,"Inside India newsletter: Iran war disruptions, Modi's appeal to boost India's hospitality sector | Gold prices pare losses after U.S. inflation data | Gold hits two-month low as U.S.-Iran tension stokes inflation fears | Americans’ savings rate falls to lowest level since 2022 as inflation outpaces paychecks | Gold gains on U.S.-Iran ceasefire optimism but set for monthly drop"
2026-06-02,17863,6,"Trump plans to appeal order allowing all importers that paid struck-down tariffs to seek refunds | Dollar rises as markets parse fragile Middle East peace talks | Dollar in tight range as traders eye Middle East peace talks | Trump, Rubio say talks with Tehran ongoing despite Iranian media claims otherwise | Amazon's four-day Prime Day event starts June 23, as shoppers battle inflation | U.S., Iran intensify attacks as ceasefire frays, peace talks stall"
2026-06-03,17931,2,"House votes for measure that would end Iran war, in blow to Trump | American Eagle Outfitters says it has received $108 million in tariff refunds so far"
2026-06-04,18039,0,
2026-06-05,18039,0,
2026-06-08,18171,3,"Dollar falls from highs after Iran halts Israel strikes; yen clings to 160 vs. greenback | Household worries over finances hit highest level since July 2022, New York Fed survey shows | Bidding war erupts for world’s oldest bank as Italy’s Intesa gatecrashes BPM offer"
2026-06-09,18141,6,"Inflation data threatens to derail market comeback. How the S&P 500 may react | The May inflation numbers are due out Wednesday morning. Here's what to expect | U.S. dollar index holds steady after May inflation report | Treasury yields rise after Trump threat on Iran and ahead of inflation report | U.S. customs agency, trade judge to seek path to final tariff refunds | Gold futures fall more than 3% on fading Middle East peace hopes"
2026-06-10,17971,5,"Trump says 'I love the inflation' after consumer price index hits 3-year high | CNBC Daily Open: Trump expresses 'love' for inflation print and anger at Iran | Inflation is eroding cash returns. Here’s where to park your savings | Jim Cramer calls elevated CPI 'artificial inflation' — what that means for the stock market | Rate hikes are back on the table amid rising prices, Fed officials say—here's what it means for your money"
2026-06-11,17981,2,"Trump threatens to seize Kharg Island and other Iran oil infrastructure | Dollar steadies, set for weekly loss on U.S.-Iran deal talks"
2026-06-12,17921,1,"Trump denies Iran's account of deal terms, decries new drone attack: 'Dishonorable people'"
2026-06-15,17719,3,"Trump heads to G7 summit in France after reaching deal to end war with Iran | Gold drifts higher as Iran, U.S. agree to halt war | Trump says France must scrap tech 'sales tax' or face 100% wine tariffs: NY Post"
2026-06-17,17753,8,"Dollar firms as Fed holds interest rates steady | Brent falls below $80 per barrel on report U.S. will allow Iran to sell oil immediately | Fed Chair Warsh expected to withhold 'dot' from central bank's interest rate outlook | BMW stock slumps to 5-year low as Iran war and China slowdown spark profit warning | Fed holds rates steady, pares down statement to remove cutting bias | Federal Reserve leaves rates unanimously votes to leave rates unchanged | Trump and Iran's President Pezeshkian sign memorandum aimed to end war | Chairman Kevin Warsh: Fed's missed on inflation for five years and we're going to fix that"
2026-06-18,17826,3,"Why Japan's $70 billion-plus intervention and a rate hike didn't prop up the yen more | Gold on track for third weekly loss on firm dollar, hawkish Fed signals | Japan core inflation holds steady in May, matching expectations despite energy price concerns"
2026-06-19,17826,1,U.S. opens tariff probe targeting Germany’s drug pricing policies
2026-06-22,17819,0,
2026-06-23,17868,2,"Gold falls as hawkish Fed bets lift dollar to one-year peak | U.S. issues sweeping Iran oil sanctions waivers, unlocking billions in revenue for Tehran"
2026-06-24,17955,5,"Oil reverses losses, rises after an Iran attack on cargo vessel | U.S. dollar rises to 13-month high on Fed rate hike views | 10-year Treasury yield falls below 4.5% as oil falls to pre-war levels | CNBC Transcript: U.S. Treasury Secretary Scott Bessent Speaks with CNBC’s Joe Kernen on “Squawk Box” Today | Federal Reserve says U.S. banks can withstand $708 billion in losses amid overhaul of capital rules"
2026-06-25,17942,1,"Gold rises as inflation data sends dollar, yields lower"
2026-06-26,17962,1,Warsh reaches within the Fed for latest advisory appointments
2026-06-29,17856,4,"Trading in these two ETFs suggests inflation fears are overblown | Debt, AI boom and economic fragilities raise global risks, BIS says | Dollar slips and Japanese yen tumbles to 40-year low | Citi Wealth warns investors to move out of excess cash because of hot inflation"
2026-06-30,17899,1,Gold set for worst quarterly loss in 13 years on hawkish Fed stance
2026-07-01,17961,4,"Fed Chairman Warsh: Inflation expectations and risks have come down | Inflation peaked in May as energy prices fell in June, Kalshi traders think | Dollar fades as Fed's Warsh softens inflation tone | Jim Cramer looks at the correlation between oil and the U.S. dollar"
2026-07-02,17994,0,
2026-07-03,17960,0,
2026-07-06,17999,0,
2026-07-07,17988,0,
2026-07-08,18005,2,Trump downplays Iran's nuclear threat as ceasefire collapses | Jim Cramer sees a big risk to the bull market resurfacing — and it's not the Iran war
2026-07-09,18090,4,Trump says Iran called to make a deal after U.S. strikes; adds it's unclear if war is back on | Gold under pressure as Middle East tensions lift rate-hike bets | Gold firms gains more than 1% as investors watch Middle East flare-up | Ukraine’s drone playbook is wreaking havoc in Russia — and upending where NATO wants to invest
2026-07-10,18069,2,"These are America's 10 cheapest states for 2026, where you can still beat inflation | These are America's 10 most expensive states for 2026, where inflation is punishing residents"
2026-07-13,18131,2,"Trump threatens to 'decimate' Iran if it tries to kill him, as Treasury sanctions alleged Iranian financier | A July rate hike from the Fed? The odds are rising"
2026-07-14,18099,3,"Warsh pledges Fed policy 'regime change' to rid inflation 'tax' on American people | Here’s the inflation breakdown for June 2026 — in one chart | Dollar slips after cooling producer prices, Middle East escalation in focus"
2026-07-15,18064,3,"Fed's Williams: Encouraging signs inflation has peaked, should edge down in coming quarters | Trump says Iran wants to meet as U.S. fires more strikes; analysts warn of 'forever war' risk | Renewed Hormuz hostilities drive ECB rates rethink amid ‘extremely volatile’ outlook"
2026-07-16,18041,1,Oil pipelines around the Strait of Hormuz won't end the threat Iran poses to Middle East crude exports
2026-07-17,17944,2,"Iran says civilian infrastructure hit by latest U.S. strikes, expands attacks to Syria, Bahrain | Import prices post surprise gain as costs of goods from China hit highest since 2008"
2026-07-20,17976,2,"Ryanair says 'no shortage' of travelers despite Iran war denting profit | Mamdani says New York lacks authority to arrest Netanyahu, calls him ‘war criminal’"
2026-07-21,17909,1,JPMorgan's Jamie Dimon made bearish call on treasury bond market. Many investors already acted on it
2026-07-22,17909,5,"Oil prices rise after Rubio says Iran is not serious about a deal | Sen. Wyden introduces bill to curb Trump's tariff powers | What is Pickaxe Mountain, the Iranian nuclear facility Trump is threatening to strike? | Stock futures fall as investors gear up for more earnings, Iran war remains in focus | Zelenskyy ousts Ukraine’s army chief as protests expose wartime power struggle"
2026-07-23,17915,1,Trump imposes 'sweeping' new tariffs on 60 trade partners as global duties expire
2026-07-24,17973,3,Why the Federal Reserve should hike rates next week | Pres. Trump announces new 10%-12.5% tariffs as global 10% tariff expires | Trump considers ‘massive attack’ on Iran; Pakistan reportedly seeks to restart stalled peace talks
2026-07-27,17995,3,"Trump backs 'fantastic' Warsh while calling for lower rates and citing 'bad intentions' of other Fed officials | Netanyahu, Zelenskyy come to DC for Graham's funeral, meetings with Trump amid wars | Gold falls as dollar hovers near one-month peak ahead of Fed meeting decision"
2026-07-28,18088,1,"Blurred front lines: Trump meets Zelenskyy as Ukraine, Iran wars collide"
2026-07-29,18087,2,"Gold rises 2% as Fed holds rates steady, markets parse Warsh's comments | Yen surges, analysts suspect official Japanese intervention"
2026-07-30,18078,2,"BOJ holds rates at 1%, warns of core inflation exceeding 2% target | Amazon says it got $600 million in Trump tariff refunds and will pass return along to some customers"
2026-07-31,18058,2,"Fed officials who voted to hike rates say action is needed now against inflation | As Warsh’s Fed faces pressure to act on inflation, these indicators show it’s at its lowest in years"
2026-08-03,17991,5,"Iran's overlapping power centers make ending the war more complicated | Gold eases as markets weigh Middle East uncertainty, inflation risks | Twenty five states sue Trump administration over latest global tariffs | CNBC Daily Open: Back to the negotiating table | California's diesel prices have jumped since the Iran war started, with ripple effects across the country"
2026-08-04,18037,1,U.S. has used 'virtually all' of its long-range precision missiles during Iran war: Reuters
2026-08-05,17937,2,"E.l.f. Beauty sees $50 million windfall in tariff refunds as profits surge 100% | India's central bank keeps benchmark rates steady, cites 'moderate' core inflation"
2026-08-06,17919,0,
2026-08-07,17913,2,Treasury yields drop after surprise jobs loss in July | Yen rally fades a week after U.S.-Japan intervention as focus shifts to policy
2026-08-10,17795,5,"Inside the startup drone maker powering Ukraine's deep-strike campaign | Iran negotiations, Berkshire's stock purchases, Shein's tariff troubles and more in Morning Squawk | Trump extends limited waiver of shipping law to keep oil flowing in U.S. amid Iran war | Pakistan signals progress on U.S.-Iran deal as Washington and Tehran trade reparation demands | House Dems call for AI companies to testify on recent hacks: ‘Clear risk to safety’"
2026-08-11,17824,1,Treasury yields are little changed as investors await inflation data
2026-08-12,17876,5,"Goldman says Japan's $1 trillion of reserves leaves 'plenty of capacity' for further yen interventions | Inflation data, CoreWeave's revenue surge, election betting and more in Morning Squawk | Schroders: AI and chip inflation driving price pressures | Dollar subdued as markets await US inflation data for Fed clues | Houthi attack kills six in Red Sea; Trump slams Iran as hopes for Hormuz Strait deal dim"
2026-08-13,17882,0,
2026-08-14,17836,0,
2026-08-18,17856,5,Russia's economy has defied the skeptics. Cracks are getting harder to hide | Dollar edges lower against euro as markets trim rate hike bets | Russia says its economy is strong. It just fired a top economist who warned otherwise | U.S. government debt yields are surging at a bad time. Here's what's behind the move | Analysis: Bond market pressure is squeezing Main Street as Wall Street waits on Warsh
2026-08-19,17844,10,"Dollar hits 3-month low vs euro, pares losses after Treasury move | Oil prices steady as investors assess U.S.-Iran war outlook | Target says its turnaround is picking up steam, with help from a big tariff refund | Zelenskyy faces challenge to his wartime rule as former defense chief calls for election | UAE severs trade with Iran after reported missile strike | Gold surges as U.S. Treasury announcement hurts yields, dollar | Target hikes outlook as sales rebound and huge tariff refund boosts bottom line | Yields pull back from multi-year highs after Treasury Department says it will double government debt repurchase size | Fed officials saw need for rate hike if inflation doesn't cool, minutes show | CNBC Daily Open: Robots rising, tariff turnaround and yield nerves"
2026-08-20,17779,1,"Gold rallies to 3-month high on weaker dollar, bullish technicals"
2026-08-21,17705,1,"Global shipping rates soar amid Iran war, record high temperatures"
2026-08-24,17703,2,"Treasury Secretary to announce Iran sanctions as Tehran dismisses economic warfare threat | Dollar little changed as Iran sanctions, Treasury buybacks gauged"
2026-08-26,17717,6,"Stock futures rise as investors await Nvidia earnings, inflation report due later this week | CNBC Daily Open: The U.S. is flexing its economic power — drawing retaliation | New Delhi draws in $73 billion in 11 weeks, powered by special deposits for non-resident Indians | Fed's Lisa Cook turns mortgage allegations back on Trump and his Cabinet | Dollar flat after data as focus shifts to Jackson Hole | Bank of Korea delivers back-to-back rate hikes as core inflation stays elevated"
2026-08-27,17762,0,
2026-08-28,17703,0,
2026-08-31,17746,4,Tech backlash reaches fever pitch as AI angst collides with social media fears | The 'choose your own adventure' earnings: Why retailers are handling tariff refunds so differently | 10-year Treasury yield rises as U.S.-Iran war moves back into spotlight; G20 meeting underway | Markets see Warsh endorsing a rate hike in September. Not everyone is convinced
2026-09-01,17727,4,Fed Governor Barr says he'll support rate hike if inflation doesn't ease | 9 easiest credit cards to get approved for in September 2026 | Iran says two tankers have hit Hormuz naval mines. U.S. disputes claim | The 9 best same-day personal loans of September 2026
