published_at,date,clean_title,clean_content,dateline_location,word_count,sentence_count,paragraph_count,is_length_outlier,source_domain,language,url
2021-09-01 07:00:00,2021-09-01,"U.S. relationship with Taliban unclear after end of Afghanistan War, senior defense and diplomatic officials say","Secretary of Defense Lloyd Austin said Wednesday it was not yet clear what kind of relationship, if any, the Pentagon would have with the Taliban in Afghanistan after Western forces spent 20 years fighting the Islamist militant group.
""It's hard to predict where this will go in the future with respect to the Taliban,"" Austin told reporters at the Pentagon when asked about the next steps following Monday's complete U.S. military departure from the country.
""We don't know what the future of the Taliban is,"" explained Chairman of the Joint Chiefs of Staff U.S. Army Gen. Mark Milley.
""I can tell you from personal experience that this is a ruthless group from the past and whether or not they change remains to be seen,"" Milley said, adding that he and Austin both fought against the group during their military careers.
""And as far as our dealings with them at that airfield, or in the past year or so, in war, you do what you must in order to reduce risk to mission and force, not what you necessarily want to do,"" Milley explained when asked about U.S. and Taliban coordination in the final days of an immense humanitarian evacuation mission.
The U.S. coordinated with the Taliban during the war's final days to ensure safe passage for U.S. citizens and Afghan nationals to Hamid Karzai International Airport in Kabul for evacuation. However, there were reports that the Islamist militants blocked some Afghans from reaching the airport contrary to their public statements.
When asked at the State Department if the U.S. would recognize the Taliban as a legitimate government, Undersecretary for Political Affairs Victoria Nuland said it was premature to say.
""Our relationship with the Taliban will be guided by what they do not by what they say,"" Nuland began. ""Now that said, there are some urgent questions, like the humanitarian condition of the people of Afghanistan. So we are looking at those kinds of things,"" she added.
""But we have made no decisions about any of the rest of it, and we certainly won't unless and until we see the kinds of behavior expected,"" Nuland said.
The remarks from the highest levels of the Defense and State departments come one day after President Joe Biden defiantly defended his decision to withdraw U.S. forces from Afghanistan.
""When I was running for president I made a commitment that I would end this war, and today I have honored that commitment. It was time to be honest with the American people; we no longer had a clear purpose in an open-ended mission in Afghanistan,"" Biden said Tuesday from the White House.
""This decision about Afghanistan is not just about Afghanistan, it's about ending an era of major military operations to remake other countries,"" the president added.
With its troops now gone, the U.S. will have to rely on diplomatic engagement with the Taliban to guarantee safe passage out of Afghanistan for the Americans who remain and Afghans who worked for the U.S.
Biden in his Tuesday address said that ""90% of Americans in Afghanistan who wanted to leave were able to leave."" Less than 200 Americans remain in the country, according to the State Department.
The president said the U.S. will hold the Taliban accountable for guaranteeing safe passage to anyone who still wants out of Afghanistan.
The U.S. and NATO launched their military campaign in Afghanistan in October 2001, weeks after the 9/11 attacks. The Taliban at the time provided sanctuary to al-Qaeda, the terrorist group that planned and carried out the devastating attacks on the World Trade Center and the Pentagon.
About 2,500 U.S. service members have died in the conflict, which also claimed the lives of more than 100,000 Afghan troops, police personnel and civilians. The wars in Afghanistan, Iraq and Syria have cost U.S. taxpayers more than $1.57 trillion collectively since Sept. 11, 2001, according to a Defense Department report.",WASHINGTON,675,37,17,False,CNBC,en,https://www.cnbc.com/2021/09/01/afghanistan-update-us-relationship-with-taliban-unclear-after-end-of-war.html
2021-09-01 07:00:00,2021-09-01,"I’ve paid off almost $200,000 of student loans in 3 years: Here's my best advice for becoming debt-free","In 2015, I graduated law school with six figures of student loan debt. Since I had no idea how I'd ever pay them off, I resigned myself to the fact that these loans would be with me for the foreseeable future.
When my first payment came due in 2016, I put my loans on auto-pay and tried not to think about them and, for years, I didn't.
More from Grow:
How to earn passive income via affiliate marketing
What motivates this travel nurse who earns $7,000 a month in Hawaii
I quit my 9-to-5 to grow my side hustle: How I got my finances ready
In 2018 I stumbled upon a YouTube video with the title ""I Owe $200,000 in Student Loans."" It was made by a woman about my age and seeing how distressed she felt hit home. I could easily see myself in her, and the harsh reality of having a mortgage's worth of student loan debt finally sunk in.
I realized that as long as I had this massive debt hanging over my head, it would impact my ability to buy a home, save for retirement, and prevent me from leaving my well-paying but unfulfilling career.
Determined to free myself from the financial hole I had put myself in, I set a goal to tackle my student loan debt once and for all. I haven't looked back since.
Now, just three years later, I'm almost debt-free and I've been able to share my story with thousands of people with my Instagram account Babe on a Budget Blog. Here is my best advice.
Figure out what you owe
This may seem obvious, but ignoring your student loans won't make your student loans go away. I shied away from adding up my student loan debt for years. Figuring out what I owed and getting organized was the first step to getting my student loans under control.
Luckily, you can do this pretty easily by going to StudentAid.gov for federal loans or by pulling a credit report if your loans are private. The hard part is ripping off the band-aid and actually doing it.
For those just getting started, I recommend using a simple spreadsheet where you can input all your loans, their corresponding interest rates, and your total debt balance. This will help you track your progress as you go, and also help you figure out which loans to prioritize.
Take the time to learn about your loans
Once I figured out how much I owed, I was overwhelmed. All I knew was that I had this huge balance, but no idea how my loans worked or why my balance had ballooned even after years of making payments.
So I started to do my research. I called my lender, I read articles and blogs, I watched videos, and really invested the time to understand my student loans, so I knew how to best approach them. If I had known what I know now — that interest accrues daily, or that all my unpaid interest would be added to my principal balance at the end of my grace period — I could have saved myself thousands of dollars, and a lot of frustration.
Video by Courtney Stith
Pick a debt repayment strategy that works for you
I've used a combination of both the snowball method and the avalanche method to pay off my student loans, and this hybrid-strategy has worked out really well for me.
I started off using the snowball method, a strategy where you pay off your loans from smallest to biggest balance, and quickly knocked out a few of my smaller loans first, just to get them out of the way.
Once I paid off all my small loans, I reevaluated my strategy, and switched over to the avalanche method, a method where you pay off your loans from highest to lowest interest rate.
Since my total loan balance was so high, I was accruing a ton of interest every month. At one point, my loans were accruing more interest every month than I was paying for rent. So for me, I really focused on paying off the loans that were costing me the most and continued to knock out one after the other.
Paying off a few small loans early on gave me the confidence to get started. Now that I've switched to the avalanche method, minimizing my interest is what keeps me super motivated.
Before picking a debt-payoff strategy, I recommend doing some research and running your own numbers to see what best suits your own personal situation. But there are a ton of tools and online resources to help get you started. I'm personally a fan of unbury.me because it is free and simple to use.
Spend intentionally and cut unnecessary expenses
Once I got serious about paying off my student loans, I took some time to evaluate my spending. I started by removing everything from my budget that I knew I wouldn't miss. I cancelled my unused subscriptions, stopped going to the happy hours I never enjoyed, and stopped buying outfits to wear to a single event.
I thought carefully about the things I really enjoy spending money on. I gave myself permission to spend on those items and experiences and budgeted a set amount of money, about 5% of my income, for those things.
At one point my loans were accruing more interest every month than I was paying for rent.
Giving myself room to spend on the things that bring me joy has made the process of paying off my loans more sustainable. And cutting out the stuff I really never cared about has given me extra money to throw at my student loans.
While this may look different for everyone, finding the balance between cutting my expenses and spending intentionally has been a really helpful exercise, not only for paying off my loans, but for reaching my other financial goals as well.
Look for ways to increase your income
One thing I learned early on is that you can only cut down your expenses so much. At some point you will run out of things to cut from your budget, so looking for ways to increase your income is key if you want to speed up the payoff process.
Luckily, there are a lot of options out there to make extra income. You just need to find what's right for you. This may mean picking up over time at your current job, getting a part-time job, or even starting a side hustle and selling your own products or services.
For me, increasing my income has been the biggest contributor to my success. Over the past few years I've changed jobs to increase my salary, advocated for raises and bonuses, and opened up an Etsy shop where I sell digital products. More recently I've also been able to monetize my Babe on a Budget Blog Instagram account.
All of these steps have helped me make serious progress on paying down my student loan debt.
Share your goals
Once I decided I wanted to pay off my student loans, I started sharing my goal with others. I told my partner, my friends and my family. In 2019, I even started an Instagram account where I've shared my debt-free journey for the past two years.
Sharing my story has not only kept me accountable, it has helped me connect with like-minded people who have helped support me along the way. That has truly been invaluable to me during this journey.
Kendall is the creator of Babe on Budget Blog, a personal finance platform dedicated to destigmatizing talking about money. Kendall started the page in 2019 as a way to document paying off her six figure student loan debt, but has since grown the page to be a safe space for women to talk about all things money. You can find her on Instagram @babeonabudgetblog.
The article ""I've Paid Off Almost $200 of Student Loans in 3 Years: Here Are My Best Tips for Becoming Debt-Free"" originally published on Grow (CNBC + Acorns).
Video by Courtney Stith
Sign up now: Get smarter about your money and career with our weekly newsletter",,1396,61,43,False,CNBC,en,https://www.cnbc.com/2021/09/01/i-paid-off-almost-200k-of-student-loans-in-almost-3-years-my-best-advice-for-becoming-debt-free.html
2021-09-01 07:00:00,2021-09-01,S&P 500 and Nasdaq notch record closes as jobless claims reach pandemic low,"The S&P 500 and the Nasdaq Composite climbed to new respective records on Thursday after weekly U.S. jobless claims reached their lowest level since the start of the Covid crisis.
The broad equity benchmark added 0.3% to 4,536.95, hitting its 54th record closing high of 2021. The Dow Jones Industrial Average rose 131.29 points, or 0.4%, to 35,443.82, lifted by Walgreens and Chevron. The tech-heavy Nasdaq Composite advanced 0.1% to 15,331.18, also reaching a record close.
First-time claims for unemployment insurance totaled 340,000 for the week ended Aug. 28, versus a Dow Jones estimate of 345,000. The number is also the lowest since March 2020.
The data came in a day before the key August jobs report, which investors are watching closely to decipher how fast the Federal Reserve will remove easy monetary policy. Economists predict 720,000 jobs were added in the month, down from 943,000 jobs added in July.
""With jobless claims hitting a pandemic low, there's definitely some optimism as we look ahead to the full jobs picture tomorrow,"" said Mike Loewengart, managing director of investment strategy at E-Trade. ""We could experience a bit of a tug and a pull — on one hand a solid jobs report is a positive indication of economic recovery, and on the other it backs up the Fed's case to begin tapering.""
Fed Chairman Jerome Powell has emphasized the need for more strong jobs data before the central bank would start to unwind its massive bond-buying program, putting heightened focus on Friday's employment report.
On Thursday, Chewy and Five Below were among the notable movers with shares tumbling 9.3% and 13%, respectively, after reporting quarterly results. Shares of ChargePoint, the maker of charge systems for electric vehicles, jumped 8.2% after reporting stellar quarterly earnings.
September has been among the seasonally weakest months of the year, but many hold a constructive view on the market as the technical backdrop remains solid and the economic reopening from the pandemic continues.
""The relentless march higher on low volatility in U.S. equities continues and with breadth, volume positioning and sentiment measures all positive in our view we look for the rally to extend further into new highs yet,"" Credit Suisse said in a note Wednesday.",,394,17,9,False,CNBC,en,https://www.cnbc.com/2021/09/01/stock-market-futures-open-to-close-news.html
2021-09-01 07:00:00,2021-09-01,Weekly mortgage-refinance demand drops as interest rates stall,"A prolonged period of low mortgage rates is taking its toll on the refinance market, as most borrowers who qualify have already gone through the process.
The average contract interest rate for 30-year fixed-rate mortgages with conforming loan balances ($548,250 or less) remained unchanged at 3.03% last week, with points increasing to 0.34 from 0.29 (including the origination fee) for loans with a 20% down payment.
As a result, applications to refinance a home loan dropped 4% for the week, seasonally adjusted, and were just 2% higher than a year ago, the Mortgage Bankers Association reported. Rates were just 5 basis points higher at this time last year, but they were lower last fall and at the start of this year, so a large share of borrowers have lower rates than today's.
""Recent uncertainty around the economy and pandemic have kept rates low over the past month, which is why the refinance index has oscillated around these levels,"" said Joel Kan, MBA's associate vice president of economic and industry forecasting.
Applications for a mortgage to purchase a home rose 1% for the week but were 16% lower than a year ago. Home sales have been slowing, as potential buyers hit an affordability wall. Home prices were up 18.8% in June, a record annual gain, on the S&P Case Shiller national home price index.
""Home purchase activity continues to be dominated by higher price tiers of the market, with the purchase average loan size now at $396,500, the highest average in five weeks,"" Kan said.
Mortgage rates started this week slightly lower but still haven't moved much. That could be about to change in either direction.
""All lenders will face increased volatility in the coming days due to the release of several important economic reports culminating in Friday's big jobs report,"" said Matthew Graham, chief operating officer at Mortgage News Daily.",,323,12,8,False,CNBC,en,https://www.cnbc.com/2021/09/01/weekly-mortgage-refinance-demand-drops-as-interest-rates-stall.html
2021-09-01 07:00:00,2021-09-01,"Unvaccinated players for Knicks, Nets and Warriors would have to miss home games under local rules","Unvaccinated players for three marquee NBA teams would have to sit out home games in the upcoming season under local coronavirus restrictions.
Players on the New York Knicks, Brooklyn Nets and Golden State Warriors will have to get vaccinated to play in their home arenas unless they have a valid religious or medical exemption, the league told front offices in a Wednesday memo obtained by CNBC. The requirement will not apply to visiting players.
Both New York City and San Francisco have set rules requiring people over the age of 12 to prove they have received a Covid-19 vaccine in order to enter arenas, gyms, restaurants and other indoor venues. The rules cover team arenas and practice facilities in those cities, the NBA said.
Players in New York and San Francisco may face fines or suspensions if they refuse to get vaccinated without a valid exemption.
The NBA has not mandated Covid-19 vaccines for players. However, the league is requiring referees and team and arena personnel who will interact with players to get inoculated against the virus.
New York and San Francisco announced their vaccine requirements amid a nationwide surge in coronavirus cases sparked by the delta variant. New York requires people to have received at least one shot in order to enter covered businesses, while San Francisco asks for people to be fully vaccinated.
The NBA said the requirements for players will go into effect Sept. 13 and Oct. 13 in New York and San Francisco, respectively. The league noted that other cities around the country could consider similar vaccine rules.
NBA training camps start on Sept. 28. The season will tip off on Oct. 19. The Nets will play the defending champion Milwaukee Bucks and the Warriors will play the Los Angeles Lakers that night.
""We will continue to follow all government and league mandates,"" the Knicks said in a statement.
The Warriors and Nets both declined to comment.",,323,21,10,False,CNBC,en,https://www.cnbc.com/2021/09/01/nba-covid-vaccinations-unvaccinated-knicks-nets-warriors-players-could-miss-home-games.html
2021-09-01 07:00:00,2021-09-01,"Amazon to hire more than 40,000 workers, host virtual career fair in its latest job spree","Amazon is hiring for more than 40,000 corporate and tech roles throughout the United States as well as thousands of operation roles during its upcoming virtual career fair, the tech giant announced Wednesday.
The event is part of a larger push by Amazon to fill 55,000 roles in those sectors globally in the coming months, Amazon CEO Andy Jassy told Reuters. The new hires would represent a 20% increase in Amazon's tech and corporate staff, CNBC reported.
Amazon Career Day will be held on September 15 and is free to attend. Applicants of all experience levels and fields are encouraged to sign up. Amazon recommends attendees pre-register online for the event, but there is no official cut off date to do so.
This will be Amazon's third annual Career Day, which pivoted to a virtual format last year in response to the Covid-19 pandemic. Williams said they received nearly 450,000 applications following last year's event, a number they hope to surpass in 2021.
Amazon's latest hiring spree ""is really fueled by the unprecedented customer demand we've seen [during the Covid-19 pandemic],"" Ardine Williams, Amazon's vice president of workforce development, tells CNBC Make It. The company has hired more than 450,000 people in the United States since the beginning of the pandemic, and is now the country's largest job-creator.
Faced with a reopening economy and competitive labor market, Amazon has invested in higher wages and new benefits, including free mental health counselling, to attract workers.
""The pandemic turned entire industries on their head,"" Williams says. ""We saw unprecedented unemployment, and then jobs came back, or changed ... industries have had to adapt."" Amazon's starting wage is $15 an hour, but for some states, the minimum wage is $17 an hour, she adds.
Amazon had previously hyped its ""office-centric"" model and planned to bring most U.S. employees back by the fall, however, last month the tech giant said it's postponing a return to the office for corporate employees until January 2022 due to rising Covid-19 cases.
During the virtual career fair, attendees will have the chance to participate in 1-on-1 career coaching sessions with Amazon recruiters as well coding workshops led by Amazon software development engineers and a ""How to Interview at Amazon"" breakout session.
Several speakers will be joining the event to share their best career tips including Jassy, best-selling author David Epstein and Carla Harris, Morgan Stanley's vice chairman of global wealth management.
""If, like millions of other Americans, you're considering a career change, now is a great time to really take a look at what you want to do and make sure your resume reflects the knowledge, skills and capabilities you have,"" Williams says. ""If you've been working remotely, too, odds are you haven't spent much time with people in person — so it's important to dust off your interview skills.""
Beyond introducing people to open jobs at Amazon, Williams hopes the virtual event helps workers learn about new, emerging career paths and technologies so they feel empowered to ""make that next step in their career, whether it's to advance in their field or pivot to a new one.""
As for the kind of talent Amazon is looking for, ""it's a place for people who are curious, who like to collaborate, roll their sleeves up and come to invent,"" Williams says. ""It's for people who are entrepreneurial, those who are curious about solving problems and building creative solutions.""
Check out: These are the best—and worst—states for work-life balance
Sign up now: Get smarter about your money and career with our weekly newsletter",,625,21,15,False,CNBC,en,https://www.cnbc.com/2021/09/01/amazon-to-hire-more-than-40000-workers-in-its-latest-job-spree.html
2021-09-01 07:00:00,2021-09-01,"Raising wages isn't enough to attract and keep workers, experts say","Hiring has perhaps never been harder for employers.
As pandemic restrictions eased amid the accessibility of Covid vaccines and businesses started bouncing back, many employers faced workforce shortages. Workers who may have lost their jobs during the peak of the pandemic were now highly desired.
In June, there were more than 10 million job openings in the U.S., the most ever recorded by the Bureau of Labor Statistics. In comparison, only 8.7 million people were still unemployed in July, according to the BLS.
The competition to recruit new workers as well as retain existing ones is now fierce. That pressure is doubly felt in industries like retail and dining and hospitality, sectors hit hard by the pandemic but now seeing customers come back.
To try to counteract that, companies of all sizes are trying to attract workers with increased pay.
McDonald's, Chipotle and Walgreens Boots Alliance are just some of the companies that have boosted worker pay. Some others, like Papa John's, have taken those pay increases a step further and have offered referral bonuses and ""appreciation bonuses"" for existing workers.
However, just increasing pay alone won't be enough for businesses to compete for workers in this challenging environment, according to a panel of senior HR executives who spoke during a CNBC Workforce Executive Council LinkedIn livestream that focused on recruiting, retaining and returning to the workplace.
""It's a pretty dynamic time in the marketplace right now, and you're seeing some pretty big trends and changes so you need to start with ensuring you are offering competitive wages,"" said DJ Casto, executive vice president and chief human resources officer at Synchrony. ""But you also have got to create the right kind of ecosystem to support your employees.""
Boosting wages and career ambitions
While Casto said that Synchrony recently increased its wages for entry-level workers to $20, the company also wanted to ""tell the story that we're here to help support your career ambitions.""
""We wanted to offer family-sustaining jobs, but then also this pathway for you to be able to invest in yourself and reach whatever your career ambition is,"" Casto said. ""The wage is important, but so is the ability for people to reach their career ambitions.""
That meant reimagining the company's tuition reimbursement program, as ""four-year degrees are not the answer for a lot of individuals,"" Casto said. Synchrony will now be offering workers what Casto called ""boot camp reimbursements for certain skill sets,"" such as training programs that might be done over several months as opposed to several years.
""These are things that you can acquire that really allow people to get training that translates to their ability to grow their career and their personal wealth — that ability to reach their personal and professional ambitions,"" Casto said.
Preparing for the next job, even at another company
As more employers boost tuition reimbursement and other skill training efforts, RealTruck human resources executive director Tanya Harris said companies should embrace that it might be preparing those workers for a job somewhere else.
""We do really well as a smaller company supporting personal development,"" Harris said. ""We also understand that people take their skills and they go work for another company, so we even use it as a marketing tool in terms of not only will we pay you competitively, but you're going to be able to get a skillset that you'll be able to use with us but outside of us.""
That is highlighted in the company's recruiting message, which can often catch potential employees off-guard, Harris said.
""We are transparent and try to help people understand that it's not just about your development today, but it's what that looks like for you long term,"" Harris said. ""That may not be with us, and I think when we go out and recruit and say that people are surprised that we understand that they can build a good resume and skills that can take them places.""
Focusing on worker's skills, not their degrees
A tight labor market should make companies reflect on their hiring practices, making sure that that potential quality employees are not being overlooked because of things like degree requirements.
Nickle LaMoreaux, IBM senior vice president and chief human resources officer, said as more companies have looked to fill technology and digital-focused roles, even in traditionally non-technology-focused industries, there is already a shortage of potential workers.
That led IBM to eliminate the degree requirement for over 50% of its jobs, LaMoreaux said, as the company is taking a ""skills-only approach to recruiting and hiring.""
""It doesn't matter how you got the skill, or where you got it from, as long as you have it,"" LaMoreaux said.
The company has also looked to focus on the skill set of its existing workers, putting more emphasis on training, skilling and retraining.
""We are helping them move to a job of the future,"" LaMoreaux said. ""Skills first is not just for recruitment purposes; it is also for retention purposes.""
Embracing the new way of working
As many workers prepare to go back to offices in some capacity in the coming months, companies need to focus on making sure this new way of working truly works for all, Casto said.
""There are concerns with our employees: proximity bias, and will individuals who choose to go back to traditional spaces like they did pre-pandemic, are they going to be considered for more talent movement because they're close to their leader? For leadership development programs, how do we think about coaching a leader in regards to engaging a workforce that is hybrid? How do you think about performance management and your reward system differently?"" Casto said. ""Companies need to put as much focus and energy on this ecosystem that needs to be created to make this new way of working work for everyone.""
LaMoreaux said that making sure there was not an ""uneven playing field"" was crucial, perhaps making it where teams came together on a specific day and worked from home the other days so that it felt like more of a collective, or humanizing things like someone not being ""camera ready"" while at home and not being punished for it.
""I think it's about leading with empathy as we think about the future of work,"" LaMoreaux said.
On Thursday, November 12, CNBC is hosting its first annual Workforce Executive Council summit for influential CHROs and Chief Diversity Officers from 1-4 p.m. ET. Apply to the WEC to attend at www.cnbccouncils.com/wec.",,1110,34,31,False,CNBC,en,https://www.cnbc.com/2021/09/01/raising-wages-isnt-enough-to-attract-and-keep-workers-experts-say-.html
2021-09-02 07:00:00,2021-09-02,"'QAnon shaman' Jacob Chansley, face of Jan. 6 Trump Capitol riot, will plead guilty","""QAnon shaman"" Jacob Chansley — whose bizarre costume made him one of the most notorious members of a mob of Trump supporters to raid the U.S. Capitol on Jan. 6 — is set to plead guilty in his criminal case, a new court filing showed.
Chansley drew widespread attention during the riot after being captured in photos and video walking through the Capitol complex shirtless, heavily tattooed, wielding a spear, wearing face paint, along with a fur hat that sported horns.
Chansley, who subscribes to the bogus QAnon conspiracy theory, currently faces six criminal counts, including obstruction of an official proceeding, civil disorder, entering a restricted building and violent entry of the Capitol.
But it is not clear what charge or charges the Arizona man, who is being held without bond, has agreed to plead to Friday in U.S. District Court in Washington, D.C.
A notice in the court's docket on Thursday indicated a ""plea agreement hearing"" would be held Friday morning.
Chansley's lawyer, Albert Watkins, said he will hold a news conference after his client's hearing.
""It has been a long and tortured path from Jan 6 to date,"" Watkins wrote in an email to CNBC.
Chansley is among the highest profile of nearly 600 defendants in cases related to the Capitol riot, which began after then-President Donald Trump urged supporters at a rally to march to Congress and oppose the confirmation of Joe Biden's election as president.
Reuters reported July 23 that Chansley, who is also known as Jacob Angeli, was in plea negotiations with prosecutors after prison psychologists diagnosed him as suffering from mental illnesses including transient schizophrenia, bipolar disorder, depression and anxiety.
Watkins told Reuters at the time that the diagnosis was similar to evaluations in 2006 mental health records from Chansley's stint in the U.S. Navy.
The attorney said Chansley's expressed delusions include ""believing that he was indeed related directly to Jesus and Buddha.""
Prosecutors have said that during the riot, Chansley ran into the Senate chamber and up to the dais, where then-Vice President Mike Pence minutes before had been presiding over proceedings to certify Biden's White House win.
""Chansley left a note on the Senate Chamber dais .... warning 'it's only a matter of time, justice is coming,'"" prosecutors said in a court filing.
When the FBI questioned Chansley about the meaning of his words, he ""went on a lengthy diatribe describing current and past United States political leaders as infiltrators, specifically naming Vice President Mike Pence,"" prosecutors wrote.",,427,18,14,False,CNBC,en,https://www.cnbc.com/2021/09/02/qanon-shaman-jacob-chansley-to-plead-guilty-in-trump-capitol-riot-case.html
2021-09-02 07:00:00,2021-09-02,Supreme Court refuses to block Texas law that bans most abortions,"The Supreme Court declined to block a Texas law banning most abortions in a 5-4 decision.
Chief Justice John Roberts and the court's three liberal justices, Stephen Breyer, Sonia Sotomayor and Elena Kagan, dissented in the late Wednesday move.
The narrowly decided opinion, issued in a single paragraph, dealt a major blow to abortion access in Texas. It also underscored the significance of the court's ideological shift to right under former President Donald Trump. All three of his appointees – Justices Brett Kavanaugh, Neil Gorsuch and Amy Coney Barrett – voted with the majority.
In a furious dissent, Sotomayor called it ""stunning"" that the five justices in the majority ""have opted to bury their heads in the sand"" rather than enjoin the ""flagrantly unconstitutional"" Texas law.
The ""heartbeat"" law took effect Wednesday. It effectively bars most abortions in Texas after six weeks of pregnancy — when many women still have yet to discover they are pregnant — and allows private citizens to file lawsuits against abortion providers.
In denying an emergency request by abortion-rights advocates and providers to block the implementation of the law, the high court majority stressed that they were not delivering a judgment about the substance of the lawsuit.
""In particular, this order is not based on any conclusion about the constitutionality of Texas's law,"" the opinion said.
Rather, they focused on largely procedural grounds, saying the petitioners have not ""met their burden to prevail in an injunction or stay application.""
Those petitioners, a group of abortion providers and advocates including Planned Parenthood, filed an emergency request on Monday to block implementation. They said the law would essentially overturn the precedent set by Roe v. Wade, the landmark 1973 case that enshrined the right for women to choose to have an abortion.
In response, a group of Texas officials including Attorney General Ken Paxton urged the high court to deny their opponents' bid to thwart the law, calling the request ""audacious.""
'Unprecedented' enforcement scheme
S.B. 8 was signed into law in May by Republican Gov. Greg Abbott. It prohibits doctors from performing or inducing abortions if they have ""detected a fetal heartbeat for the unborn child,"" except in medical emergencies.
It also empowers individuals to file lawsuits against abortion providers or anyone who ""aids or abets"" the procedures after the detection of a heartbeat. Those lawsuits can yield at least $10,000 in ""statutory damages"" per abortion.
In his dissent, Roberts wrote that the law was ""not only unusual, but unprecedented"" in how it delegated enforcement to the public, instead of state officials.
""The desired consequence appears to be to insulate the State from responsibility for implementing and enforcing the regulatory regime,"" wrote Roberts, who was appointed by Republican President George W. Bush.
Sotomayor, who was appointed by President Barack Obama, was more explicit, writing that ""the Court's failure to act rewards tactics designed to avoid judicial review and inflicts significant harm on the applicants and on women seeking abortions in Texas.""
""In effect, the Texas Legislature has deputized the State's citizens as bounty hunters, offering them cash prizes for civilly prosecuting their neighbors' medical procedures,"" she wrote.",,525,23,17,False,CNBC,en,https://www.cnbc.com/2021/09/02/supreme-court-refuses-to-block-restrictive-texas-abortion-law.html
2021-09-02 07:00:00,2021-09-02,Joe Manchin voted to advance the $3.5 trillion budget bill — now he says Democrats should press pause,"Sen. Joe Manchin just made it clear Democrats have work to do to win his vote for their sprawling economic plan — and prevent President Joe Biden's agenda from collapsing.
The West Virginia Democrat on Thursday urged party leaders to ""pause"" their consideration of a massive $3.5 trillion spending bill. Democrats aim to approve the measure, which would invest in climate policy and social programs, in the coming weeks without Republican support.
Manchin voted last month to pass a $3.5 trillion budget resolution, the first step in the reconciliation process that allows Democrats to move forward without the GOP. At the time, he and Sen. Kyrsten Sinema, D-Ariz., signaled they would oppose the final bill unless the price tag was slashed.
Manchin went a step further Thursday in calling for a ""strategic pause"" in moving forward with the plan. In a Wall Street Journal op-ed, the senator cited concerns about inflation and debt.
""I, for one, won't support a $3.5 trillion bill, or anywhere near that level of additional spending, without greater clarity about why Congress chooses to ignore the serious effects inflation and debt have on existing government programs,"" Manchin wrote.
The senator did not rule out voting for a smaller bill. He ended the piece noting that ""by placing a strategic pause on this budgetary proposal, by significantly reducing the size of any possible reconciliation bill to only what America can afford and needs to spend, we can and will build a better and stronger nation for all our families.""
After Manchin pushed for a delay in passing the budget bill, Senate Budget Committee Chairman Bernie Sanders, I-Vt., called the plan to fight climate change and expand the social safety net ""more important"" than the infrastructure bill.
""No infrastructure bill without the $3.5 trillion reconciliation bill,"" Sanders, who is playing a major role in writing Democrats' plan, said in a tweeted statement.
Manchin's stance complicates an already messy effort by Democrats to pass their spending plan and a $1 trillion bipartisan infrastructure bill. If Senate Majority Leader Chuck Schumer, D-N.Y., loses Manchin or any other member of his caucus, the legislation will fail.
Meanwhile, efforts to appease Manchin could run afoul of progressives in the House who want their party to spend more than $3.5 trillion to combat the climate crisis and boost the social safety net. House Speaker Nancy Pelosi, D-Calif., can lose no more than three Democratic votes for the plan.
Pelosi has delayed a final vote on the Senate-passed infrastructure bill in order to keep centrists and liberals on board with both economic proposals. She made a nonbinding commitment to vote on the infrastructure plan by Sept. 27.
Democrats may already be taking steps to ease Manchin's concerns about the budget plan. Pelosi has said she wants the legislation to be fully paid for, and has insisted the House will only approve a bill that can get through the Senate.
Democrats have also appeared to acknowledge they will need to write a bill smaller than $3.5 trillion in order to push it through the Senate. Lawmakers have said they want to hike taxes on corporations and the wealthy and increase IRS enforcement of existing tax rates, among other measures, to offset the spending.
Manchin's call for a delay will irk many in his party who have called congressional action to combat climate change long overdue. The budget proposal would use subsidies and other incentives to encourage the adoption of green energy, electrify buildings and houses, and make infrastructure more resilient against extreme weather.
Recent raging wildfires in the Western U.S. and flooding in Southern and Northeastern states, conditions exacerbated by climate change, have only increased calls among Democrats to pass the spending bill.
Speaking Thursday from a New York City where hours before rainwater had poured into subway tunnels and paralyzed public transit, Schumer called it ""imperative"" to pass the infrastructure and climate bills.
""Woe is us if we don't do something about it quickly, both in building resilient infrastructure and going to clean power, whether it's in homes, in electricity, in transportation, to stop the global warming or at least reduce its awful effects on this country,"" he said.",,715,30,17,False,CNBC,en,https://www.cnbc.com/2021/09/02/joe-manchin-opposes-3point5-trillion-biden-democratic-spending-bill.html
2021-09-02 07:00:00,2021-09-02,"The world must engage with Afghanistan, Pakistan's national security advisor says","The international community needs to engage with Afghanistan to stop a humanitarian crisis and a security vacuum, Pakistan's National Security Advisor Moeed Yusuf said.
""If the world is not engaged with Afghanistan, for the sake of the average Afghan, then what we are really saying is: 'We don't care about a governance collapse, we don't care about a humanitarian crisis, and we don't care about a security vacuum,'"" he told CNBC's ""Capital Connection"" on Wednesday.
""If that's where we want to go, then we are repeating the mistakes of the 90s,"" he added, referring to the 1990s when the ultraconservative militants ruled most of the country before U.S. forces toppled the regime in 2001.
Last month, the Taliban returned to power after the civilian government in Afghanistan collapsed as the United States withdrew its forces from there.
The Taliban has a history of imposing restrictions on women, brutally oppressing minority groups, banning music and television, and carrying out public executions.
Most of the world did not recognize the Taliban as a legitimate government when they held power from 1996 to 2001, and limited their diplomatic ties with Afghanistan during that time. Pakistan was one of the few countries that recognized the Taliban's rule then.
Influencing an Afghan government
Pakistan is not telling the world if it should or should not support the Taliban, Yusuf said.
Instead, Pakistan hopes that the international community would engage with Afghanistan when a new government is formed and discuss how to ensure an inclusive and moderate government, respect for human rights, and prevent terrorism from being carried out on Afghan soil.
Afghans are not commodities. They are human beings. Millions are refugees already.Moeed YusufPakistan's National Security Advisor
""This is what the world is saying, this is what the U.S. is saying, so if that's true, how are we going to get there without engaging the ground reality?"" Yusuf said.
To be clear, the Taliban are the biggest stakeholders in Afghanistan now — so, any government formed would have their strong backing.
Pakistan has long been accused of covertly aiding the Taliban during their insurgency in Afghanistan in the last 20 years, while also being an U.S. ally — a charge that Pakistan denies and Yusuf on called ""preposterous.""
Media reports say Pakistan is also growing more worried over potential security threats spilling over from Afghanistan.
Security vacuum
Yusuf warned that if there is a security vacuum in Afghanistan, it could be filled by ""undesirable elements,"" and that it would affect the entire world. There would also be a refugee crisis, he added.
""Afghans are not commodities. They are human beings,"" Yusuf said. ""Millions are refugees already. Rather than we talking about another refugee crisis, another security crisis, let's ensure we prevent them.""
Most nations are waiting to see what kind of government the Taliban will form.
Countries like China, Russia and India have already held diplomatic talks with the group.
The militant group has sought to distance itself from its past brutalities as global recognition might give them access to international aid that Afghanistan desperately needs. Since returning to power, the Taliban have promised rights to women and the press, as well as amnesty for government officials allied with the U.S. government. But many remain skeptical about the Taliban's new assurances.",,560,28,20,False,CNBC,en,https://www.cnbc.com/2021/09/02/pakistan-national-security-advisor-on-afghanistan-taliban-security.html
2021-09-02 07:00:00,2021-09-02,"Lafitte, Louisiana, hammered by Hurricane Ida","Skip Navigation
Markets
Pre-Markets
U.S. Markets
Europe Markets
China Markets
Asia Markets
World Markets
Currencies
Prediction Markets
Cryptocurrency
Futures & Commodities
Bonds
Funds & ETFs
Business
Economy
Finance
Health & Science
Media
Real Estate
Energy
Climate
Transportation
Investigations
Industrials
Retail
Wealth
Sports
Life
Small Business
Investing
Personal Finance
Fintech
Financial Advisors
Options Action
ETF Street
Buffett Archive
Earnings
Trader Talk
Tech
Cybersecurity
AI
Enterprise
Internet
Media
Mobile
Social Media
CNBC Disruptor 50
Tech Guide
Politics & Policy
White House
Policy
Defense
Congress
Expanding Opportunity
Europe Politics
China Politics
Asia Politics
World Politics
Video
Latest Video
Full Episodes
Livestream
Top Video
Live Audio
Europe TV
Asia TV
CNBC Podcasts
CEO Interviews
Digital Originals
Watchlist
Investing Club
Trust Portfolio
Analysis
Trade Alerts
Meeting Videos
Homestretch
Jim's Columns
Education
Subscribe
PRO
Pro News
Josh Brown
Mike Santoli
Calls of the Day
My Portfolio
Livestream
Full Episodes
Stock Screener
Market Forecast
Options Investing
Chart Investing
Subscribe
Livestream
Menu
Make It
select
USA
INTL
Livestream
Search quotes, news & videos
Livestream
Watchlist
SIGN IN
Create free account
Markets
Business
Investing
Tech
Politics & Policy
Video
Watchlist
Investing Club
PRO
Livestream
Menu
watch now
Share
Share Article via Facebook
Share Article via Twitter
Share Article via LinkedIn
Share Article via Email
The News with Shepard Smith
Lafitte, Louisiana, hammered by Hurricane Ida
CNBC's Valerie Castro reports from Lafitte, Louisiana, on the devastation brought about by Hurricane Ida.
Thu, Sep 2 2021
7:25 PM EDT
watch now
watch now
VIDEO
Dan Niles: We're going into a rate hike cycle so don't fight the Fed or the bond market
an hour ago
watch now
watch now
VIDEO
Kevin Hassett: Pres. Trump 'wholeheartedly rejects' government takeover of AI regulation
4 hours ago
watch now
watch now
VIDEO
Watch CNBC's full interview with White House National Economic Council Director Kevin Hassett
4 hours ago
watch now
watch now
VIDEO
Former Cleveland Fed Pres. Mester: No convincing evidence inflation is on downward path back to 2%
5 hours ago
watch now
watch now
VIDEO
Standard Chartered CEO Bill Winters on the ‘reckless path’ that shaped his banking career
watch now
watch now
VIDEO
Dan Niles: We're going into a rate hike cycle so don't fight the Fed or the bond market
an hour ago
watch now
watch now
VIDEO
Kevin Hassett: Pres. Trump 'wholeheartedly rejects' government takeover of AI regulation
4 hours ago
watch now
watch now
VIDEO
Watch CNBC's full interview with White House National Economic Council Director Kevin Hassett
4 hours ago
watch now
watch now
VIDEO
Former Cleveland Fed Pres. Mester: No convincing evidence inflation is on downward path back to 2%
5 hours ago
watch now
watch now
VIDEO
Standard Chartered CEO Bill Winters on the ‘reckless path’ that shaped his banking career
Load More",,463,7,176,False,CNBC,en,https://www.cnbc.com/video/2021/09/02/lafitte-louisiana-hammered-by-hurricane-ida.html
2021-09-02 07:00:00,2021-09-02,This is the most expensive country to send overseas workers,"Japan has overtaken the U.K. as the most expensive place to send overseas employees to work, a new report has found.
The average expatriate package in Japan costs employers $405,685 – more than any other international business hub, according to ""MyExpatriate Market Pay"" survey by data company ECA International.
The study — which takes into account cash salaries, benefits and tax — points to an uptick in the overall cost of mid-level expat packages in Japan. It comes even as other parts of the world saw the price of accommodation and benefits take a hit due to the pandemic.
The U.K. fell from the top spot to rank as the second most expensive location to send overseas employees in 2020. The others that ranked high on the overall cost list were India, China and Hong Kong.
France, the United States, Switzerland, Argentina and Taiwan rounded out the top 10.
ECA International's regional director, Lee Quane, said the uptick in Japan was due primarily to currency fluctuations, with the Japanese yen remaining steady relative to the U.S. dollar last year.
Unlike many other locations in Asia, housing costs rose moderately in Tokyo in 2020 versus 2019.Lee Quaneregional director, ECA International
""There was also some inflation in other areas of the compensation and benefits package,"" he added. ""For example, unlike many other locations in Asia, housing costs rose moderately in Tokyo in 2020 versus 2019. This contributed to higher benefits costs, and consequently, led to higher overall costs.""
The annual study aims to assist companies looking to relocate staff by benchmarking their packages against the market. As well as cash salaries, many employers compensate expat workers with benefits such as accommodation, school fees and transportation.
This year, the overall cost of employing expat workers broadly fell as the pandemic and resultant travel restrictions lowered demand — and therefore costs — of accommodation and other benefits.
In many places, expats' take home pay saw a hit too, falling in relation to 2019 levels. Hong Kong was one of just a few to see an increase in expat salaries.
""The cost of employing an expatriate in Hong Kong was lower in 2020 than in previous years, but this was indicative of a much larger global trend,"" said Quane.
""While salaries for expatriates in Hong Kong rose by less than 1%, employers were able to benefit from lower accommodation costs, and reduce the amount of financial support provided for housing compared to previous year.""
There were some notable outliers this year, however. Taiwan, Canada and Morocco were three locations that joined the top 20 in 2020 as the overall cost of expat packages rose.
""The cost of employing a mid-level expatriate in Taiwan increased by $10,733 last year,"" said Quane, noting the island's strong response to the pandemic boosted house prices. ""Consequently, Taiwan has leapfrogged nations such as South Korea and Australia in our rankings, and is now the tenth most expensive location to employ expatriate staff.""
Don't miss: Covid is not stopping students from going overseas to study, report shows
Like this story? Subscribe to CNBC Make It on YouTube!",,522,24,17,False,CNBC,en,https://www.cnbc.com/2021/09/03/japan-overtakes-uk-as-the-most-expensive-country-to-hire-expats.html
2021-09-02 07:00:00,2021-09-02,"Southeast Asia could lose $28 trillion if it fails to act fast on climate change, report finds","Southeast Asia's economy could lose trillions of dollars over the next 50 years if the region does not act to reduce carbon emissions significantly, a Deloitte report found.
In fact, the region is at a turning point, and can turn the cost into an opportunity, the report said.
If Southeast Asia steps up efforts on climate change and rapidly reduces emissions, it could achieve economic gains of $12.5 trillion in present value terms — with an average GDP growth of 3.5% each year for the next 50 years, according to the consulting firm.
""This potential future not only avoids the worst impacts of climate change, it also creates prosperous long-term economic growth for Southeast Asia and the world,"" said Deloitte.
Unmitigated climate change threatens to wipe out decades of hard-won economic growth in Southeast Asia.Deloitte
Failing to do so, however, could lead to global warming of more than 3°C by 2070, according to Deloitte's model. This could cost the region economic losses worth about $28 trillion in present value terms in the next 50 years, and reduce GDP growth by an average of 7.5% each year in the same period, according to Deloitte's forecast.
Southeast Asia prosperity 'at risk'
Southeast Asia is home to half a billion people and has a gross domestic product of $3 trillion, according to Deloitte.
The region — defined in the report as Brunei, Cambodia, Indonesia, Laos, Malaysia, Myanmar, The Philippines, Singapore, Vietnam, Timor-Leste and Thailand – has seen a 5% to 12% average annual per capita GDP growth since the 21st century.
""Unmitigated climate change threatens to wipe out decades of hard-won economic growth in Southeast Asia,"" Deloitte said.
""The foundations of the region's prosperity — it's natural and human capital — are at risk, and along with them each nation's standard of living, its prospects for future growth, its place on the global stage and the wellbeing of its people.""
From agriculture to tourism, climate inaction will cause major disruptions as livelihoods are lost due to rising sea levels and natural disasters.
Here are the industries set to lose trillions by 2070:
- Services industry could lose $9 trillion;
- Manufacturing sector faces $7 trillion of losses;
- Retail and tourism could collectively lose $5 trillion.
Together with construction, mining and gas, these sectors account for 83% of the region's economic output, Deloitte said.
""The impacts of a changing climate would be felt across Southeast Asian nations and industries, with some bearing the economic burden more than others,"" the report said.
Time is running out
The United Nations has warned that keeping global warming close to 1.5°C above pre-industrial levels ""will be beyond reach"" in the next two decades unless immediate action is taken to reduce carbon emissions.
""There is an urgency for countries and governments to act quickly — within the next 10 years — to circumvent irreversible damage from climate change,"" said Philip Yuen, Chief Executive Officer of Deloitte Southeast Asia.
Southeast Asia needs to pivot from seeing global warming efforts as an optional cost, to seeing it as ""an investment in a climate-driven transformation to a better future,"" said Deloitte.
The amount countries spend on decarbonization would be ""almost immediately offset by positive returns in the capital and technology,"" the report said.
""We have the opportunity to create a new engine for sustainable economic prosperity while at the same time preventing the worse consequences of a warming world.""",,578,18,24,False,CNBC,en,https://www.cnbc.com/2021/09/03/southeast-asia-could-lose-28-trillion-from-climate-inaction-deloitte.html
2021-09-02 07:00:00,2021-09-02,"China cracks down on showbiz for 'polluting' society and youth, bars 'effeminate' behavior from screens","China ordered broadcasters on Thursday to shun artists with ""incorrect political positions"" and ""effeminate"" styles, and said a patriotic atmosphere needed to be cultivated, widening a crackdown on its booming entertainment industry.
After years of runaway growth in the world's second largest economy, regulators have been to trying to strengthen control over Chinese society by tightening oversight over a broad swathe of industries ranging from technology to education and culture.
Communist Party authorities can censor anything they believe violates core socialist values and already have stringent rules on content ranging from video games to movies and music.
The latest moves reining in the entertainment industry come in the wake of a series of celebrity scandals involving tax evasion and sexual assault.
Two government ministries, a party agency and an industry association published fresh guidelines on Thursday, with the Party's publicity department blasting some in the entertainment industry for their alleged bad influence on the young and for ""severely polluting the social atmosphere"".
Penalties should be increased for actors who have engaged in illegal or unethical behavior, and agencies which condone such behaviors promptly punished, said the Party notice.
The ideological and moral education of children should be beefed up and they should be forbidden from joining activities of ""idol"" groups, the notice added, while party cadres at all levels should ""deeply recognise"" the importance of ""moulding"" future generations.
The NRTA, a ministry level body, said it will bolster regulation of stars' salaries and punish tax evaders. It also said it would weed out any content in cultural programs that it deems unhealthy.
Last week, China's internet regulator said it was taking action against what it described as a ""chaotic"" celebrity fan culture.
The selection of actors and guests should be carefully controlled, with political literacy and moral conduct included as criteria, NRTA said, adding that performers should be encouraged to participate in public welfare programs and assume social responsibilities.
The notice further said that programs portraying ""effeminate"" behavior and other content deemed ""warped"" should be stopped, along with shows built around scandals, ostentatious wealth and ""vulgar"" internet celebrities.
Unhealthy fan culture should be deterred and strict controls placed on programs with voting segments, it said, and any that encourage fans to spend money to vote should be forbidden.
'Effeminate' stars
Separate notices also published on Thursday by the Ministry of Culture and Tourism and the China Association of Performing Arts said that performers, like livestreaming stars, should undergo periodic training in professional ethics while agencies should terminate contracts with performers who ""lack moral discipline.""
Besides bemoaning the culture of celebrity worship, authorities and state media have criticized male stars who favor heavy make-up and carefully styled hair and project a feminine image, saying Chinese boys should become more manly.
Some ""effeminate"" stars are immoral and can damage adolescents' values, according to an opinion piece in the state-run Guangming Daily on Aug. 27, written by a former official at a military newspaper.
When such stars act as soldiers fighting in the war against the Japanese - a popular setting for Chinese movies and TV shows - they also make the ""righteous"" and ""heroic"" characters appear childish, said the piece.
One popular video-maker on Douyin, a short video platform, had his account suspended in late August after complaints that he was too ""effeminate"".
Some comments on the social media site Weibo were more critical of the new guidelines for broadcasters.
""Actually aesthetics should be diverse,"" said one, with over 20,000 likes. ""Isn't this a kind of discrimination?"" said another highly rated comment.
Chinese celebrities have attended state-arranged courses to learn about Communist Party history and have carried out ""self-criticism"" in the past two months in response to the crackdown.
At an event in Beijing in late August, movie stars Zhou Dongyu and Du Jiang read aloud a statement criticizing stars who had ""crossed the bottom line"" and calling on entertainers to never become ""slaves of the market"" and to be responsible to society, according to a video in local media.
Entertainers should ""bravely scale artistic heights under the leadership of the (Communist) Party!"" they said, to applause.",,693,24,23,False,CNBC,en,https://www.cnbc.com/2021/09/02/china-cracks-down-on-showbiz-for-polluting-society-and-youth.html
2021-09-03 07:00:00,2021-09-03,How Singapore ride-hailing firm TADA stands out from competitors in the sector,"Skip Navigation
Markets
Pre-Markets
U.S. Markets
Europe Markets
China Markets
Asia Markets
World Markets
Currencies
Prediction Markets
Cryptocurrency
Futures & Commodities
Bonds
Funds & ETFs
Business
Economy
Finance
Health & Science
Media
Real Estate
Energy
Climate
Transportation
Investigations
Industrials
Retail
Wealth
Sports
Life
Small Business
Investing
Personal Finance
Fintech
Financial Advisors
Options Action
ETF Street
Buffett Archive
Earnings
Trader Talk
Tech
Cybersecurity
AI
Enterprise
Internet
Media
Mobile
Social Media
CNBC Disruptor 50
Tech Guide
Politics & Policy
White House
Policy
Defense
Congress
Expanding Opportunity
Europe Politics
China Politics
Asia Politics
World Politics
Video
Latest Video
Full Episodes
Livestream
Top Video
Live Audio
Europe TV
Asia TV
CNBC Podcasts
CEO Interviews
Digital Originals
Watchlist
Investing Club
Trust Portfolio
Analysis
Trade Alerts
Meeting Videos
Homestretch
Jim's Columns
Education
Subscribe
PRO
Pro News
Josh Brown
Mike Santoli
Calls of the Day
My Portfolio
Livestream
Full Episodes
Stock Screener
Market Forecast
Options Investing
Chart Investing
Subscribe
Livestream
Menu
Make It
select
USA
INTL
Livestream
Search quotes, news & videos
Livestream
Watchlist
SIGN IN
Create free account
Markets
Business
Investing
Tech
Politics & Policy
Video
Watchlist
Investing Club
PRO
Livestream
Menu
watch now
Share
Share Article via Facebook
Share Article via Twitter
Share Article via LinkedIn
Share Article via Email
Street Signs Asia
How Singapore ride-hailing firm TADA stands out from competitors in the sector
Kay Woo, CEO of TADA, says the primary focus of the ride-hailing firm is to ""build the livelihood"" of its drivers.
Fri, Sep 3 2021
3:02 AM EDT
watch now
watch now
VIDEO
Dan Niles: We're going into a rate hike cycle so don't fight the Fed or the bond market
an hour ago
watch now
watch now
VIDEO
Kevin Hassett: Pres. Trump 'wholeheartedly rejects' government takeover of AI regulation
4 hours ago
watch now
watch now
VIDEO
Watch CNBC's full interview with White House National Economic Council Director Kevin Hassett
4 hours ago
watch now
watch now
VIDEO
Former Cleveland Fed Pres. Mester: No convincing evidence inflation is on downward path back to 2%
5 hours ago
watch now
watch now
VIDEO
Standard Chartered CEO Bill Winters on the ‘reckless path’ that shaped his banking career
watch now
watch now
VIDEO
Dan Niles: We're going into a rate hike cycle so don't fight the Fed or the bond market
an hour ago
watch now
watch now
VIDEO
Kevin Hassett: Pres. Trump 'wholeheartedly rejects' government takeover of AI regulation
4 hours ago
watch now
watch now
VIDEO
Watch CNBC's full interview with White House National Economic Council Director Kevin Hassett
4 hours ago
watch now
watch now
VIDEO
Former Cleveland Fed Pres. Mester: No convincing evidence inflation is on downward path back to 2%
5 hours ago
watch now
watch now
VIDEO
Standard Chartered CEO Bill Winters on the ‘reckless path’ that shaped his banking career
Load More",,474,7,176,False,CNBC,en,https://www.cnbc.com/video/2021/09/03/how-singapore-ride-hailing-firm-tada-stands-out-from-competitors.html
2021-09-03 07:00:00,2021-09-03,Here's where the jobs are — in one chart,"The hiring blitz at bars, restaurants and hotels came to an abrupt halt in August as more Covid-19 cases and a scarcity of willing workers kept employers from adding to payrolls.
The broad leisure and hospitality sector, which includes restaurants and lodging, added a net of zero jobs last month. That's a remarkable stop to a sector that had jumped by an average 350,000 per month over the prior six months.
A closer look within the sector shows a loss of 42,000 jobs in food services and drinking places offset by a gain of 36,000 jobs in arts, entertainment and recreation.
The headline numbers from the August jobs report showed the U.S. economy added just 235,000 jobs last month, well short of the 720,000 expected. The unemployment rate fell from 5.4% to 5.2%. CNBC studied the net changes by industry for August jobs based on data contained in the government's employment report.
The Labor Department noted the flat employment in leisure and hospitality coincided with a drop in consumer confidence, which fell in part due to concerns about rising Covid cases last month due to the delta variant.
Leisure and hospitality added 2.1 million jobs from February through July — half of all U.S. jobs added over that period. The Bureau of Labor Statistics said leisure and hospitality employment is 10% below where it was in February 2020.
The ""headline number is obviously disappointing – much lower than expectations – and markets will react. But the interesting question is why the number is so low,"" Commonwealth Financial Network chief investment officer Brad McMillian wrote.
""Looking at the unemployment and underemployment numbers, which dropped, as well as the labor force participation rate, it looks to have come from workers electing not to enter the workforce,"" he added. ""This ties the shortfall to the pandemic, again, rather than to general economic weakness.""
Retail trade, which has lost jobs over several years, shed 28,500 positions in August. Food and beverage stores, as well as building material and garden supply stores, saw net job losses of 23,200 and 13,000, respectively.
Building and garden shops likely saw payrolls decline ahead of the cooler months and a deceleration in Covid-era at-home projects.
On the upside, manufacturers had a decent month with 37,000 new jobs amid strong hiring at transportation equipment makers. Factories that produce cars and car parts saw some of the sector's strongest numbers, up 24,100.
Transportation and warehousing came out best in August with a gain of 53,200 net payrolls. The Labor Department said warehouses and other storage facilities added 20,200 jobs while air transportation advanced by 11,400.
Enjoyed this article?
For exclusive stock picks, investment ideas and CNBC global livestream
Start your free trial now",,473,24,15,False,CNBC,en,https://www.cnbc.com/2021/09/03/where-the-jobs-are-august-2021-chart.html
2021-09-03 07:00:00,2021-09-03,The rise of ESG investing,"Skip Navigation
Markets
Pre-Markets
U.S. Markets
Europe Markets
China Markets
Asia Markets
World Markets
Currencies
Prediction Markets
Cryptocurrency
Futures & Commodities
Bonds
Funds & ETFs
Business
Economy
Finance
Health & Science
Media
Real Estate
Energy
Climate
Transportation
Investigations
Industrials
Retail
Wealth
Sports
Life
Small Business
Investing
Personal Finance
Fintech
Financial Advisors
Options Action
ETF Street
Buffett Archive
Earnings
Trader Talk
Tech
Cybersecurity
AI
Enterprise
Internet
Media
Mobile
Social Media
CNBC Disruptor 50
Tech Guide
Politics & Policy
White House
Policy
Defense
Congress
Expanding Opportunity
Europe Politics
China Politics
Asia Politics
World Politics
Video
Latest Video
Full Episodes
Livestream
Top Video
Live Audio
Europe TV
Asia TV
CNBC Podcasts
CEO Interviews
Digital Originals
Watchlist
Investing Club
Trust Portfolio
Analysis
Trade Alerts
Meeting Videos
Homestretch
Jim's Columns
Education
Subscribe
PRO
Pro News
Josh Brown
Mike Santoli
Calls of the Day
My Portfolio
Livestream
Full Episodes
Stock Screener
Market Forecast
Options Investing
Chart Investing
Subscribe
Livestream
Menu
Make It
select
USA
INTL
Livestream
Search quotes, news & videos
Livestream
Watchlist
SIGN IN
Create free account
Markets
Business
Investing
Tech
Politics & Policy
Video
Watchlist
Investing Club
PRO
Livestream
Menu
watch now
Share
Share Article via Facebook
Share Article via Twitter
Share Article via LinkedIn
Share Article via Email
Fast Money
The rise of ESG investing
Megan Starr, The Garlyle Group, joins Fast Money Special Edition to discuss what to make of the ESG trend.
Fri, Sep 3 2021
7:07 PM EDT
watch now
watch now
VIDEO
Dan Niles: We're going into a rate hike cycle so don't fight the Fed or the bond market
an hour ago
watch now
watch now
VIDEO
Kevin Hassett: Pres. Trump 'wholeheartedly rejects' government takeover of AI regulation
4 hours ago
watch now
watch now
VIDEO
Watch CNBC's full interview with White House National Economic Council Director Kevin Hassett
4 hours ago
watch now
watch now
VIDEO
Former Cleveland Fed Pres. Mester: No convincing evidence inflation is on downward path back to 2%
5 hours ago
watch now
watch now
VIDEO
Standard Chartered CEO Bill Winters on the ‘reckless path’ that shaped his banking career
watch now
watch now
VIDEO
Dan Niles: We're going into a rate hike cycle so don't fight the Fed or the bond market
an hour ago
watch now
watch now
VIDEO
Kevin Hassett: Pres. Trump 'wholeheartedly rejects' government takeover of AI regulation
4 hours ago
watch now
watch now
VIDEO
Watch CNBC's full interview with White House National Economic Council Director Kevin Hassett
4 hours ago
watch now
watch now
VIDEO
Former Cleveland Fed Pres. Mester: No convincing evidence inflation is on downward path back to 2%
5 hours ago
watch now
watch now
VIDEO
Standard Chartered CEO Bill Winters on the ‘reckless path’ that shaped his banking career
Load More",,462,7,176,False,CNBC,en,https://www.cnbc.com/video/2021/09/03/the-rise-of-esg-investing.html
2021-09-03 07:00:00,2021-09-03,QAnon shaman Jacob Chansley pleads guilty in Capitol riot case,"""QAnon shaman"" Jacob Chansley pleaded guilty Friday to a single count of obstructing a proceeding of Congress, nearly eight months after gaining widespread notoriety for his bizarre appearance as he invaded the Capitol with a horde of other Trump supporters.
Chansley, who has been jailed without bond since his arrest in January, faces up to 20 years in prison for the charge, one of six counts he was originally indicted on in federal court in Washington, D.C.
But the 33-year-old Phoenix, Arizona, man is likely to receive a less severe punishment than that under federal guidelines when he is sentenced Nov. 17.
A prosecutor said that a rough calculation of those guidelines suggest a prison sentence of between 41 to 51 months in prison. Chansley would get credit toward that sentence for the time he was jailed since his arrest.
Judge Royce Lamberth accepted Chansley's plea agreement with prosecutors after ruling he was mentally competent to understand the proceeding.
""You are in fact guilty of this offense?"" Lamberth asked.
""Yes, your honor,"" Chansley answered in a sober voice.
Chansley's lawyer Albert Watkins, asking for his release pending sentencing, noted to the judge that his client ""was not a planner"" of the riot, ""he was not violent.""
""I am hopeful the court will promote the growth and healing of Mr. Chansley,"" Watkins said.
Lamberth said he would rule on the release request later.
Chansley was shirtless, wielding a spear, wearing face paint and a fur hat with horns when he walked into the Capitol complex on Jan. 6 with thousands of other people, disrupting the ongoing confirmation by a joint session of Congress of Joe Biden's victory in the presidential election.
Prosecutors charged that Chansley, who subscribed to the bogus QAnon conspiracy theory, ran into the Senate chamber and up to the dais where then-Vice President Mike Pence minutes before was presiding over proceedings.
He left a note on that dais warning ""it's only a matter of time, justice is coming,"" prosecutors have said.
His attorney in July told Reuters that Chansley was in plea negotiations after prison psychologists diagnosed him as suffering from mental illnesses including transient schizophrenia, bipolar disorder, depression and anxiety.
Friday's hearing was conducted remotely due to the Covid-19 pandemic. More than 160 people were on phone lines listening to the hearing, which began after at least one voice could be heard yelling the word ""Freedom!""
Nearly 600 defendants have been charge in cases related to the Capitol riot, which began after then-President Donald Trump urged supporters at a rally to march to Congress and oppose the confirmation of Biden's victory.",,446,19,16,False,CNBC,en,https://www.cnbc.com/2021/09/03/qanon-shaman-jacob-chansley-pleads-guilty-in-capitol-riot-case-.html
2021-09-03 07:00:00,2021-09-03,"Jobs report disappoints — only 235,000 positions added vs. expectations of 720,000","Job creation for August was a huge disappointment, with the economy adding just 235,000 positions, the Labor Department reported Friday.
Economists surveyed by Dow Jones had been looking for 720,000 new hires.
The unemployment rate dropped to 5.2% from 5.4%, in line with estimates.
August's total — the worst since January — comes with heightened fears of the pandemic and the impact that rising Covid cases could have on what has been a mostly robust recovery. The weak report could cloud policy for the Federal Reserve, which is weighing whether to pull back on some of the massive stimulus it has been adding since the outbreak in early 2020.
""The labor market recovery hit the brakes this month with a dramatic showdown in all industries,"" said Daniel Zhao, senior economist at jobs site Glassdoor. ""Ultimately, the Delta variant wave is a harsh reminder that the pandemic is still in the driver's seat, and it controls our economic future.""
Leisure and hospitality jobs, which had been the primary driver of overall gains at 350,000 per month for the past six months, stalled in August as the unemployment rate in the industry ticked higher to 9.1%.
Instead, professional and business services led with 74,000 new positions. Other gainers included transportation and warehousing (53,000), private education (40,000) and manufacturing and other services, which each posted gains of 37,000.
Retail lost 29,000, with the bulk coming from food and beverage stores, which saw a decrease of 23,000.
""The weaker employment activity is likely both a demand and supply story — companies paused hiring in the face of weaker demand and uncertainty about the future while workers withdrew due to health concerns,"" Bank of America economist Joseph Song said in a note to clients.
The report comes with the U.S. seeing about 150,000 new Covid cases a day, spurring worries that the recovery could stall heading into the final part of the year.
""Delta is the story in this report,"" said Marvin Loh, global macro strategist for State Street. ""It's going to be a bumpy recovery in the jobs market and one that pushes back against a more optimistic narrative.""
The month saw an increase of about 400,000 in those who said they couldn't work for pandemic-related reasons, pushing the total up to 5.6 million.
""Today's jobs report reflects a major pullback in employment growth likely due to the rising impact of the Delta variant of COVID-19 on the U.S. economy, though August is also a notoriously difficult month to survey accurately due to vacations,"" said Tony Bedikian, head of global markets at Citizens.
Still, the news wasn't all bad for jobs.
The previous two months saw substantial upward revisions, with July's total now at 1.053 million, up from the original estimate of 943,000, while June was bumped up to 962,000 from 938,000. For the two months, revisions added 134,000 to the initial counts.
Also, wages continued to accelerate, rising 4.3% on a year-over-year basis and 0.6% on a monthly basis. Estimates had been for 4% and 0.3% respectively.
An alterative measure of unemployment that includes discouraged workers and those holding part-time jobs for economic reasons fell sharply, dropping to 8.9% in August from 9.6% in July.
The labor force participation rate was unchanged at 61.7%, still well below the 63.3% in February 2020, the month before the pandemic declaration.
Employment also remained well below pre-Covid levels, with 5.6 million fewer workers holding jobs and the total workforce still smaller by 2.9 million.
Another key Fed metric, the employment-to-population gauge, stood at 58.5%, up one-tenth of a percentage point from July but still well below the 61.1% pre-pandemic level. The measure looks at total jobholders against the working-age population.
August's numbers have been volatile in past years and often see substantial revisions. They come amid other positive signs for employment.
Weekly jobless filings have fallen to their lowest levels since the early days of the pandemic in March 2020, but a large employment gap remains.
It's not that there aren't enough jobs out there: Placement firm Indeed estimates that there are about 10.5 million openings now, easily a record for the U.S. labor market. ZipRecruiter on Friday noted sharp gains in job postings for travel, arts and entertainment and education, generally signaling that those sectors should see strong gains ahead.
Fed officials are watching the jobs numbers closely for clues as to whether they can start easing back some of the policy help they've been providing since the pandemic started.
In recent weeks, central bank leaders have expressed optimism about the employment picture but said they would need to see continued strength before changing course. At stake for now is the Fed's massive monthly bond-buying program, which could start getting scaled back before the end of the year.
However, if the jobs data gets softer, that could prompt Fed officials to wait until 2022 before tapering its purchases. Fed officials have been clear that interest rate hikes will come well after tapering starts.
""I still expect them to taper by year end,"" said State Street's Loh. ""Maybe some of the more aggressive conversations about something happening in September are off the table. I think November is still a possibility.""
The Fed meets next on Sept. 21-22.
Become a smarter investor with CNBC Pro.
Get stock picks, analyst calls, exclusive interviews and access to CNBC TV.
Sign up to start a free trial today.",,956,45,31,False,CNBC,en,https://www.cnbc.com/2021/09/03/jobs-report-august-2021.html
2021-09-04 07:00:00,2021-09-04,"'Stagflation' is the greatest threat to Europe’s recovery, warns ex-Italian PM Monti","Former Italian Prime Minister Mario Monti told CNBC Saturday that he believes the greatest threat to Europe's economic recovery from the coronavirus pandemic is ""stagflation.""
Monti, now the president of Italy's Bocconi University, said the ""huge mass"" of accommodative monetary policy by central banks and fiscal stimulus from governments, implemented to support economies amid the coronavirus pandemic, ""may well fire more inflation.""
At the same time, Monti said there were ""a number of constraints on the flexibility of production"" to increase.
Stagflation is generally considered to be when the rate of inflation is high but economic growth has slowed and unemployment remains elevated.
The IHS Markit euro zone flash composite purchasing managers' index, which looks at activity across manufacturing and services, hit a two-month low of 59.5 in August versus 60.2 in July. A reading higher than 50 still represents an expansion in economic activity, but many economists have suggested that momentum may be slowing in the region.
There is also concern around the effect of supply chain issues from Asia hitting manufacturing activity in Europe, as well as the fact that higher wages could feed into inflationary pressures.
Speaking to CNBC's Steve Sedgwick at the European House Ambrosetti Forum on Saturday, Monti said that economies, not only in the EU, could start to experience elements of ""stagflation"" similar to that seen in many countries in the 1970s.
Monti said, therefore, it will be ""very important to manage wisely and in a coordinated manner this transition from a needed abundance of monetary and financial support to a more ordinary situation.""
Preliminary data released on Tuesday showed inflation in the euro zone hit a 10-year high in August, with consumer prices up 3% from a year ago.
The European Central Bank is due to hold its next policy meeting on Sep. 9 and is expected to discuss the path forward for its asset purchasing program. However, analysts told CNBC earlier in the week that they expect the ECB to hold off announcing a tapering of its Covid stimulus measures until December.",,347,10,10,False,CNBC,en,https://www.cnbc.com/2021/09/04/mario-monti-stagflation-is-the-greatest-risk-to-europes-recovery.html
2021-09-04 07:00:00,2021-09-04,How you can help fight climate change in ways that really matter,"Hurricane Ida made landfall over Port Fourchon, Louisiana, as a Category 4 storm with winds of 150 miles per hour on Sunday, leaving more than one million Louisiana utility customers are without power. The entire resort city of South Lake Tahoe was ordered to evacuate on Monday. More than 20 people were killed as flash floods in New York and New Jersey caused massive flooding.
Those who are living through one of these crises made worse by anthropogenic climate change, are likely consumed with survival — evacuating, cleaning out debris, rebuilding. On the other side of immediate safety concerns, however, is often a new resolve to combat the common factor in these disasters: Climate change. But the size of the problem can make meaningful action seem impossible.
Can a single person do anything to meaningfully contribute to climate change relief efforts? Most certainly, say climate change experts. Here are a few simple things you can do right now:
Talk about climate change with family and friends
Talk about climate change with the people in your life.
""Every great social justice movement started on the community level,"" Jasmine Sanders, executive director of Our Climate, a Washington DC-based youth advocacy organization, told CNBC. That can mean ""sitting down with your family to have a conversation about climate change at the dinner table,"" she said.
So, too, said Jerome Ringo, the co-founder and chairman of climate innovation company Zoetic Global, former leader at the National Wildlife Federation, and global ambassador for the countdown Climate Clock. ""Each one teach one,"" Ringo told CNBC. When you learn about climate change, pass that information on to your neighbor so they too are able to have a conversation with another person.
""I call them kitchen conversations where people begin to sit and talk,"" Ringo said. A casual conversation could lead to a group coming together and deciding to call their elected representatives or starting a neighborhood recycling program, he said.
Know the climate policies of your elected officials
Take the time to educate yourself about the climate-related stances of elected officials, Adrienne L. Hollis, climate justice and health scientist, told CNBC.
""Really become familiar with legislation around climate change, for example the executive orders from President Biden, and pieces of legislation that are proposed by various members of Congress,"" Hollis said. She focuses on issues of health, environmental justice and climate at her namesake Hollis Environmental Consulting and was previously at the Union of Concerned Scientists. ""There are so many opportunities for the public to have input,"" Hollis said.
If this feels overwhelming to try on your own, join groups that are working on legislative issues already, she said. ""People need to know about all of the tools that are available to them, and from that — what tools are needed and missing,"" she said. ""Get involved locally, regionally and at the federal level.""
And keep current on developments. ""Knowledge and awareness are power,"" Sanders said. ""Stay in the know of how climate change is impacting each of us by reading news on a daily basis and then use your superpower to affect change!""
Vote for climate-conscious leaders
""The most important thing that individuals can do is vote, and vote on the climate,"" Michael E. Mann, professor of atmospheric science at Penn State and director of the Penn State Earth System Science Center, told CNBC.
""What we really need is systematic change and policies that will rapidly decarbonize our economy, such as subsidies for renewable energy, carbon pricing, and blocking of new fossil fuel infrastructure. As individuals we can't do these things,"" said Mann, who is also the author of ""The New Climate War: The Fight to Take Back Our Planet.""
Voting is the advice of Gernot Wagner, a climate economist at New York University, too. Specifically, Wagner calls on individuals to ""vote well."" You may think that your vote doesn't really count, given that you're one voice among millions, but Wagner addresses that in an essay he wrote with the late Martin Weitzman.
""Get up and vote; it's the right thing to do. And don't just vote for the sake of voting. Vote as an informed citizen. Vote well,"" Wagner and Weitzman write. ""Vote for a cause larger than yourself. Vote for those who promise more than just to further their own agenda (or yours!). Vote for those who seek to look out for society at large.""
Advocate for a price on carbon
""To have the most impact on fighting climate change, we need each and every individual to advocate for national and international policies that place a price and cap on carbon emissions,"" Jane Gilbert, the first ever Chief Heat Officer of Miami, told CNBC.
The maverick tech billionaire Elon Musk said he supports the idea of a price on carbon, too. ""My top recommendation, honestly, would be just add a carbon tax,"" Musk told Joe Rogan on The Joe Rogan Experience podcast in February. ""The economy works great. Prices and money are just information. ... If the price is wrong, the economy doesn't do the right thing.""
Musk said high concentrations of carbon in the atmosphere and environment are, economically speaking, an ""unpriced externality."" An externality happens when some consequence of production is not properly reflected in the market. In this case, it is a negative externality.
Those externalities have serious consequences. ""Currently, the most vulnerable in our country and world are already paying the price of continuing business as usual,"" Gilbert said. ""It's time to place that cost on the fuels itself and take away the land leasing and other subsidies to the fossil fuel industry,"" Gilbert said.
If a price on carbon were to be implemented, the money raised should be used to ""address the inequities of short term price increases as we transition to a clean energy economy and to assist communities in adapting to and recovering from the impacts of climate change,"" Gilbert said.
Cut your personal consumption
""Plant-based eating is a really positive climate influence,"" Elin Kelsey, author of ""Hope Matters,"" told CNBC in a phone conversation in August.
Around the globe, livestock are responsible for 14.5% of all anthropogenic greenhouse gas emissions, according to the Food and Agriculture Organization of the United Nations. Cattle are the worst offenders, responsible for 65% of the emissions caused by all livestock.
""Whether you're a flexitarian or vegetarian or vegan, or pescatarian, whatever it is — just eating more plants is is a great direction to be going,"" Kelsey told CNBC.
Taking responsibility for our own carbon footprint can also mean traveling less said Chris Funk, director of the Climate Hazards Center at UC Santa Barbara and author of the new book, ""Drought, Flood, Fire: How Climate Change Contributes to Catastrophes.""
""According to the EPA, transportation and electricity generation are the two biggest sources of U.S. emissions. Driving less, driving fuel-efficient vehicles, and flying less are straightforward ways that everyone can make a difference,"" Funk said
Start a decarbonization plan at home, said Wagner. His own home greening journey was detailed by New York Magazine, and included everything from new insulation to adding a heat pump on the roof and rewiring the house to support it — and it cost over $100,000. But not every project needs to be so extensive.
""Many households can easily switch to an affordable renewable-oriented electricity plan, and improved insulation and windows make our homes climate-smart while saving us money,"" Funk said.
As with voting, Wagner provides a rebuke for the statisticians who are ready to provide proof their individual behavior doesn't matter. ""Reducing your own carbon footprint to zero is a noble gesture, but it's less than a drop in the bucket. Quite literally: the standard U.S. bucket holds about 300,000 drops; but you are one in over 300,000,000 as an American, and you are one in seven billion as a human being,"" Wagner and Weitzman write.
""So why go green at all? Because it's the right thing to do. It's also how we learn the values that we have to apply on a much larger scale to tackle climate change,"" they write.
Also, your behaviors have an impact on those around you. ""Recycle. Bike to work. Eat less meat. Maybe go all the way and turn vegetarian. Teach your kids to do the same, and to turn off the water while brushing their teeth. It's good for you. It's good for those around you. It's the right thing to do.""
Identify your personal passion or talent and use it
""Do anything — anything at all,"" Wagner told CNBC. ""That begins with talking about climate change. It also means doing what you do best. Students, study. Teachers, teach. Writers, write. Entrepreneurs, invent, build, ship! Whatever it is you do best, consider how climate change figures into it, and do that.""
With a bit of research, you are likely to find a community of like-minded individuals, said Kelsey.
""What are you passionate about? What are you particularly great at....what do you do even if nobody wants you to do it, because you love it so much?"" Kelsey told CNBC. ""Finding out what really drives you, and recognizing that and then using that voice is the most effective thing to do. ... This individualization and recognizing our own emotional landscape, our own passions, that's where we do the most good, because those are the things we'll continue to do.""",,1588,86,39,False,CNBC,en,https://www.cnbc.com/2021/09/04/how-to-fight-climate-change-six-actions-that-really-matter.html
2021-09-05 07:00:00,2021-09-05,Elite Guinea army unit say they dissolved the government and the constitution of the West African country,"Special forces soldiers appeared on Sunday to have ousted Guinea's long-serving president, telling the nation they had dissolved its government and constitution and closed its land and air borders.
As the United Nations condemned any takeover by force and the West African region's economic bloc threatened reprisals, the elite army unit's head, Mamady Doumbouya, said ""poverty and endemic corruption"" had driven his forces to remove President Alpha Conde from office.
""We have dissolved government and institutions,"" Doumbouya — a former French foreign legionnaire — said on state television, draped in Guinea's national flag and surrounded by eight other armed soldiers. ""We are going to rewrite a constitution together.""
Gunfire erupted near the presidential palace in the capital, Conakry, on Sunday morning. Hours later, videos shared on social media, which Reuters could not immediately authenticate, showed Conde in a room surrounded by army special forces.
Military sources said the president was taken to an undisclosed location and that the forces commanded by Doumbouya — who one of the sources, a close colleague, described as calm and reserved by nature — had made several other arrests.
They included senior government officials, the sources said.
Guinea's main opposition leader, Cellou Dalein Diallo, denied rumors that he was among those detained.
Taxes and protests
Conde won a third term in October after changing the constitution to allow him to stand again, triggering violent protests from the opposition.
In recent weeks the government has sharply increased taxes to replenish state coffers and raised the price of fuel by 20%, causing widespread frustration.
By Sunday evening it was not clear if Doumbouya had taken full control, the defense ministry having issued a statement saying an attack on the presidential palace had been repelled.
But United Nations Secretary General Antonio Guterres said he strongly condemned ""any takeover of the government by force"" and called for Conde's immediate release.
The Economic Community of West African States (ECOWAS) threatened to impose sanctions after what its chairman, Ghana's President Nana Akuffo-Addo, called an attempted coup.
The African Union said it would meet urgently and take ""appropriate measures"" while the foreign ministry in Nigeria, the region's dominant power, called for a return to constitutional order.
Videos shared on social media had earlier shown military vehicles patrolling Conakry, and one military source said the only bridge connecting the mainland to the Kaloum neighbourhood, where the palace and most government ministries are located, had been sealed off.
The rich were taunting us
By mid-afternoon, when the shooting had stopped, residents were venturing back onto the streets of the capital to celebrate the uprising's apparent success.
A Reuters witness saw pick-up trucks and military vehicles accompanied by motorcyclists honking their horns and cheering onlookers. ""Guinea is free! Bravo,"" a woman shouted from her balcony.
Alexis Arieff, at the United States Congressional Research Service, said that, while mutinies and coups were nothing new in West Africa, the region had seen ""major democratic backsliding"" in recent years.
Both Conde and Ivory Coast's leader have moved the legislative goalposts to extend the clock on their presidencies in the past year, while Mali has experienced two military coups and Chad one.
Guinea has seen sustained economic growth during Conde's decade in power thanks to its bauxite, iron ore, gold and diamond wealth.
But few of its citizens have seen the benefits, and critics say his government has used restrictive criminal laws to discourage dissent, while ethnic divisions and endemic graft have sharpened political rivalries.
""While the president was proclaiming everywhere that he wanted to govern differently by annihilating corruption, the embezzlement of public funds increased. The new rich were taunting us,"" Alassane Diallo, a resident of Conakry, told Reuters.
""It is all this that made it easier for the military.""",,633,26,24,False,CNBC,en,https://www.cnbc.com/2021/09/05/elite-guinea-army-unit-said-it-has-toppled-long-time-president-alpha-conde.html
2021-09-05 07:00:00,2021-09-05,"The Indian rupee has had a stable run this year, but UBS expects it will be 'short-lived'","The Indian rupee has been one of the most stable currencies in Asia-Pacific this year, but its stability is expected to be short-lived, according to UBS.
Strategists from the Swiss investment bank said in a note dated Aug. 25 that they expect the Indian currency to weaken to 77 per dollar by the end of the year — more than 5% weaker than current levels — and depreciate further to 79.5 by September 2022.
""We see the year-to-date INR stability as short-lived,"" UBS said, adding that a retreat in U.S. bond yields lent stability to currencies like the rupee.
The rupee changed hands at around 72.98 per dollar on Friday, strengthening some 0.19% from January levels and appreciating from levels around 74.11 last month.
What kept the rupee resilient?
The rupee's resilience has been primarily driven by two factors, according to Gaurang Somaiya, a foreign-exchange analyst at the Mumbai-based diversified financial services firm Motilal Oswal.
""First, consistent fund flows was positive for the rupee and second was the [Reserve Bank of India] bought dollars to build its reserves and prepare itself for any volatility,"" he told CNBC.
Somaiya added that fund flows were not only led by the foreign institutional investors but also through a consistent stream of foreign direct investments.
FDI equity inflow into India grew 168% on-year to $17.57 billion between April and June — the first quarter in India's fiscal year 2022. That refers to foreign money invested into Indian markets as well as businesses and is free of debt.
""Fund flows have been one of the major reasons that helped the rupee gain steadily,"" Somaiya said. He pointed out that between August last year and now, the rupee has been stuck in a relatively broad range of 72 and 75 against the dollar.
That suggests the RBI has been ""very active in managing the volatility of the rupee,"" using its interventions to build up its foreign exchange reserves to near all-time highs, he said. Latest data showed the RBI had about $616.9 billion in foreign exchange reserves as on Aug. 20.
Somaiya said he expects the rupee to appreciate in the near term, following sharp gains in the domestic stock market. He predicted the currency could appreciate to levels near 72.20 against the dollar by the end of the year. In 2022, he expects the rupee to trade around the 73.50 to 74 level as the U.S. currency strengthens.
Current account situation
Last year, India recorded a current account surplus for the first time in over a decade due to a collapse in domestic demand for imports as a result of the pandemic. That implied the value of incoming goods, services and investments into India was lower than the amount that left the country.
In the first three months of this year, India's current account deficit widened to $8.1 billion, or 1% of GDP, as the economy slowly recovered.
UBS strategists said India's quarterly current account balance has deteriorated rapidly from last year, driven by a rebound in oil prices.
""Given our expectations for India's current account deficit to persist in a 1-1.5% range into 2022, we expect the [rupee] to come under pressure when US yields start to rebound toward 2% by year-end,"" they said.
Rupee can hold up 'relatively well'
British investment bank HSBC has a more positive view on the Indian currency. It expects the rupee to reach 73 against the dollar by year-end and says the currency will likely end flat with its end-2020 level. In the longer term, the bank expects modest weakness where the rupee could weaken to 75 against the dollar.
HSBC expects the rupee to hold up ""relatively well"" in a stronger dollar environment as persistent FDI inflows and better foreign-exchange reserves will help the currency withstand external headwinds, Madan Reddy, Asia foreign-exchange strategist at HSBC Global Research, told CNBC.
""The uncertainty around slowing sequential global growth and the Fed's policy normalisation should therefore leave the [rupee] as an outperformer in Asia,"" he said.
U.S. Federal Reserve chair Jerome Powell last month indicated that the central bank is likely to begin withdrawing some of its easy-money policies before the end of the year, though he still sees interest rate hikes off in the distance.
Reddy said the likelihood of tighter monetary conditions in the U.S. and a re-widening of India's current account deficit point to a higher dollar/rupee pair. But, he added, excessive weakness in the rupee is less likely as the RBI would eventually remove excess liquidity conditions from the economy and restrain inflation expectations.
He pointed out the central bank's foreign-exchange purchases in recent years have helped suppress longer-term depreciation expectations among local traders.
""In our view, the RBI's FX policy will continue to remain a key driver of rupee's performance,"" Reddy said, adding that he sees little incentive for the central bank to tolerate the rupee's strength as long as capital inflows are not broad-based.
""For now, the RBI seems to be comfortable with [dollar/rupee] oscillating within its year-to-date trading range of 72.5-75.5,"" he said.
Motilal Oswal's Somaiya added that domestic factors like growth recovery are more in favor of a stronger rupee, but global factors could cap gains against the dollar.",,917,40,27,False,CNBC,en,https://www.cnbc.com/2021/09/06/indian-rupee-inr-outlook.html
2021-09-05 07:00:00,2021-09-05,Dollar near one-month low on bets for later Fed taper,"The dollar languished near a one-month low versus major peers on Monday, as investors pushed back expectations for when the Federal Reserve will begin tapering its massive stimulus.
The dollar index, which measures the currency against six rivals, edged 0.05% higher to 92.155, after dipping to 91.941 for the first time since Aug. 4 on Friday, when a closely watched U.S. labor report came out much weaker than expected.
The euro was flat at $1.18775 after matching the highest level since June 29 at $1.1909 at the end of last week. The single currency has been supported by expectations the European Central Bank, which meets Thursday, is close to tapering its own stimulus program.
The greenback edged 0.1% higher to 109.79 yen, still meandering in the middle of its trading range of the past two months.
U.S. nonfarm payrolls increased by just 235,000 in August, compared with a 728,000 median forecast by economists in a Reuters poll, as a resurgence in Covid-19 infections weighed on demand at restaurants and hotels, and stalling hiring.
The Fed has made a labor market recovery a condition for paring back its pandemic-era asset purchases.
Commonwealth Bank of Australia pushed back expectations for a start to tapering to December from October following the jobs miss.
""The U.S.'s deteriorating Covid situation will weigh on the USD because the situation is better elsewhere in the major economies,"" CBA strategists wrote in a client note.
Australia's dollar weakened 0.17% to $0.7435, but remained close to its highest since July 15 of $0.74775, touched in the previous session. The Reserve Bank of Australia decides policy on Tuesday.
National Australia Bank predicts the central bank will reduce asset purchases again at the meeting, ""although the optics of tapering amid protracted lockdowns means it is likely to be a close decision,"" NAB analyst Tapas Strickland wrote in a report.
New Zealand's kiwi slipped 0.07% to $0.71445, after rising as high as $0.7170 on Friday for the first time since June 11.
Following strong two-week rallies, both the Aussie and kiwi ""appear to have firmly broken out of recent ranges,"" Strickland said.
In cryptocurrencies, bitcoin was about flat at $51,785.60, after earlier touching $51,920, a level not seen since May 12.
Smaller rival ether traded little changed at $3,942.77 after topping $4,000 last week for the first time since mid-May.",,420,19,14,False,CNBC,en,https://www.cnbc.com/2021/09/06/forex-markets-dollar-federal-reserve.html
2021-09-05 07:00:00,2021-09-05,"Taliban, opposition fight for Afghan holdout province, top U.S. general warns of civil war","Taliban and opposition forces battled on Saturday to control the Panjshir Valley north of Kabul, the last Afghan province holding out against the militant group, as the top U.S. general warned of a ""civil war"" if the Islamists failed to consolidate power.
Both sides claimed to have the upper hand in Panjshir but neither could produce conclusive evidence to prove it. The Taliban, which swept through the country ahead of the final withdrawal of U.S.-led forces this week, were unable to control the valley when they ruled Afghanistan from 1996 to 2001.
Taliban spokesman Bilal Karimi said the districts of Khinj and Unabah had been taken, giving Taliban forces control of four of the province's seven districts.
""The Mujahideen (Taliban fighters) are advancing toward the centre (of the province),"" he said on Twitter.
But the National Resistance Front of Afghanistan, grouping forces loyal to local leader Ahmad Massoud, said it surrounded ""thousands of terrorists"" in Khawak pass and the Taliban had abandoned vehicles and equipment in the Dashte Rewak area.
Front spokesman Fahim Dashti added ""heavy clashes"" were going on.
In a Facebook post, Massoud insisted Panjshir ""continues to stand strongly."" Praising ""our honourable sisters"", he said demonstrations by women in the western city of Herat calling for their rights showed Afghans had not given up demands for justice and ""they fear no threats.""
U.S. General Mark Milley, chairman of the Joint Chiefs of Staff, underscored the tenuous situation.
""My military estimate is, is that the conditions are likely to develop of a civil war. I don't know if the Taliban is going to be able to consolidate power and establish governance,"" Milley said.
Speaking to Fox News from Ramstein Air Base in Germany, Milley said if they cannot that will ""in turn lead to a reconstitution of Al Qaeda or a growth of ISIS or other myriad of terrorist groups"" over the next three years.
Emergency, an Italian medical aid organization, said Taliban forces had pushed further into the Panjshir Valley on Friday night, reaching the village of Anabah where the group has medical facilities.
""We have received a small number of wounded people at the Anabah Surgical Centre,"" Emergency said in a statement, adding that many people fled in recent days.
It was not immediately possible to get further independent confirmation of events in Panjshir, which is walled off by mountains except for a narrow entrance.
Celebrations
Celebratory gunfire resounded in Kabul on Friday as reports spread of the Taliban's takeover of Panjshir. News agencies said at least 17 people were killed and 41 hurt.
Pakistan's spy chief Lieutenant General Faiz Hameed flew into Kabul on Saturday. It was not clear what his agenda was, but a senior official in Pakistan said earlier in the week that Hameed, who heads the powerful Inter-Services Intelligence (ISI) agency, could help the Taliban reorganize the Afghan military.
Washington has accused Pakistan and the ISI of backing the Taliban in the group's two-decade fight against the U.S.-backed government in Kabul, although Islamabad has denied the charges.
In Kabul, Taliban fighters broke up a demonstration by about a dozen women urging the group to respect women's rights to education and jobs, according to private broadcaster Tolo news.
Footage showed women confronted by armed militants covering their mouths and coughing, and one demonstrator said the fighters had used tear gas and tasers against the participants, who had been carrying banners and a bouquet of flowers.
""They also hit women on the head with a gun magazine, and the women became bloody,"" said a demonstrator who gave her name as Soraya.
The Taliban imposed violent punishments and barred women and older girls from school and work when previously in power, but have sought to present a more moderate face this time.
Government next week
A Taliban source said the announcement of a new government would be pushed back to next week.
Taliban co-founder Mullah Abdul Ghani Baradar, reported by some Taliban sources to be in line to lead the new government, said in remarks on Qatar's Al Jazeera channel that the new administration will include all factions of Afghans.
""We are doing our utmost efforts to improve their living conditions. The government will provide security, because it is necessary for economic development,"" he said.
Some signs of normality returned to Kabul.
Qatar's ambassador to Afghanistan said a technical team was able to reopen Kabul airport to receive aid, according to Al Jazeera, which also cited its correspondent as saying domestic flights had restarted.
The airport has been closed since the United States on Aug. 30 completed U.S-led evacuations of more than 120,000 U.S. citizens, other foreigners and Afghans deemed at risk from the Taliban, and withdrew the last of its troops.
The Taliban's main spokesman, Zabihullah Mujahid, also said one of the main foreign exchange dealers in Kabul had reopened.
Afghanistan's economy has been thrown into disarray by the Taliban's takeover. Many banks are closed and cash is scarce.
The United Nations said it will convene an international aid conference on Sept. 13 to help avert what U.N. Secretary General Antonio Guterres called a looming humanitarian catastrophe.
Western powers say they are prepared to engage with the Taliban and send humanitarian aid, but that formal recognition of the government and broader economic assistance will depend on action - not just promises - to safeguard human rights.",,914,41,32,False,CNBC,en,https://www.cnbc.com/2021/09/05/taliban-opposition-fight-for-afghan-holdout-province-top-us-general-warns-of-civil-war.html
2021-09-06 07:00:00,2021-09-06,Ryanair ends jet order talks with Boeing over price dispute,"Boeing faces a standoff with one of its biggest customers after Ireland's Ryanair said it had ended talks over a purchase of 737 MAX 10 jets worth tens of billions of dollars due to differences over price.
The rare decision to go public over big-ticket airplane negotiations comes after months of wrangling that had already delayed a deal for the largest version of the 737 MAX when Ryanair re-ordered a smaller model in December.
A large new Ryanair order would provide a boost to the U.S. plane maker as it rebuilds confidence in the MAX, grounded for 20 months until November after two fatal crashes. It would also speed a tentative industry recovery from the COVID-19 pandemic.
Europe's largest budget carrier is already the region's largest MAX customer with 210 of the 197-seat MAX 8-200 on order. It has dangled a fresh order potentially worth $33 billion at list prices for up to 250 of the 230-seat MAX 10.
Even after steep industry-wide discounts such a deal would still be worth well over $10 billion, analysts estimate.
But last week, Ryanair Group Chief Executive Michael O'Leary poured cold water on chances of a quick deal, saying he would be surprised if agreement was reached this year.
On Monday, he said talks had collapsed.
""We are disappointed we couldn't reach agreement,"" O'Leary said. ""However, Boeing have a more optimistic outlook on aircraft pricing than we do, and we have a disciplined track record of not paying high prices for aircraft.""
Boeing also vowed to exercise discipline.
""Ryanair is a long-standing partner. We value their business and are committed to supporting them,"" a Boeing spokesperson said. ""At the same time, we continue to be disciplined and make decisions that make sense for our customers and our company.""
Ryanair shares rose 1.8%. U.S. markets, where Boeing is listed, were closed for the Labor Day holiday.
While Ryanair has nominally ended talks, analysts said it is gambling that public pressure will lure Boeing to the table with an improved offer as the planemaker juggles the fallout from the MAX crisis, uncertainty over COVID-19 and industrial woes.
Boeing, however, appears to believe the market is finally moving in its direction after winning a series of orders including 150 MAX 10 from United Airlines.
Industry experts say Ryanair is one of two budget kingpins alongside Southwest that can insist on best prices from Boeing.
The spread of COVID-19 variants and public acceptance of the MAX will help determine whether prices have further room to fall or whether Ryanair, one the industry's toughest negotiators, has missed the bottom of the market for the largest MAX model.
""MAX values have increased very slightly as inventory declines,"" said Rob Morris, chief consultant at Ascend by Cirium. ""We are hearing less about some of the low prices.""
The MAX 10 has yet to enter service but estimated values for the slightly smaller MAX 9 have risen 2% recently, though are still 9-10% below levels before the MAX crisis, he said.
Despite the rift with Boeing, O'Leary has repeatedly played down the prospect of a dramatic defection to rival Airbus due to a long waiting list for its hot-selling A321neo. The two companies have had tense relations in the past.
On Monday, O'Leary did however pointedly refer to the fact that other Boeing customers had done deals with Airbus.
Britain's Jet2 last week closed a deal for 36 A321 neo aircraft worth about $4.9 billion.
Delta, which buys from both suppliers, in August added 30 A321neo to its order book with Airbus.
Still, industry sources said Airbus may be wary of diluting what it sees as a price advantage for its A321neo by getting dragged into a price war over Ryanair that few expect it to win.
""It is likely Boeing and Ryanair will eventually cut a deal,"" one industry veteran said.
Airbus declined comment.",DUBLIN,670,31,24,False,CNBC,en,https://www.cnbc.com/2021/09/06/ryanair-ends-jet-order-talks-with-boeing-over-price-dispute.html
2021-09-06 07:00:00,2021-09-06,"Market bull Tom Lee predicts a record September, but warns that a 10% correction could come in October","Longtime market bull Tom Lee is predicting a profitable period for investors in September.
According to Lee, the S&P 500 is positioned to surge more than 100 points this month. However, he warns the positive momentum has an expiration date.
""We could have a really strong rally in September,"" the Fundstrat Global Advisors' co-founder and head of research told CNBC's ""Trading Nation"" on Friday. ""We didn't think there was a window for a 10% correction for most of 2021. The window where we think you could start to have potentially a 10% pullback is October.""
Lee attributes the vulnerability to growing fiscal and monetary policy risks — as well as uncertainty surrounding the pandemic and flu season.
""We get that much closer to tapering,"" the CNBC contributor said. ""That's really when the debt ceiling rhetoric comes back, and if there are going to be concerns about the debt ceiling, the bond market could panic.""
When there's upheaval in the bond market, it typically spills to stocks. But in the meantime, Lee indicates he would be a buyer.
He sees uncertainty regarding Covid-19 delta cases and its economic impact pushing the Federal Reserve to stay dovish for longer. According to Lee, it's a recipe for new market highs.
""The U.S. is still in an underlying expansion. This is a risk on formula,"" said Lee, who ran equity strategy for JPMorgan Chase from 2007 until 2014.
He cites a crude oil price comeback and bitcoin's return above $50,000 as evidence.
Lee's top market picks still involve trades most tied to the economic recovery. He particularly likes energy, and materials. He also sees opportunities in FAANG stocks, otherwise known as Facebook, Amazon, Apple, Netflix and Alphabet.
""My guess is that quite a number of investors thought we'd have a 10% correction in August,"" Lee said. ""So, money was taken off the table. Usually when people re-risk they start buying cyclical and epicenter ideas.""
Lee believes the S&P 500 could exceed 4,650 in September — 50 points above his year-end target. On Friday, the index closed at 4,535.43 and is about a quarter of a percent below its record high.
Disclosure: Tom Lee owns bitcoin.",,378,23,13,False,CNBC,en,https://www.cnbc.com/2021/09/06/correction-may-strike-stocks-after-record-september-tom-lee-.html
2021-09-06 07:00:00,2021-09-06,"These are the stocks of the decade. One has returned 100,000%","Elon Musk's electric carmaker, a company that makes outdoor decks, and an energy drink stock all share something in common: each of their stocks has returned more than 4,000% in the past decade, according to Bespoke Investment Group. The firm tracked which equities in the broad-encompassing Russell 3,000 have returned the most in the past 10 years. The results are in and one name gained a whopping 100,000%. The Russell 3,000 covers roughly 98% of publicly traded market capitalization in the U.S., the firm said. Just over 450 stocks in the average have seen total returns of more than 500% and just 151 have returned more than 1,000% in the past 10 years. Only 38 names have returned more than 2,000% and only 13 stocks are up more than 4,000%, Bespoke noted. Here's a list of the 10 best performing Russell 3,000 stocks over the last 10 years on a total return basis. Coming in at no. 1, Xpel has returned an impressive 106,028.6% since 2011, according to Bespoke. Xpel manufactures a protection film that protects surfaces like auto paints, home windows and boat interiors. Shares of Xpel are up nearly 49% in 2021. Earlier this month, Xpel reported second quarter revenue that grew to a record $68.7 million. Revenue increased 32.5% from its previous record level in the first quarter of this year. Energy drink maker Celsius Holdings is up 31,452.2% in a decade. The company now sells its beverages at 82,000 U.S. locations at places like Kroger, CVS, Rite Aid and SpeedWay. Beloved electric vehicle stock Tesla has returned 14,673.7% in the past 10 years. The vehicle company reported more than $1 billion in net income during the second quarter of this year , up tenfold from a year prior. Tesla reported $1.14 billion in (GAAP) net income for the quarter, the first time it has surpassed $1 billion. In the year-ago quarter, net income amounted to $104 million. "" @elonmusk 's legendary Model S was still 10 months from launch ten years ago in August 2011, when TSLA shares were under $5 on a split-adjusted basis,"" Bespoke said in a tweet. Cryptocurrency stock GreenBox is up 13,891.8% in the past decade. The company claims to be ""revolutionizing cashless transactions with Blockchain."" Healthcare name Repligen and manufactured home company Patrick Industries are up 8,125.9% and 9,630.5%, respectively, in the past 10 years. Chip stock Nvidia is up 7,282.9% in a decade. Bespoke pointed out the Nvidia's market capitalization is now 2.5x the size of Intel 's. Shares of Nvidia are up 75% this year and Wall Street still sees the stock going higher. On Friday, Jefferies raised its price target on the stock to $260 from $223. ""We have increased conviction that its data center business is accelerating, and that it continues to build out its software offerings, consistent with our thesis that NVDA is morphing into a Parallel Processing Ecosystem play,"" Jefferies' Mark Lipacis said in a note. Plus, CNBC's Jim Cramer said Nvidia is in a sector that is in ""bull market mode"" and is lead by ""fabulous leadership."" Nvidia is bidding to buy U.K.-based chip designer Arm from Japan's SoftBank for $40 billion, although there have been some roadblocks. ""If Nvidia can purchase this Arm Holdings, if they can close on it, it will become the most important semiconductor company of our time,"" said Cramer. BioLife Solutions is up 6,313.8% since 2011. The company supplies products and services for gene and cell therapy. Trex — a company that makes non-wood decks — was just $2 per share in 2011. Ten years later the stock has returned nearly 5000% to trade around $110 per share. Other names like Mirati Therapeutics , which is a biotech company working on cancer therapeutics, appear on Bespoke's list. The stock is up 4,485.9% in the past decade.",,677,36,1,False,CNBC,en,https://www.cnbc.com/2021/09/06/these-are-the-stocks-of-the-decade-one-has-returned-100000percent.html
2021-09-07 07:00:00,2021-09-07,"Taliban name new Afghan government, interior minister on U.S. sanctions list","The Taliban named Mullah Hasan Akhund, an associate of the movement's late founder Mullah Omar, as the head of Afghanistan's new government on Tuesday, with Mullah Abdul Ghani Baradar, head of the movement's political office, as deputy.
Sarajuddin Haqqani, son of the founder of the Haqqani network, designated as a terrorist organization by the United States, will be the new interior minister, the Taliban's main spokesman Zabihullah Mujahid told a news conference in Kabul.
Mullah Mohammad Yaqoob, son of Mullah Omar, has been named as defense minister. All the appointments are in an acting capacity, Mujahid told a news conference in Kabul.
It was not clear what role in the government would be played by Mullah Haibatullah Akhundzada, the Taliban supreme leader. He has not been seen or heard in public since the collapse of the Western-backed government and the seizure of Kabul by the Islamist militant movement last month.
Akhund, the new head of government, has been close to Akhunzada for 20 years.
The Taliban have repeatedly sought to reassure Afghans and foreign countries that they will not return to the brutality of their last reign two decades ago, marked by brutal punishments and the barring of women and girls from public life.
The appointment of a group of established figures from different elements of the Taliban gave no indication of any concession towards protests that broke out in Kabul earlier in the day, when Taliban gunmen fired in the air to scatter them.
Hundreds of men and women shouting slogans such as ""Long live the resistance"" and ""Death to Pakistan"" marched in the streets to protest against the Taliban takeover. Neighboring Pakistan has deep ties with the Taliban and has been accused of assisting its return to power - charges Islamabad denies.
The Taliban's rapid advance across Afghanistan as U.S. forces pulled out last month triggered a scramble to leave by people fearing reprisals.
U.S.-led foreign forces evacuated about 124,000 foreigners and at-risk Afghans, but tens of thousands were left behind.
Secretary of State Antony Blinken said the United States was in contact with about 100 Americans who were still in Afghanistan.
About 1,000 people, including Americans, have been stuck in the northern city of Mazar-i-Sharif for days awaiting clearance for charter flights to leave, an organizer told Reuters, blaming the delay on the U.S. State Department.",,403,17,12,False,CNBC,en,https://www.cnbc.com/2021/09/07/taliban-name-new-afghan-government-amid-protests-in-kabul.html
2021-09-07 07:00:00,2021-09-07,"Malaysia will start treating Covid as 'endemic' around end-October, trade minister says","Malaysia will start treating Covid-19 as an endemic disease around the end of October, the country's International Trade and Industry Minister Mohamed Azmin Ali said Tuesday.
Covid would be endemic when the SARS-CoV-2 virus that causes the disease becomes a permanent presence in the community and continues to circulate among people. Other endemic diseases include influenza, dengue and malaria.
Malaysia has been struggling to tame a surge in daily Covid-19 cases, which led the government to impose multiple rounds of lockdowns. The country's central bank last month downgraded its forecast for 2021 economic growth to 3% to 4%, from 6% to 7.5% previously.
But Malaysia's economy has remained resilient, with the recovery driven by better external demand and ongoing infrastructure projects, said Azmin, who's also a senior minister in the current government.
""Vaccine affordability and accessibility are key factors in ensuring sustained economic recovery,"" the minister told CNBC's ""Squawk Box Asia.""
More than 75% of Malaysia's adult population is expected to be fully vaccinated by end-October, said Azmin. Currently, 88% of adults — or around 63% of the entire population — has received at least one dose of Covid vaccine, according to official data.
Health Minister Khairy Jamaluddin said last week that the Malaysian government will simplify some social-distancing measures in the coming weeks to prepare for a Covid endemic phase. But face masks will still be required to limit the spread of the coronavirus, he added.
Global supply chains
In addition to Malaysia, Southeast Asian countries including Indonesia, Thailand, Vietnam and the Philippines have experienced a resurgence in Covid-19 cases caused by the more transmissible delta variant.
Southeast Asia plays an important role in the global manufacturing supply chain, particularly in semiconductors and key apparel, said Joseph Incalcaterra, chief economist for ASEAN at HSBC.
Incalcaterra told CNBC's ""Squawk Box Asia"" on Monday that Malaysia is a major producer of automotive semiconductors, which have been short in supply. Fortunately, more manufacturing capacity in Malaysia is coming back online, said the economist.
""But if you look at Vietnam — which of course is a key producer of apparel, of different types of clothing especially in south of the country — that's going to have an impact for the weeks and months to come,"" said Incalcaterra.
Vietnam has locked down its biggest city and business hub Ho Chi Minh City, located in the south of the country. But the city could reopen economic activity in phases starting next week, reported Reuters.",,421,17,13,False,CNBC,en,https://www.cnbc.com/2021/09/07/malaysia-to-treat-covid-as-endemic-starting-end-october-trade-minister.html
2021-09-07 07:00:00,2021-09-07,Black-owned start-ups in the UK are hitting billion-dollar valuations for the first time,"Billion-dollar start-ups are hardly a rarity anymore, with data firm CB Insights listing more than 800 privately-held tech firms worldwide with a valuation of $1 billion or more.
But Marshmallow, a London-based digital insurance platform, is as rare as they come. Founded in 2017 by mixed-race identical twins Oliver and Alexander Kent-Braham, it's the second Black-owned company in Britain to reach the coveted status of ""unicorn.""
The first was Zepz, which achieved a $5 billion valuation in an August financing round. The money transfer firm, formerly known as WorldRemit Group, was founded by Somali-born entrepreneur Ismail Ahmed.
""We were pretty surprised by this fact,"" Oliver Kent-Braham, Marshmallow's CEO, told CNBC in an interview.
It reflects an ongoing lack of diversity in the tech industry. In the U.K., just 1.6% of venture capital funding went to all-ethnic founding teams between 2009 and 2019, according to Extend Ventures, while only 0.2% of funding went to Black entrepreneurs.
Kent-Braham thinks the venture capital mindset is to blame. Many tech investors ignore cold emails and only back founders they know through colleagues, he said.
""VCs really need to look a bit broader,"" the 29-year-old entrepreneur told CNBC.
""The number of times a VC said: 'I wouldn't respond to cold emails because you should be able to hustle and intro to me.' It's much easier to hustle and intro to you if you went to your university and you know a ton of people that know you.""
Kent-Braham's firm, Marshmallow, raised $85 million in a funding round valuing the company at $1.25 billion. The cash came solely from existing investors, including Passion Capital, an early investor in digital bank Monzo, as well as South African bank Investec and French reinsurer Scor.
The Kent-Braham brothers still control most of the business following the latest investment round. The pair co-founded Marshmallow with software engineer David Goaté, who they previously worked with at London start-up Yoti.
Insurance goes digital
Marshmallow is a digital-only insurance provider. The company got its start offering car insurance mainly to expats whom, it says, often face higher charges from traditional insurers.
The firm, which is authorized by the U.K.'s Financial Conduct Authority, touts its use of machine learning to tailor policies for customers as a key advantage over incumbents in the industry like Admiral and Axa.
""We try to use more data than our competitors to underwrite people and then to digitize everything,"" Kent-Braham said. ""We need to hire about half what our competitors need to hire to support customers. We believe we're really well-placed to take market share.""
With more than 100,000 customers now signed up, Marshmallow plans to launch other products and expand throughout Europe.
The insurance technology, or insurtech, market has seen a surge of investment this year after the Covid-19 pandemic accelerated a shift in consumer behavior toward online services.
Zego, a U.K. commercial motor insurer focused on the gig economy, raised $150 million at a $1.1 billion valuation in March. Wefox, a German insurance start-up, bagged $650 million in a June investment round valuing the company at $3 billion.
Marshmallow's fundraising also highlights the flood of capital flowing into Europe's tech industry lately. European tech firms have already raised more money this year than they did throughout the whole of 2020.",LONDON,582,26,18,False,CNBC,en,https://www.cnbc.com/2021/09/07/insurance-start-up-marshmallow-becomes-second-uk-black-owned-unicorn.html
2021-09-07 07:00:00,2021-09-07,Ford hires Apple executive Doug Field,"Skip Navigation
Markets
Pre-Markets
U.S. Markets
Europe Markets
China Markets
Asia Markets
World Markets
Currencies
Prediction Markets
Cryptocurrency
Futures & Commodities
Bonds
Funds & ETFs
Business
Economy
Finance
Health & Science
Media
Real Estate
Energy
Climate
Transportation
Investigations
Industrials
Retail
Wealth
Sports
Life
Small Business
Investing
Personal Finance
Fintech
Financial Advisors
Options Action
ETF Street
Buffett Archive
Earnings
Trader Talk
Tech
Cybersecurity
AI
Enterprise
Internet
Media
Mobile
Social Media
CNBC Disruptor 50
Tech Guide
Politics & Policy
White House
Policy
Defense
Congress
Expanding Opportunity
Europe Politics
China Politics
Asia Politics
World Politics
Video
Latest Video
Full Episodes
Livestream
Top Video
Live Audio
Europe TV
Asia TV
CNBC Podcasts
CEO Interviews
Digital Originals
Watchlist
Investing Club
Trust Portfolio
Analysis
Trade Alerts
Meeting Videos
Homestretch
Jim's Columns
Education
Subscribe
PRO
Pro News
Josh Brown
Mike Santoli
Calls of the Day
My Portfolio
Livestream
Full Episodes
Stock Screener
Market Forecast
Options Investing
Chart Investing
Subscribe
Livestream
Menu
Make It
select
USA
INTL
Livestream
Search quotes, news & videos
Livestream
Watchlist
SIGN IN
Create free account
Markets
Business
Investing
Tech
Politics & Policy
Video
Watchlist
Investing Club
PRO
Livestream
Menu
watch now
In this video
AAPL
F
Share
Share Article via Facebook
Share Article via Twitter
Share Article via LinkedIn
Share Article via Email
Closing Bell
Ford hires Apple executive Doug Field
Ford is making a big hire: The automobile company has hired Apple Executive Doug Field, who reportedly ran Apple's car project.
Tue, Sep 7 2021
3:17 PM EDT
watch now
watch now
VIDEO
Dan Niles: We're going into a rate hike cycle so don't fight the Fed or the bond market
an hour ago
watch now
watch now
VIDEO
Kevin Hassett: Pres. Trump 'wholeheartedly rejects' government takeover of AI regulation
4 hours ago
watch now
watch now
VIDEO
Watch CNBC's full interview with White House National Economic Council Director Kevin Hassett
5 hours ago
watch now
watch now
VIDEO
Former Cleveland Fed Pres. Mester: No convincing evidence inflation is on downward path back to 2%
5 hours ago
watch now
watch now
VIDEO
Standard Chartered CEO Bill Winters on the ‘reckless path’ that shaped his banking career
watch now
watch now
VIDEO
Dan Niles: We're going into a rate hike cycle so don't fight the Fed or the bond market
an hour ago
watch now
watch now
VIDEO
Kevin Hassett: Pres. Trump 'wholeheartedly rejects' government takeover of AI regulation
4 hours ago
watch now
watch now
VIDEO
Watch CNBC's full interview with White House National Economic Council Director Kevin Hassett
5 hours ago
watch now
watch now
VIDEO
Former Cleveland Fed Pres. Mester: No convincing evidence inflation is on downward path back to 2%
5 hours ago
watch now
watch now
VIDEO
Standard Chartered CEO Bill Winters on the ‘reckless path’ that shaped his banking career
Load More",,471,7,179,False,CNBC,en,https://www.cnbc.com/video/2021/09/07/ford-hires-apple-executive-doug-field.html
2021-09-07 07:00:00,2021-09-07,Dow and S&P 500 fall for third straight day as investors grow cautious in September,"The Dow Jones Industrial Average and S&P 500 fell for a third straight day on Wednesday as investors reassess the economic growth outlook following a smooth ride in the market so far this year.
The Dow fell 68.93 points to 35,031.07 and the S&P 500 dipped 0.1% to 4,514.07. The technology-heavy Nasdaq Composite fell nearly 0.6% to 15,286.64, dropping for the first session in five.
The 30-stock average closed in the red for its third trading day in a row. On Tuesday, the Dow fell more than 260 points, adding to Friday's losses after a disappointing August jobs report. September's outlook also remains clouded by the coronavirus delta variant.
Shares of Coinbase fell 3.2% after the cryptocurrency exchange revealed it received a notice of possible enforcement action from the Securities and Exchange Commission. Coupa Software fell 4.2% despite its better-than-expected quarterly financial results.
Many investors are bracing for volatility in September, one of the seasonally weakest months of the year. Price swings could make a comeback, especially with the S&P 500 up more than 20% this year without a single 5% pullback.
""We see a bumpy September-October as the final stages of a mid-cycle transition play out,"" Morgan Stanley chief cross-asset strategist Andrew Sheets said in a note. ""The next two months carry an outsized risk to growth, policy and the legislative agenda.""
The S&P 500 is down about 0.2% this month. The Dow has slipped 0.9% in that time frame, and the Nasdaq is up nearly 0.2% in September.
One of the catalysts for a sell-off could be the Federal Reserve and the potential for it to pull back an unprecedented monetary stimulus to support the economy throughout the pandemic. Fed Chairman Jerome Powell has indicated that the central bank is likely to begin withdrawing some of its easy-money policies before year-end, though he still sees interest rate hikes in the distance.
""The summer rally to a new S&P high, with potential headwinds like rising rates on the horizon, has left investors debating whether U.S. equities can make meaningful new gains the rest of this year and into next year. Equities are likely to have a pullback at some point, likely driven by another reset in real yields higher, but other tailwinds should drive the S&P 500 to a new high by year end,"" UBS told clients on Wednesday as it raised its S&P 500 price target for the end of the year to 4,650 and for 2022 to 4,850.
On Wednesday, the Labor Department released the Job Openings and Labor Turnover Survey, which showed job openings rose to a record 10.9 million in July. Job openings outnumbered the unemployed by more than 2 million in July as companies struggled to fill a record number of vacancies.
In the Federal Reserve's periodic ""Beige Book,"" the central bank said U.S. businesses are experiencing rising inflation that is being intensified by a shortage of goods and likely will be passed onto consumers in many areas.
The Fed also reported that growth overall had ""downshifted slightly to a moderate pace"" amid rising public health concerns during the July through August period that the report covers.
""The deceleration in economic activity was largely attributable to a pullback in dining out, travel, and tourism in most districts, reflecting safety concerns due to the rise of the delta variant, and, in a few cases, international travel restrictions,"" the report said.
The S&P 500 fell 0.3% on Tuesday in relatively thin trading following the Labor Day weekend. The blue-chip Dow dropped 260 points, weighed down by 3M and Honeywell, while the tech-heavy Nasdaq Composite rose less than 0.1% to eke out a record close.",,652,26,14,False,CNBC,en,https://www.cnbc.com/2021/09/07/stock-market-futures-open-to-close-news.html
2021-09-07 07:00:00,2021-09-07,"Steve Jobs helped launch her career. Now, her start-up brings in millions annually","When opportunity came knocking in 2009, and it was Steve Jobs at the door, Alina Vandenberghe's career took off.
At the time, Vandenberghe was a 25-year-old software developer, working as an intern on the mobile product team at global news agency Thomson Reuters. Today, the native of Bucharest, Romania, is the co-founder and chief experience officer of Brooklyn, N.Y.-based Chili Piper, a meeting scheduler for corporate clients and their sales teams. Founded in 2016, Chili Piper brings in roughly $10 million in annual recurring revenue from 30,000 different clients, including names like Spotify, Airbnb and Shopify.
The 143-employee start-up has pulled in $54 million in funding to date, from investors like Flashpoint Venture Capital and Gradient Ventures, Google's AI investment arm. Vandenberghe says Chili Piper is on track to hit $20 million in annual revenue by the end of 2021.
Plenty of start-up founders credit Jobs with inspiring them to take the entrepreneurial leap. Vandenberghe is one of the precious few who can directly attribute her company's ethos to a personal interaction with the late Apple co-founder: All those years ago, Jobs selected a Thomson Reuters app she helped build for the launch of Apple's first iPad.
Any young software developer would have taken that vote of confidence and run with it. But for Vandenberghe, a young woman in tech who grew up under a Communist regime, working with Jobs meant something particularly special. It was the exact type of mentorship she needed to find her competitive edge.
A lesson from Steve Jobs: Always keep it simple
Take the complex, and make it simple. That was the feedback Jobs repeatedly gave Vandenberghe and her team over email and conference calls as they worked on developing the Thomson Reuters app. The message was decidedly on-brand for the Apple co-founder, whose successful designs often relied on prioritizing ease of user experience.
""Simple can be harder than complex,"" Jobs told Business Week back in 1998. ""You have to work hard to get your thinking clean to make it simple. But it's worth it in the end because once you get there, you can move mountains.""
The advice stuck with Vandenberghe, who struggled to convey complex concepts for years after arriving in New York City in 2007. Entrepreneurship wasn't new to her: In Bucharest, at the end of the communist party's reign in Romania, Vandenberghe's early-age side hustles ranged from tutoring and selling lipstick to managing her neighbor's water and electricity invoices.
But in the United States, her broken English and heavy accent made it difficult for her to effectively communicate. ""When I arrived, I felt like everyone's English was 100 times superior to mine,"" Vandenberghe says. ""It got better, but at the beginning I was struggling a lot with others and sometimes I would barely talk.""
After two years of working as an independent consultant for mobile software projects — and sending out ""millions of job applications"" — she finally landed the Thomson Reuters internship. A few months in, her manager approached her and a colleague with a special assignment: Build an app for a small rectangular tablet encased in a metal frame and chained to the desk in a windowless basement room below Times Square in New York City.
The task required signing a non-disclosure agreement, which expired once the iPad was publicly announced. ""[I] didn't say anything to anyone, including my own manager,"" says Vandenberghe. The feedback from Jobs to keep simplifying the user experience was constant. ""Create something that will 'wow' them,"" she recalls Jobs saying.
After Vandenberghe and her partner finished the app, she was promoted from intern to mobile product manager. After Jobs' livestream keynote address announcing the tablet in January 2010, Vandenberghe was promoted again to director of mobile. A few days after the announcement, she left her Times Square office and looked up to see a giant ad for the app on a billboard.
""I was completely struck by it,"" she says. ""[I] couldn't even imagine it was possible.""
Competing with tech giants — including a familiar name
A decade later, when Vandenberghe finally decided to launch her own company, she remembered Jobs' advice.
Chili Piper's platform was designed to be simple — one-click, intuitive and visually appealing. The company's mission is also based on the concept of simplicity, Vandenberghe says: helping sales teams by easing the complicated back-and-forth of scheduling meetings. ""The reason we are successful is because we decided to take the simple consumer experience and apply it to enterprise,"" she says. ""Enterprise software tends to be clunkier and difficult to use.""
The concept might seem silly — or, perhaps, overly simplistic — but investors point to the start-up's revenue figures as proof that Vandenberghe and her co-founder, her husband Nicolas, were onto something from the beginning.
""When we invested [in 2019], they already had north of $1 million of revenue,"" says Flashpoint founder and general partner Michael Szalontay. ""And you know, basically no one in the U.S. was interested in giving them money.""
Today, marketing tech attracts much more attention, especially in the remote-work era of virtual meetings and deals. Market research firm Gartner estimates the software side of the industry to be worth roughly $17.9 billion, while Chili Piper's internal research pegs the broader marketing tech industry at $56.5 billion.
One competitor, Atlanta-based start-up Calendly, reached a $3 billion valuation in January following a $350 million fundraise. Tech giants like Google and Apple have also entered the arena during the Covid-19 pandemic by building meeting scheduling services into Google Workspace and iWork, respectively.
""I'm sure [Google and Apple] will be able to build a great product,"" says Szalontay. ""But hopefully, we can use our first-mover advantage and get far enough that we continue to bring instant value.""
Vandenberghe downplays the competition from Google, a Chili Piper investor, saying their respective products are built to serve different needs. But the pressure of competing with Apple is real, especially since she credits Chili Piper's success to her time spent working with Jobs and the iPad team. As a first-generation immigrant and female engineer, she says, self-doubt constantly creeps in — especially when she thinks about the legacies of her new competitors.
Whenever that happens, she recalls those early days with Jobs. ""I am always reminding myself to have courage,"" she says. ""And to continue down the crazy path I'm on.""
Sign up now: Get smarter about your money and career with our weekly newsletter
Don't miss:",,1114,48,26,False,CNBC,en,https://www.cnbc.com/2021/09/07/steve-jobs-helped-launch-her-career-her-start-up-brings-in-millions.html
2021-09-08 07:00:00,2021-09-08,"Microsoft has a $20 billion hacking plan, but cybersecurity has a big spending problem","In the wake of increasingly sophisticated criminal hacks of companies like SolarWinds, Colonial Pipeline, and JBS Foods that touched on fears of national security weaknesses, U.S. politicians all the way up to the White House have been adamant on one cybersecurity requirement: organizations needed to spend more on it to protect the nation. But there's a problem: in many cases, increased spending on cybersecurity in recent years hasn't resulted in better protection against hackers.
Public and private enterprises often say that bigger cyber budgets have made them less vulnerable to attack, a finding corroborated in multiple surveys including those conducted by CNBC's Technology Executive Council, but cybersecurity experts say that often reflects a false sense of confidence, something akin to a magic belief that simply spending more on technology is the solution.
Now, as cybersecurity begins a new cycle of investment as a response to the recent wave of attacks, including Microsoft's decision to spend $20 billion on cybersecurity over the next five years — a quadrupling of its previous spend — there's a Catch-22 in the fact that more spending hasn't meant better defense.
""It's a big problem,"" said Larry Ponemon, chairman and founder of information security think tank Ponemon Institute. ""We see lots of organizations making investments in technology that never get deployed.""
The cyber labor shortage as a threat
Microsoft president Brad Smith is focused on spending more as a way to deal with cybersecurity's big spending problem. The Microsoft executive said in an interview with CNBC's ""Squawk Box"" on Tuesday that some of the tech giant's new spending is being dedicated to helping enterprise clients, especially at the local, state and government level, ""just catch up"" on implementing security protection that in some cases they already bought but aren't even using.
One of the biggest reasons cited by Smith and other cyber experts for the disconnect between cyber spending and return on investment in the form of better protection comes down to labor.
""I think we have a real shortage,"" Smith told CNBC. ""Many businesses don't have the people that they need, either to implement the protections they, in some cases, are already paying for.""
The lack of cybersecurity professionals is not a tech sector problem but a significant problem across all major industries. After a recent White House meeting, the private sector committed to providing skills training to help close a gap of roughly 500,000 unfilled U.S. cybersecurity jobs. Google alone committed to invest more than $10 billion over five years and train 100,000 people.
""We see this ALL the time in our customers,"" David Kennedy, founder and CEO of Trusted Sec, wrote in a email. ""These companies will buy products, but not include direct staff to support it or else they can't get the internal funding approval to support it. So the cybersecurity investments are only half installed or not at all and just languish. They barely get any value.""
He added, ""Without the right people in position, you're never going to be secure, no matter how much money you spend. You can't simply throw money at the problem by buying a lot of fancy new security devices and software, but that's often what companies do.""
Even within the Fortune 100, many companies are spending a ton of money on new cybersecurity technologies, but lack the right people to implement them correctly, according to Chris Rouland, CEO of Phosphorus Cybersecurity and a former CTO of IBM Security. ""There are many companies that are sitting on security solutions that could help protect them from getting breached, but they simply aren't able to put all of it in place and so they remain vulnerable.""
Microsoft focuses on government flaws
The problem looms largest for smaller companies and local governments, which struggle to compete on salary, creating what Rouland described as ""enormous personnel gaps.""
A portion of Microsoft's new cybersecurity spend is focused on this problem within the public sector. Smith told CNBC that it will provide $150 million in the next year in free engineering services, ""to help the federal, state and local governments just catch up so that they can implement the security protection that is already available in some cases, they're already buying but not yet using.""
Smith noted in recent congressional testimony that even at the level of the federal government, what Microsoft found during reviews of cyber protocols was ""troubling"" in regards to the disconnect between cyber investments and successful deployment. Even basic cyber hygiene and security best practices, such as multi-factor authentication, were not in place.
Investing more in a cybersecurity team remains a challenge within many organizations where cybersecurity spending cycles and headcount spending budgets are often two separate exercises, according to Brennan P. Baybeck, past board chair and current board director at IT governance association ISACA, and V.P. and CISO for customer services at Oracle.
As criminal hacks become more sophisticated, especially ransomware, it's sending the cost of cybersecurity hires even higher. That's led to a recognition from boards of directors that cybersecurity is not just a ""tech problem,"" and it has created new demand for cybersecurity positions, but also makes it even more difficult to compete for a cybersecurity talent pool that is much smaller than other technology fields, and increases the risk of staff defections before technology can even be deployed, he said.
ISACA's recent State of Cybersecurity 2021 survey, which gathered responses from 3,600 information security professionals around the world, found 61% of respondents saying that their cybersecurity teams are understaffed; and 55% of respondents say that they have unfilled cybersecurity positions. Among organizations experiencing more cyberattacks in the past year, 68% told ISACA they are understaffed.
""Now they are waking up,"" Baybeck said. ""They are seeing you can buy 50 security products but if you can't get it deployed it's not helping. ... The people aspect is just like the tech investment. It needs to be continuously maintained and lots of programs and security organizations don't think about that. But we are really trying to change that. The labor shortage has to be part of the plan.""
A gap of hundreds of thousands of workers won't be quickly filled, but cybersecurity experts say there are a variety of solutions that will help in the years ahead, and the large sums being spent by the biggest tech companies including Microsoft and Google can make a difference.
""The potential implications are enormous, but all the same issues could happen again,"" Ponemon said, with cybersecurity teams continuing to make decisions in a silo within an organization, and that leading to a disconnect between spending and effective implementation.
New ways to source tech talent
The cybersecurity industry is thinking differently about how it hires. In the past, many firms limited their search to skilled technologists with a specific skill set, but Baybeck said now many organizations are looking to broader developer and engineering communities to attack problems, such as bad code that can lead to vulnerabilities.
""It's a lot easier to hire 100 programmers than it is to hire 100 cybersecurity professionals. You simply can't find them. And when you do, they cost a lot more than software developers,"" Rouland said.
In addition to certificate programs to upskill workers from companies including Google, U.S. universities are ramping up their degree programs in cybersecurity and are starting to turn out a lot of new professionals.
""Over time, they will help to close the hiring gap, but in the meantime, companies are going to have to figure out how to staff up in order to stave off these current threats,"" Rouland said.
Criminal hacking organizations can be expected to increase their use of AI and automation in the years ahead, accelerating the challenges for human cyber staff to keep up on emerging threats, but these technologies will also be part of the skills gap solution in cybersecurity.
Baybeck said automation will ultimately make cybersecurity less reliant on humans, but it it remains unclear how much of a swing factor technology like AI will be. ""We just don't know how much of a closure we will get,"" he said.
The balance between human and automated cybersecurity is already changing. Many security operations centers used to be 100% human-staffed across four levels of response, but now it is common across platforms to have automated solutions at least for the less-serious threat levels. ""This is a whole set of resources, 24/7 models, 50 people you would have had to staff before who can now do other things,"" Baybeck said. ""It takes a big chunk out of the labor force across the globe.""
Self-interest is another factor that will keep big tech motivated.
""The big tech companies will do a lot to create universal standards and they are thinking that if they don't do something, they will be on the wrong side of the government ledger,"" Ponemon said.
But Ponemon worries about what has occurred in past cycles of technology investment, what he referred to as the chaos factor or saturation effect. At the earliest stage of new technology adoption, motivation is high within an organization, but as more complexity arises in deployment, organizations lose confidence in it and the latest technology can become ""shelfware.""
""The more you buy and implement, the more likely you are to find there are holes in the technology and need to close the gap,"" Ponemon said. ""You need to think about all the issues that could go wrong, not just what goes right.""",,1614,56,34,True,CNBC,en,https://www.cnbc.com/2021/09/08/microsofts-20-billion-and-cybersecuritys-big-spending-problem.html
2021-09-08 07:00:00,2021-09-08,"Most expensive home in America defaults on $165 million in debt, heads for sale","A Los Angeles megamansion once expected to list for $500 million has gone into receivership after the owner defaulted on more than $165 million in loans and debt, according to court filings.
The 105,000-square-foot Bel Air estate, known as ""The One,"" was placed into receivership by the Los Angeles County Superior Court and is expected to be relisted at a lower price in the coming months, according to people familiar with the property.
The receivership marks a stunning reversal for ""The One"" and its flashy developer, Nile Niami, who often touted the property as his ""life mission"" and ""the biggest, most expensive home in the urban world.""
Expected to hit the market in 2017 with a price tag of $500 million, ""The One"" has been dogged by repeated delays, funding problems and changing strategies. The home stretches like an ultra-modern palace over eight acres on a hilltop overlooking LA. It has nine bedrooms, multiple kitchens, a nightclub, four-lane bowling alley, salon, gym, 50-seat theater, a running track and an underground garage for 50 cars, with two auto turntables. Its seven water features include multiple pools, a Jacuzzi and a moat that surrounds the house. The master bedroom suite is 4,000 square feet. Every door in the house is electric, along with all the toilets. Niami had planned a ""jellyfish room"" and ice bar but both proved too costly.
""There's a lot of people out there with a lot of money — they want something no one else can have,"" Niami told CNBC in 2017. ""This is it.""
Yet ""The One"" was one of dozens of spec mansions that rose up from the hills of Bel Air and Beverly Hills after 2014, when fashion magnate Bruce Makowsky sold a spec mansion in Beverly Hills for $70 million and kicked off a new California real estate gold rush. The building boom — an arms race of infinity pools, candy walls, auto galleries and party rooms — led to a glut of real estate excess. Many LA megahomes, including several built by Niami, wound up selling for far less than their asking prices.
Even as prices were falling, Niami was loading up on debt to finish and promote ""The One."" Over the past four years, Niami and his related LLC, Crestlloyd, have borrowed more than $165 million to build and sell ""The One,"" according to property documents.
The largest lender is Hankey Capital, founded by Los Angeles billionaire Don Hankey, which has over $115 million in loans on the property. Yogi Securities Holdings, led by doctor-turned-real-estate-investor Joseph Englanoff, has loaned ""The One"" over $36 million. Two other entities, Inferno Realty and Maybach Corporation Holdings, have provided loans of $7 million each.
""The One"" also has over $1 million in unpaid taxes and debts from concrete, air conditioning and tool companies.
Hankey served Niami with a notice of default in March. In July, the Los Angeles County Superior Court ordered the property be placed into receivership and named Ted Lanes of Lanes Management as the receiver. Under a receivership, a property that's defaulted is turned over to a court-appointed receiver, who prepares the property for sale. In complex or large real estate projects, receiverships are often preferable to a foreclosure, where the lender or bank seizes the property.
Rather than taking over ownership and liabilities, which can add to the risks and delays, the receiver gets the needed permits, completes any needed construction work, compiles a list of creditors and prepares the house for a sale to pay off the lenders. A receivership also provides a notice period, when lenders, creditors and contractors who haven't been paid can make their case.
Once he gets the proper permits and certificate of occupancy for ""The One,"" it will be listed, Lanes said. The price and timing have yet to be determined, he said.
""What I would love to see happen is that the house gets completed, the certificate of occupancy is awarded and we have an orderly sale that maximizes the value,"" he said. ""Hopefully, there will be sufficient proceeds from the sale to fund the secured and unsecured creditors and for the equity to realize some value.""
Niami has been marketing ""The One"" for years, with interviews and photos in the media and a special video tour in April with YouTube personality Michael Blakey, who touted the ""$500 million property"" as ""the biggest and most expensive house in the world."" Niami also talked about plans to turn the home into a media stage and commercial venture, using it to host a potential Netflix show, events and start-up companies.
Niami put his West Hollywood home in bankruptcy last year, and a spec mansion in Beverly Hills, which he had marketed for $100 million, wound up selling for $38 million to Englanoff, who was one of the lenders on the California property.
Niami had a listing agreement for ""The One"" with LA brokers Aaron Kirman of Compass and Rayni and Branden Williams of the Williams & Williams Estates Group. Lanes said the plan under the listing agreement had been to market the property for $288 million, but the ultimate listing price has not been set.
It's unclear whether the property will sell at a high enough price to pay all the debt. The most expensive home ever sold in LA was the former Warner Estate in Beverly Hills, sold last year to Jeff Bezos for $165 million. While the real estate market in Los Angeles has rebounded after Covid, especially at the high end, ""The One"" may prove difficult to sell at the asking price.
""It's not an easy property to price,"" Lanes said. ""It's truly unique.""",,955,36,18,False,CNBC,en,https://www.cnbc.com/2021/09/08/most-expensive-home-in-america-defaults-and-heads-for-sale.html
2021-09-08 07:00:00,2021-09-08,Moderate Democrats want the $3.5 trillion spending plan to remove the limit on state and local tax deductions,"A fight over the cap on state and local tax deductions could prove Democrats' next hurdle in passing their $3.5 trillion budget reconciliation package.
A host of moderate Democrats — many from New York and New Jersey — have protested former President Donald Trump's 2017 tax cuts for capping how much taxpayers in their states can deduct from their federal tax obligation.
Reps. Josh Gottheimer, Mikie Sherrill, Bill Pascrell of New Jersey and New York's Thomas Suozzi say they won't support any legislation that doesn't restore the full deduction for state and local taxes, known as SALT.
""We need to have this state and local tax deduction. We built a whole system around it,"" said Suozzi, who since 2017 has represented parts of Long Island and northeastern sections of Queens, New York. ""People are leaving our states. And when they leave, it leaves behind a hole in our revenues.""
""We're in a competition with states that do not insure their children, do not pay their teachers, do not have mass transit and think that climate change is a hoax,"" he said. ""And as a result, their costs are cheaper.""
Trump's tax law limited SALT deductions to $10,000, meaning that residents in higher-tax states like New York and New Jersey could no longer deduct the full value of their state tax obligation from their federal bill. No limit existed before the Trump tax cuts.
While some politicians had left room for negotiating the cap higher, Sherrill doubled down on her view that the limit ought to be completely eradicated.
""I really think that what is required here is a full repeal,"" Sherrill said in a phone interview.
""Because I think not only is it something that would be helpful as we try to recover the economic engine that is New Jersey ... but I also think that it is a value in our tax system,"" she added. ""That if we are going to fund things like our teachers, and our cops, and our schools through state and local taxes, that you don't hinder a state's ability to do so.""
Suozzi also wants a full repeal.
""I am completely opposed to an increase to the cap. That would be a great political victory because it would help a lot of people in my district and in many districts throughout the country,"" he said. ""But it wouldn't address the policy issue, which is that people are leaving our states. And that's bad policy for us.""
Gottheimer, Sherrill, Pascrell and Suozzi all represent wealthy districts compared with the national average. Of the four, Pascrell is the only one to represent a district with a median household income below $100,000, according to recent Census data.
Some of their more-progressive peers say that lifting the cap would disproportionately benefit the wealthiest American households.
Rep. Alexandria Ocasio-Cortez, D-N.Y., said in April that doing away with the cap would be ""a giveaway to the rich."" The progressive lawmaker noted at the time that she is open to ""a conversation"" about edits, but that a full repeal is excessive.
Ocasio-Cortez represents a district with a median household income of $66,700, according to Census data. Her office declined to comment for this story.
Progressives also contend that a full repeal would undermine their party's attempts to find ways to pay for President Joe Biden's ambitious policy agenda. Asked for comment, the White House on Tuesday referred CNBC to prior remarks from press secretary Jen Psaki that the administration is open to discussions about the SALT cap.
But with conservative Democrat Sen. Joe Manchin insisting that Biden's $4.5 trillion in spending, including the infrastructure bill, be fully paid for, it's unclear how much of the added federal revenues the White House would be willing to surrender back to state and local governments.
Republicans have mostly supported the SALT cap as a way of keeping blue states from what they criticize as a wasteful tax and spend model. Democrats counter by pointing out declines in crime rates, the prestige of public school systems, greater access to affordable housing and other taxpayer-funded initiatives.
Whether the Democrats follow through on their demands for a full repeal or settle for a simple cap hike remains to be seen and is expected to be hashed out in private discussions with leadership throughout September.
Congressional aides who spoke with CNBC suggested that the Democrats may be asking for a full repeal but privately expecting a satisfactory compromise that would raise the cap from $10,000. They spoke on condition of anonymity to speak about fluid private discussions.
Still, any threat from within the party carries weight in a chamber controlled by just a few votes. House Speaker Nancy Pelosi, D-Calif., must find a way to persuade — or force — members of her own caucus to vote for the $3.5 trillion bill and the $1 trillion infrastructure legislation that her party campaigned on in 2020.
Republicans are unified in their opposition to transformative legislation, intended to rewrite the laws underpinning the aging U.S. social safety net for the first time in decades.
""The SALT deduction cap was a bald-faced Republican scheme to double tax blue communities and not red ones in order to choke off the revenue that high-cost progressive states and cities need to sustain services and meet the needs of their residents,"" Pelosi spokesman Henry Connelly told CNBC on Tuesday.
""Under Speaker Pelosi's leadership,"" Connelly continued, ""the House passed legislation including repeals of the SALT deduction twice in the previous Congress, and Democrats continue to work on a path forward for this important priority in the reconciliation bill.""
Senate Majority Leader Charles Schumer, D-N.Y., also supports a repeal of the SALT cap and offered measured remarks on Wednesday.
""There's strong sentiment among many people in our caucus ... that the SALT cap should be lifted and we're working toward that goal,"" he said during a news conference.
The remarks from the House speaker's office may be her most supportive of a SALT deduction cap repeal to date and are likely welcome reinforcement for Gottheimer, co-chair of the Problem Solvers Caucus.
""This fight for a full reinstatement of SALT is existential to states like Jersey, whose taxes went up, not down, after the 2017 Tax Hike Bill. As a result, we have had a mass exodus of people and jobs out of our state,"" he said Tuesday evening.
Last month, Gottheimer and Pelosi sparred over whether the chamber should first pass the bipartisan infrastructure package or prioritize the $3.5 trillion reconciliation plan.
Gottheimer noted that, according to New Jersey-based newspaper The Star-Ledger, a full reinstatement of the deduction would provide tax relief to nearly a third of the Garden State's families, close to 3 million people.
""Eighty percent of those folks make $216,000 or less,"" he said. ""Those are our teachers and firefighters. In high cost states like ours, this is about middle class families being able to afford New Jersey or not.""",,1194,50,31,False,CNBC,en,https://www.cnbc.com/2021/09/08/moderate-democrats-want-biden-spending-plan-to-eliminate-salt-cap.html
2021-09-08 07:00:00,2021-09-08,Howard University cancels classes after ransomware attack,"Howard University, one of the largest historically Black schools in the United States, canceled classes Tuesday after a ransomware attack.
The attack shut down the campus Wi-Fi, and nonessential employees were instructed to not report to work, the university announced Monday. In-person classes will resume Wednesday, but online classes remain canceled until at least Thursday.
Ransomware attacks have become a scourge in recent years, and universities are common targets. Hackers have managed to infect at least 19 colleges and universities in 2021 alone, according to Allan Liska, an analyst at the cybersecurity company Recorded Future. In at least three other instances in the U.S. this year, schools had to cancel classes for at least one day.
More from NBC News:
El Salvador hits snags as it adopts bitcoin as official currency, first country to do so 
Historic Bataclan terror attack trial begins in Paris 
Why there isn't a single Asian player in the Baseball Hall of Fame 
Criminal hackers use ransomware to break into a victim's computer networks to lock up files on as many computers as possible and then ask for money for a code to restore them.
Many ransomware hackers also threaten to publish files they've stolen in the effort. So far, the university has seen ""no evidence of personal information being accessed or exfiltrated,"" Howard said in its announcement. Its investigation is ongoing, however, and identifying the full extent of what the hackers have done can take weeks or months of analysis.
Howard said its information technology team first noticed issues Friday. That's common for ransomware hackers, who often time their attacks to begin at the start of a weekend or a holiday, when there are likely to be fewer employees on call to quickly stop it. The school has since notified federal law enforcement.
Howard's campus Wi-Fi is still down, but the university is working on implementing an emergency replacement system, it said Tuesday.",,327,15,11,False,CNBC,en,https://www.cnbc.com/2021/09/08/howard-university-cancels-classes-after-ransomware-attack.html
2021-09-08 07:00:00,2021-09-08,Job openings soar to 10.9 million as companies struggle to fill positions,"Job openings outnumbered the unemployed by more than 2 million in July as companies struggled to fill a record number of vacancies, the Labor Department reported Wednesday.
The department's Job Openings and Labor Turnover Survey, which the Federal Reserve watches closely for signs of slack in employment, showed 10.9 million positions open. That was much higher than the FactSet estimate of 9.9 million and the June total of 10.18 million.
That number swamped the 8.7 million level of those out of work and looking for jobs in July. JOLTS data runs a month behind the regular nonfarm payrolls data, which reported growth of 1.05 million for July.
Hiring slowed sharply in August, with payrolls growing by just 235,000 even as the total unemployed dipped to just shy of 8.4 million.
The rate of job openings measured against the total labor force swelled to 6.9% in July, up from 6.5% the previous month and 4.6% a year ago.
From an industry standpoint, the rate jumped to 10.7% from 10.2% in the critical leisure and hospitality field, which has suffered the most during the Covid-19 pandemic. Openings rose to 1.82 million, a total gain of 134,000 from June.
Financial activities also saw a big increase in openings, with the rate rising to 5.8% from 3.8%, representing more than 200,000 new positions available. Government openings also climbed substantially, to 4.6% from 4.2%, or a gain of nearly 100,000.
Regionally, the Northeast rate rose to 7% from 6.2%. Despite being hit hardest by new Covid cases, the South continued to have the highest level of job openings at 7.1%, an increase of 226,000 from June.
The hires rate actually dipped for the month, to 4.5% from 4.7%, while the quits rate, seen as a barometer of worker confidence, was unchanged at 2.7%. Layoffs and discharges nudged higher to 1%.",,333,15,9,False,CNBC,en,https://www.cnbc.com/2021/09/08/job-openings-soar-to-10point9-million-as-companies-struggle-to-fill-positions.html
2021-09-08 07:00:00,2021-09-08,Here's how to avoid costly mistakes if you inherit a 401(k) or IRA,"If you inherit a retirement account, you may want to pause before making any decisions on when and how to access the money.
Basically, the rules that apply depend on your relationship to the person who died. Mistakes can be made, and depending on the specifics, they can be hard to undo.
The 2019 Secure Act eliminated the ability of many beneficiaries to take distributions across their own lifetime from inherited 401(k) or individual retirement accounts if the original account owner died after Dec. 31, 2019.
Unless you meet an exception — you're the spouse or minor child of the decedent, for example — those inherited accounts generally must now be depleted within 10 years.
Here's what to know.
Non-spouses with flexibility
If the beneficiary is the minor child of the deceased person, the 10-year depletion rule kicks in once they reach the age of majority where they live. In most states, that's age 18.
Before reaching that point, though, the child would have to take annual required minimum distributions, or RMDs as they're known, based on their own life expectancy. (Those required withdrawals generally kick in for retirement savers at age 72 based on the account owner's expected lifespan.)
""So if you have a 10-year-old who takes RMDs, they'd do that until age 18 when they'd flip to the 10-year rule,"" said Brian Ellenbecker, a certified financial planner with Shakespeare Wealth Management in Pewaukee, Wisconsin.
Additionally, a beneficiary who is chronically ill or disabled, or one who is not more than 10 years younger than the deceased person, can take distributions based on their own life expectancy and are not subject to the 10-year rule.
All other non-spouse beneficiaries
If you are a beneficiary subject to the 10-year depletion rule because you don't meet an exception, it's important to consider how you're going to meet that requirement.
""There's no set amount you have to take each year, it just has to be all withdrawn within that 10 years,"" said CFP Peggy Sherman, a lead advisor at Briaud Financial Advisors in College Station, Texas.
The process basically involves setting up an inherited IRA and transferring the money to it. This is the case whether the original account is an IRA or 401(k).
There are a couple different things to consider in this situation, including whether the inherited account is a Roth or traditional version.
Distributions from Roth accounts are generally tax-free, while traditional ones are taxed upon withdrawal. (Be aware that if you inherit a Roth account that's been open less than five years, any earnings withdrawn would be subject to taxes while the contributed after-tax amounts would still be tax-free.)
So if it's a Roth and you won't pay taxes on distributions regardless of when in that 10-year period you take them, it may be worth leaving the money there until year 10 so it can continue growing tax-free, Sherman said.
On the other hand, if it's a traditional IRA or 401(k), it's worth evaluating the tax aspect of taking distributions. Because the money would be taxed as ordinary income, taking a lot all at once could bump you into a much higher tax bracket. Spreading out the distributions over the decade could minimize the tax hit in any given year.
There's no set amount you have to take each year, it just has to be all withdrawn within that 10 years.Peggy ShermanLead advisor at Briaud Financial Advisors
If you do not empty the account within 10 years, any assets remaining in the account could be subject to a 50% penalty.
Meanwhile, sometimes heirs end up with a retirement account via an estate — in other words, they were not the listed beneficiary but end up with the account when the estate goes through probate and assets are distributed.
In this case, different rules kick in. The account generally must be depleted within five years if the original account owner had not started taking RMDs, according to Vanguard. If RMDs were underway, the heir would essentially need to keep those withdrawals going.
For spouses
Spouses have more options when they inherit a retirement account.
The first is rolling the money into your own IRA. In this case, you would follow the standard RMD rules — that is, when you reach age 72, you start making those required withdrawals based on your own life expectancy.
""If the surviving spouse doesn't need the income, this probably ends up being the best option because it can potentially give them time for the money to keep growing in the account,"" said Ellenbecker, of Shakespeare Wealth Management.
However, he said, this also means you'd be subject to a 10% early withdrawal penalty if you're under age 591⁄2 and withdraw money from that account.
The way to avoid that is to put the money in an inherited IRA and remain the beneficiary. In this case, you would not be subject to the penalty. Additionally, RMDs — which would be based on your life expectancy — do not have to start until the deceased spouse would have reached age 72, Ellenbecker said.",,878,35,28,False,CNBC,en,https://www.cnbc.com/2021/09/08/heres-how-to-avoid-costly-mistakes-if-you-inherit-a-401k-or-ira.html
2021-09-09 07:00:00,2021-09-09,Here's how long workers wait for a company's 401(k) matches to become their money,"It appears most workers have to wait years for a company's 401(k) matching contributions to become entirely theirs.
The majority (82%) of employers that offer traditional 401(k) plans say they match a portion of their workers' account contributions, according to a report from human resources firm XpertHR. However, the research shows that just 28% let employees immediately take full ownership of that extra amount.
Otherwise, vesting times — how long you must work at the company for its matching contributions to be 100% yours — range from up to one year (13%) to six years (10%).
""Employers who do not [immediately] 100% vest the match do so because they want to reward longer-service employees,"" said Robyn Credico, managing director of retirement at Willis Towers Watson, a business advisory firm.
Vesting either happens gradually — e.g., 20% of the match is credited after one year, 40% after two years, and so on — or occurs all at once after the vesting period. (And, of course, any contributions you make to your account are always 100% yours.)
""The additional money saved by not vesting short-term employees can be used to provide a large match to longer-service employees,"" Credico said.
The median number of years that workers stay with an employer is 4.1 years, according to the Bureau of Labor Statistics. The XpertHR report shows that 28% of employers require a waiting period of more than four years.
Despite the potential for a long crediting schedule, it's still worth contributing at least enough to get your company match if you can afford to, experts say.
""Even if you don't think you're going to stay at a particular company long enough to get the match, it's still worth contributing at least enough to earn it,"" said Kathryn Hauer, a certified financial planner with Wilson David Investment Advisors in Aiken, South Carolina.
""Financial planners continually beat the 'save-for-retirement' drum, and the amount you need to put in a 401(k) to get the match is well below the amount you should save each year,"" Hauer said.
Additionally, you never know what the future may hold career-wise, she said. In other words, you may end up staying at a company longer than you originally anticipated.
If you are able to contribute more than just enough to get the match, financial advisors generally recommend you do. The contribution limit for 2021 is $19,500, with workers age 50 and older allowed an extra $6,500 as a ""catch-up"" contribution for a total of $26,000.
The most common matching formula, according to Fidelity Investments, is a 100% match for the first 3% of your salary that you contribute, with a 50% match for the next 2%.
By way of example: Say your annual salary is $50,000. If you were just to contribute enough to get the employer match, the most common matching formula would mean you contribute 5%, or $2,500, in a year, and your company would put in another $2,000 — totaling $4,500. If you did that for only one year, the money would be worth about $26,200 in 30 years, based on a 6% annual return, according to Fidelity.
If you were to do that five years in a row, with your salary increasing 2% yearly, your account would be worth roughly $69,000 in 30 years. Ten years in a row? The account would hit $202,300 in three decades. And the amount that came from the employer match would be $89,900 — 44% — of it.
Remember, too, that if you have a traditional 401(k) plan, your contributions are made pretax, which reduces your taxable income (and, in turn, how much you pay in taxes), although your withdrawals in retirement will be taxed. If it's a Roth, your contributions are made after-tax, but distributions later in life are generally tax-free.
And, whether you contribute to a traditional or Roth 401(k), the company's match always goes into the former and is not taxable compensation. Also, employer contributions do not count toward the contribution maximums.",,691,28,17,False,CNBC,en,https://www.cnbc.com/2021/09/09/how-long-workers-wait-for-a-companys-401k-matches-to-become-theirs.html
2021-09-09 07:00:00,2021-09-09,'Win their hearts and minds': Nestle CEO on plans to address young consumers' sustainability concerns,"The CEO of consumer goods giant Nestle told CNBC Thursday that sustainability concerns among its younger customers were ""off the charts"" and a major influence on purchasing decisions.
""If you win their hearts and minds, I mean, this is the future growth of the business,"" Mark Schneider, a founding member of the CNBC ESG Council, said. ""Basic rule No. 1 in consumer goods marketing and food and beverage marketing is never, ever lose the younger generation.""
Schneider, who was speaking to CNBC's Geoff Cutmore on the outskirts of Lausanne, Switzerland, cited two reasons for this. ""Not only will they come into prime earning and consuming years, they're also the role model for the other generations on what to do.""
The largest food and beverage company on the planet, Nestle has a significant environmental footprint. In 2018, its total emissions amounted to 113 million metric tons of carbon dioxide equivalent, with just under 95% of these stemming from its supply chain, which are part of its ""Scope 3"" emissions.
By the year 2030, Nestle wants to cut its greenhouse gas emissions by 50%. It's aiming for net zero emissions by 2050 ""at the latest."" 
This target does include most Scope 3 emissions — including things such as ingredient sourcing and the management of logistics — but there are also some exclusions from the category.
At the moment, Nestle's target does not cover emissions from what it describes as ""consumer use of sold products"" and ""purchased services, leased assets, capital goods, investments.""
These accounted for 12.7 million and 8.6 million metric tons of carbon dioxide equivalent emissions for Nestle in 2018, respectively.
Supply chain woes
Schneider went on to highlight what he felt would be a key area of focus for his business going forward. ""If last year was all about Covid and safety and keeping shelves stocked, this year is clearly all about supply chain,"" he said.
He described the global shipping industry as being ""under significant stress"" and pointed to energy price increases which had in turn led to cost increases in trucking.
""Packaging costs are up because during Covid there was so much more demand for packaging, and then you have a number of agricultural commodities shoot up,"" he said.
""So clearly, for '21, there's a strong inflationary pressure. We see from our forward contracting [that] ... quite a lot of that will also extend into '22. So it's a safe bet to assume that '21/'22 will see some significant inflation because of those supply shocks."" 
The ""$64,000 question,"" Schneider explained, was whether this would be a one- or two-year blip, or the beginning of a new inflationary cycle which would in turn feed into the following years. ""Either way, we've got to be prepared.""
COP26
Schneider's comments come as the world gears up for the COP26 climate change summit due to be held in the Scottish city of Glasgow from Oct. 31 to Nov. 12.
A lot is riding on COP26. The U.K.'s official website for the summit says it will ""bring parties together to accelerate action towards the goals of the Paris Agreement and the UN Framework Convention on Climate Change.""
Described by the United Nations as a legally binding international treaty on climate change, the Paris Agreement, adopted in late 2015, aims to ""limit global warming to well below 2, preferably to 1.5 degrees Celsius, compared to pre-industrial levels.""
The stakes are high when it comes to climate action, if the Intergovernmental Panel on Climate Change's latest findings are anything to go by.
Published last month, its report warned that limiting global warming to close to 1.5 degrees Celsius or even 2 degrees Celsius above pre-industrial levels would ""be beyond reach"" in the next two decades without immediate, rapid and large-scale reductions in greenhouse gas emissions.
The Nestle CEO was asked what his hopes were for the summit. ""I hope that global regulatory convergence will get reconfirmed and that you'll see more hard commitments from governments and also from companies, that we're all pulling in the same direction,"" he said.
Work that has already been done should get recognized and rewarded, Schneider went on to state. ""So in our case, for example, peak carbon is behind us, it was 2019,"" he said. ""We're on our way down and it's no longer about plans, it's about making things happen.""",,745,28,22,False,CNBC,en,https://www.cnbc.com/2021/09/09/nestle-ceo-on-plans-to-address-young-consumers-sustainability-concerns.html
2021-09-09 07:00:00,2021-09-09,Natural gas prices are rising and could be the most expensive in 13 years this winter,"Natural gas prices have doubled this year and are expected to continue to rise, resulting in larger winter heating bills for some consumers and higher costs for electric utilities.
Natural gas is plentiful in the United States and has been cheap for years, so the jump in prices this year is eye popping. It has also lifted the shares of companies that specialize in natural gas production, like EQT, Range Resources, Cabot Oil and Gas and Antero Resources.
In the futures market, the natural gas contract for October rose above $5 per one million British thermal units, or mmBtus, for the first time since February, 2014. Besides electricity and heating demand, natural gas is an important feed stock and is used in the processing of chemicals, fertilizers, paper and glass, among other products.
""We haven't had tight supplies of natural gas in years. We're staring that down this year,"" said John Kilduff, partner with Again Capital.
Natural gas prices have been caught in their own perfect storm, of lower supplies and rising demand. Prices raced higher, first as unprecedented heat stoked air conditioning demand across the U.S., particularly in the Northwest. As a result, less gas was put into storage for winter months, during the key summer injection period.
Add to that any colder than normal winter weather and prices could jump more. ""Anything closer to [or colder than] a full standard-deviation form average would likely trigger a price spike to cause demand destruction with gas above $10/mmBtu,"" Goldman Sachs analysts note. Gas prices were last that high in 2008.
Kilduff said natural gas is tied tightly into the economy, and for a long period prices did not matter. Now, utilities will pay more and so will some consumers who have real-time pricing schemes. ""You could easily see it reach $6 and you could see it get to $8 to $10,"" he said. ""Any early season cold weather outbreak will juice this thing.""
The upward pressure on gas prices is global, and since the U.S. is an exporter, prices in North America are now more influenced by prices in other markets.
""We've seen it all over the last year with the pandemic. We saw natural gas prices around the world at $2. It was $2 here in the U.S., $2 in Europe and $2 in Asia,"" said Cheniere Energy CEO Jack Fusco on CNBC. ""As the economies began to ramp back up, and countries and companies worldwide decided natural gas was the fuel of choice for clean energy transmission, the demand has just skyrocketed.""
Fusco said prices for the same gas that is $5 in the U.S. is now $20 or more in Europe and Asia. He also said his company, which exports liquified natural gas, is sold out of 90% of its production for the next 20 years.
Now, the U.S. industry is also suffering from lower production due to Hurricane Ida, with 77.3% of Gulf of Mexico production still shut-in. According to the Energy Information Administration, the level of gas in U.S. storage is 7.4% below the five-year average and 16.8% below the level last year at this time.
The dynamic of rising demand and lower inventories has been attracting investors into the shares of natural gas producers, as well as the United States Natural Gas Fund ETF.
""I look at the natural gas situation. The storage levels are way below historic norms,"" said Leon Cooperman, chairman and CEO of the Omega Family Office. Cooperman said on CNBC Thursday that his biggest positions are contrarian holdings in the energy market.
Natural gas prices are flaring as the Biden Administration is pressing for higher dependence on renewable energy in the electricity market. On Wednesday, the White House called for solar energy to power nearly half the electric grid by 2050. It is now just 3% of the power supply.
But natural gas is likely to remain an important fuel for years to come. The EIA, in its short-term outlook, said natural gas should provide 35% of power generation in 2021 and 34% in 2022. The government forecast the average price of natural gas this year will be $4.69 per mmBtus.
The EIA said the share of natural gas as a generation fuel will decline through next year because of the anticipated increase in renewable sources, but also coal.
""As a result of the higher expected natural gas prices, the forecast share of electricity generation from coal rises from 20% in 2020 to about 24% in both 2021 and 2022,"" according to EIA. ""New additions of solar and wind generating capacity are offset somewhat by reduced generation from hydropower this year, resulting in the forecast share of all renewables in U.S. electricity generation to average 20% in 2021, about the same as last year, before rising to 22% in 2022.""",,820,42,17,False,CNBC,en,https://www.cnbc.com/2021/09/09/natural-gas-prices-are-rising-and-could-be-the-most-expensive-in-13-years-this-winter.html
2021-09-09 07:00:00,2021-09-09,Former Morgan Stanley president reflects on his 9/11 experience,"Skip Navigation
Markets
Pre-Markets
U.S. Markets
Europe Markets
China Markets
Asia Markets
World Markets
Currencies
Prediction Markets
Cryptocurrency
Futures & Commodities
Bonds
Funds & ETFs
Business
Economy
Finance
Health & Science
Media
Real Estate
Energy
Climate
Transportation
Investigations
Industrials
Retail
Wealth
Sports
Life
Small Business
Investing
Personal Finance
Fintech
Financial Advisors
Options Action
ETF Street
Buffett Archive
Earnings
Trader Talk
Tech
Cybersecurity
AI
Enterprise
Internet
Media
Mobile
Social Media
CNBC Disruptor 50
Tech Guide
Politics & Policy
White House
Policy
Defense
Congress
Expanding Opportunity
Europe Politics
China Politics
Asia Politics
World Politics
Video
Latest Video
Full Episodes
Livestream
Top Video
Live Audio
Europe TV
Asia TV
CNBC Podcasts
CEO Interviews
Digital Originals
Watchlist
Investing Club
Trust Portfolio
Analysis
Trade Alerts
Meeting Videos
Homestretch
Jim's Columns
Education
Subscribe
PRO
Pro News
Josh Brown
Mike Santoli
Calls of the Day
My Portfolio
Livestream
Full Episodes
Stock Screener
Market Forecast
Options Investing
Chart Investing
Subscribe
Livestream
Menu
Make It
select
USA
INTL
Livestream
Search quotes, news & videos
Livestream
Watchlist
SIGN IN
Create free account
Markets
Business
Investing
Tech
Politics & Policy
Video
Watchlist
Investing Club
PRO
Livestream
Menu
watch now
Share
Share Article via Facebook
Share Article via Twitter
Share Article via LinkedIn
Share Article via Email
Closing Bell
Former Morgan Stanley president reflects on his 9/11 experience
Bob Scott, former Morgan Stanley president and COO, reflects on his time in the World Trade Center on 9/11, almost twenty years to the date.
Thu, Sep 9 2021
6:34 PM EDT
watch now
watch now
VIDEO
Dan Niles: We're going into a rate hike cycle so don't fight the Fed or the bond market
an hour ago
watch now
watch now
VIDEO
Kevin Hassett: Pres. Trump 'wholeheartedly rejects' government takeover of AI regulation
4 hours ago
watch now
watch now
VIDEO
Watch CNBC's full interview with White House National Economic Council Director Kevin Hassett
5 hours ago
watch now
watch now
VIDEO
Former Cleveland Fed Pres. Mester: No convincing evidence inflation is on downward path back to 2%
5 hours ago
watch now
watch now
VIDEO
Standard Chartered CEO Bill Winters on the ‘reckless path’ that shaped his banking career
watch now
watch now
VIDEO
Dan Niles: We're going into a rate hike cycle so don't fight the Fed or the bond market
an hour ago
watch now
watch now
VIDEO
Kevin Hassett: Pres. Trump 'wholeheartedly rejects' government takeover of AI regulation
4 hours ago
watch now
watch now
VIDEO
Watch CNBC's full interview with White House National Economic Council Director Kevin Hassett
5 hours ago
watch now
watch now
VIDEO
Former Cleveland Fed Pres. Mester: No convincing evidence inflation is on downward path back to 2%
5 hours ago
watch now
watch now
VIDEO
Standard Chartered CEO Bill Winters on the ‘reckless path’ that shaped his banking career
Load More",,474,7,176,False,CNBC,en,https://www.cnbc.com/video/2021/09/09/former-morgan-stanley-president-reflects-on-his-911-experience.html
2021-09-09 07:00:00,2021-09-09,"Euro zone's rebound phase is increasingly advanced, ECB's Lagarde says","Skip Navigation
Markets
Pre-Markets
U.S. Markets
Europe Markets
China Markets
Asia Markets
World Markets
Currencies
Prediction Markets
Cryptocurrency
Futures & Commodities
Bonds
Funds & ETFs
Business
Economy
Finance
Health & Science
Media
Real Estate
Energy
Climate
Transportation
Investigations
Industrials
Retail
Wealth
Sports
Life
Small Business
Investing
Personal Finance
Fintech
Financial Advisors
Options Action
ETF Street
Buffett Archive
Earnings
Trader Talk
Tech
Cybersecurity
AI
Enterprise
Internet
Media
Mobile
Social Media
CNBC Disruptor 50
Tech Guide
Politics & Policy
White House
Policy
Defense
Congress
Expanding Opportunity
Europe Politics
China Politics
Asia Politics
World Politics
Video
Latest Video
Full Episodes
Livestream
Top Video
Live Audio
Europe TV
Asia TV
CNBC Podcasts
CEO Interviews
Digital Originals
Watchlist
Investing Club
Trust Portfolio
Analysis
Trade Alerts
Meeting Videos
Homestretch
Jim's Columns
Education
Subscribe
PRO
Pro News
Josh Brown
Mike Santoli
Calls of the Day
My Portfolio
Livestream
Full Episodes
Stock Screener
Market Forecast
Options Investing
Chart Investing
Subscribe
Livestream
Menu
Make It
select
USA
INTL
Livestream
Search quotes, news & videos
Livestream
Watchlist
SIGN IN
Create free account
Markets
Business
Investing
Tech
Politics & Policy
Video
Watchlist
Investing Club
PRO
Livestream
Menu
watch now
Share
Share Article via Facebook
Share Article via Twitter
Share Article via LinkedIn
Share Article via Email
European Central Bank
Euro zone's rebound phase is increasingly advanced, ECB's Lagarde says
European Central Bank President Christine Lagarde gives a press conference following the bank's latest monetary policy decision.
Thu, Sep 9 2021
12:07 PM EDT
watch now
watch now
VIDEO
Dan Niles: We're going into a rate hike cycle so don't fight the Fed or the bond market
an hour ago
watch now
watch now
VIDEO
Kevin Hassett: Pres. Trump 'wholeheartedly rejects' government takeover of AI regulation
4 hours ago
watch now
watch now
VIDEO
Watch CNBC's full interview with White House National Economic Council Director Kevin Hassett
5 hours ago
watch now
watch now
VIDEO
Former Cleveland Fed Pres. Mester: No convincing evidence inflation is on downward path back to 2%
5 hours ago
watch now
watch now
VIDEO
Standard Chartered CEO Bill Winters on the ‘reckless path’ that shaped his banking career
watch now
watch now
VIDEO
Dan Niles: We're going into a rate hike cycle so don't fight the Fed or the bond market
an hour ago
watch now
watch now
VIDEO
Kevin Hassett: Pres. Trump 'wholeheartedly rejects' government takeover of AI regulation
4 hours ago
watch now
watch now
VIDEO
Watch CNBC's full interview with White House National Economic Council Director Kevin Hassett
5 hours ago
watch now
watch now
VIDEO
Former Cleveland Fed Pres. Mester: No convincing evidence inflation is on downward path back to 2%
5 hours ago
watch now
watch now
VIDEO
Standard Chartered CEO Bill Winters on the ‘reckless path’ that shaped his banking career
Load More",,469,7,176,False,CNBC,en,https://www.cnbc.com/video/2021/09/09/euro-zones-rebound-phase-is-increasingly-advanced-ecbs-lagarde-says.html
2021-09-09 07:00:00,2021-09-09,"China's rumored ambitions to dive into Afghanistan are overstated and unrealistic, experts say","One of the first things many Western pundits predicted as the chaotic American withdrawal from Afghanistan unraveled was the replacement in that power vacuum by China, long a critic of and strategic adversary to the United States.
Afghanistan has trillions of dollars worth of untapped mineral resources, and is in dire need of infrastructure investment, making it in theory a prime ground for China's expansive Belt and Road Initiative. What's more, China is one of the few countries and the only economic superpower to have so far established friendly relations with the Taliban, who shocked the world in early August by overtaking Afghanistan in a matter of days.
In what many see as a symbolic taunt to the West, Chinese state officials have chastised Washington and its 20-year war, and cautiously welcomed the Taliban's announcement of its new government of hardliners and FBI-wanted terrorists this week.
""This has ended the more than three weeks of anarchy in Afghanistan and is a necessary step for Afghanistan's restoration of domestic order and postwar reconstruction,"" Wang Wenbin, a spokesman for the Chinese foreign ministry, told reporters at a briefing on Wednesday, according to a transcript published by the Chinese Foreign Ministry.
But beyond the statements, many regional experts are not convinced of China's enthusiasm for barreling into the war-torn Central Asian state on its western border.
China is 'very aware' of security risks
China has long been wary of Islamic extremism in its far west. It's also determined not to fall into the same quagmires that the Soviet Union and the U.S. were sucked into with Afghanistan, analysts say.
""China is interested in economic engagement in Afghanistan and extension of its Belt and Road, including reconstruction and investing in untapped mineral resources of the landlocked country,"" Ekta Raghuwanshi, Stratfor's South Asia analyst for RANE, told CNBC.
""However,"" she cautioned, ""it wouldn't invest substantially anytime soon given security concerns in Afghanistan and proximity to China's restive Xinjiang province,"" she said, referring to Uyghur militants and the resurgence of the East Turkestan Islamic Movement.
And while China has made clear its approval of the Taliban, that doesn't mean it's ready to commit to doing business with them.
""We don't have evidence China will see the Taliban as a more secure partner,"" Maximilian Hess, a Central Asia fellow at the Foreign Policy Research Institute's Eurasia Program, told CNBC.
""It is very aware of the security risks, and attacks on Chinese infrastructure in Pakistan by Islamist groups have increased in recent years"" including one as recently as August, Hess said. China risks angering local Afghans with its presence, and Beijing ""recognizes Afghanistan's tribal reality and that the Taliban has many sub-factions that it lets operate with quasi-autonomy in many areas,"" he added.
So even if the Taliban — who have embraced China's diplomatic overtures and celebrate the prospect of its investment — give Chinese investors a guarantee of security, the group does not necessarily have control over other militants and tribes across the country of nearly 40 million people.
What Beijing doesn't voice publicly, analysts say, is its concern about the impact of the U.S. withdrawal, much like Russia.
As journalist Sreemoy Talukdar wrote in Indian news outlet Firstpost this week, China ""may have been gloating at U.S. discomfiture during the bungling exit ... but had so far been quite content with America's role as the security guarantor next door in a region that is a veritable witches' brew of terrorism and ethnic insurgency.""
The Chinese foreign ministry did not reply to a CNBC request for comment.
Sanctions loom large
The Taliban remains sanctioned by the U.S., EU and United Nations. That presents an obvious legal and financial risk for anyone hoping to do business with the group.
""Any deals signed with the Taliban face obvious political and sanctions risks,"" said Jonathan Wood, deputy global research director at Control Risks.
China has proven adept at navigating U.S. sanctions in the past, importing embargoed Iranian oil thanks to the use of things like ""ghost ships."" But some Chinese companies have been hit by U.S. penalties, and in the case of Afghanistan, the security risks make pushing that boundary even less appealing.
""Western sanctions mean that even if the Taliban is recognized (by China), very few banks or financial institutions will deal with the Taliban government while those sanctions remain,"" Hess said.
Infrastructure constraints
Afghanistan's mineral wealth is staggering. The country sits above some 60 tons of copper reserves, more than 2.2 billion tons of iron ore, 1.4 million tons of rare earth minerals coveted for their use in electronic products such as lithium — which is in high demand for electric vehicle batteries — 1.6 billion barrels of crude oil, 16 trillion cubic feet of natural gas and another 500 million barrels of natural gas liquids, according to U.S. geological surveys.
But so far, it's proven nearly impossible to reach.
In 2008, a consortium of Chinese companies took on a 30-year lease for the largest copper project in Afghanistan, called Mes Aynak. To date — 13 years later — no work has been started on the mining project.
This is due to a combination of security issues, state corruption and infrastructure constraints, even though the 11.08 million tons of copper it's estimated to hold would be worth over $100 billion at current London Metal Exchange prices.
""Afghanistan's limited infrastructure — power, roads, rails — difficult terrain, and landlocked geography will continue to hinder natural resource development,"" Stratfor's Wood said.
Despite all the limitations, these have not necessarily stopped China in the past, as its investments in Sudan and the Congo show, noted Samuel Ramani, a tutor of International Relations at the University of Oxford.
Given the stagnation of its previous Afghan ventures, ""I think Chinese involvement in Afghanistan could look a lot like their purported reconstruction plans in Syria,"" Ramani said. ""A lot of speculation, but little substance.""",,1010,39,29,False,CNBC,en,https://www.cnbc.com/2021/09/09/chinas-rumored-aims-to-dive-into-afghanistan-are-exaggerated-experts.html
2021-09-09 07:00:00,2021-09-09,"Majority of fossil fuels need to stay underground to avert climate disaster, scientists say","The vast majority of the world's known fossil fuel reserves must be kept in the ground to have some hope of preventing the worst effects of the climate emergency, according to new research.
The peer-reviewed study, published in the scientific journal Nature on Wednesday, found that 90% of coal must remain unextracted and nearly 60% of oil and fossil methane gas must stay underground to have even a 50% chance of keeping global temperatures from rising 1.5 degrees Celsius above pre-industrial levels.
This temperature threshold is the lower target of the landmark 2015 Paris Agreement, an accord widely recognized as critically important to avoid an irreversible climate crisis. The 1.5 degrees Celsius level is particularly crucial because beyond this internationally agreed goal, so-called tipping points become more likely.
The study estimated that oil and gas production must decline worldwide by 3% each year through to 2050, implying that most regions must reach peak production now or during the next decade.
Countries that are heavily reliant on oil and gas for state revenues, such as OPEC members Saudi Arabia, Iraq and Kuwait, are thought to be at particularly high risk unless they rapidly diversify their economies.
The researchers, led by environmental and energy economist Dan Welsby at University College London, noted the ""bleak"" forecasts were likely to be somewhat conservative given that a greater than 50% chance of limiting warming to 1.5 degrees would require more carbon to remain untapped, and because of uncertainties around the timely development of scalable negative carbon emission technologies.
What does this mean for specific countries?
The analysis notes that the need to keep global fossil fuel reserves in the ground varies across countries. This is based on the regional differences of limits to fossil fuel extraction and on the carbon intensity and cost of energy resources worldwide. For instance, highly polluting reserves, such as Canada's tar sands and Venezuelan oil, are left in the ground in this model.
Authors of the study built on the findings of research published in 2015 assessing how much of the world's fossil fuel reserves must remain unused to limit global heating to 2 degrees Celsius. The research has now been updated to examine what's necessary to limit warming to 1.5 degrees Celsius.
For instance, the U.S., Russia and former Soviet states have half of global coal reserves but will need to keep 97% underground, according to the study. For Australia, this figure comes in at 95%, while China and India must leave 76% of their coal reserves in the ground, the study says.
Meanwhile, 84% of Canada's oil sand reserves would need to remain unexploited and nearly two-thirds of Middle Eastern states' oil and gas reserves must not be extracted. Europe would need to leave 72% of its oil reserves and 43% of its gas reserves underground, while Africa would need to walk away from roughly half of its oil and gas reserves, according to the research.
To keep global heating below 1.5 degrees Celsius, the modeling also suggests all undeveloped oil and gas resources in the Arctic must be kept in the ground.
The findings reaffirm the yawning gap between meaningful climate action and the rhetoric of policymakers and business leaders touting their commitment to a so-called ""energy transition.""
Burning fossil fuels is the chief driver of the climate crisis, yet the world's dependency on fossil fuels is set to get even worse in the coming decades. As a result, world leaders are under immense pressure to deliver on promises made as part of the Paris Agreement ahead of highly anticipated U.N. climate talks due to be held in Glasgow, Scotland in early November.
Last month, the world's leading climate scientists delivered their starkest warning yet about the deepening climate emergency. U.N. Secretary-General António Guterres described the Intergovernmental Panel on Climate Change's Aug. 9 report as a ""code red for humanity."" He added: ""The report must sound a death knell for coal and fossil fuels before they destroy our planet.""
Earlier this year, the International Energy Agency said that it sees no need for investment in new fossil fuel developments if the world is to effectively tackle the deepening climate emergency.",LONDON,715,25,16,False,CNBC,en,https://www.cnbc.com/2021/09/09/climate-majority-of-fossil-fuels-need-to-stay-underground-study-says.html
2021-09-09 07:00:00,2021-09-09,"Weeks after fleeing Afghanistan, former President Ashraf Ghani issues 'explanation' statement to Afghan people — only in English","More than three weeks after fleeing Kabul by helicopter as the Taliban swept through the capital, former Afghan President Ashraf Ghani issued a statement late Wednesday in apology to his fellow countrymen.
""I owe the Afghan people an explanation for leaving Kabul abruptly on August 15 after Taliban unexpectedly entered the city,"" Ghani began, in a letter posted to his Twitter account that was written only in English.
Three days after his speedy departure and amid apocalyptic scenes of panic at Kabul's Hamid Karzai International Airport as desperate Afghans tried to flee the country, Ghani resurfaced in the United Arab Emirates, whose government confirmed it had welcomed him and his family on humanitarian grounds.
""I left at the urging of the palace security who advised me that to remain risked setting off the same horrific street to street fighting the city had suffered during the Civil War of the 1990s. Leaving Kabul was the most difficult decision of my life, but I believed it was the only way to keep the guns silent and save Kabul and her 6 million citizens,"" the former academic and World Bank official, who had been Afghanistan's president since 2014, wrote.
In what some are seeing as an attempt to avoid accountability, Ghani said, ""Now is not the moment for a long assessment of the events leading to my departure,"" adding that ""I will address them in the near future.""
Taliban forces had made a series of stunning advances across the country of 39 million in the wake of the Biden administration and NATO announcing a full departure of U.S. and coalition forces by the end of August.
Amid the exodus of foreign troops, the Taliban were able to declare near complete control of the country within 10 days of seizing their first provincial capital. This was despite being vastly outnumbered by the Afghan military, which has been assisted by U.S. and coalition forces for the last 20 years.
Denying taking millions in cash with him
Ghani has been accused of engaging in and profiting from rampant corruption. Rumors abounded among Afghans and analysts that the 72-year-old took millions of dollars in cash with him when he left, and Russian state media reported the same. Ghani in his letter denied the accusations.
""I must now address baseless allegations that as I left Kabul I took with me millions of dollars belonging to the Afghan people. These charges are completely and categorically false. Corruption is a plague that has crippled our country for decades and fighting corruption has been a central focus in my efforts as president.""
U.S. and former Afghan officials, including those who worked closely with Ghani, allege numerous instances of corruption and bribery within Ghani's office and family, and independent investigations have concluded that Ghani gave lucrative contracts to immediate family members. Ghani has denied the accusations.
""I welcome an official audit or financial investigation under UN auspices or any other appropriate independent body to prove the veracity of my statements here,"" Ghani wrote in his Sept. 8 statement.
Analysts and many U.S. veterans of the war in Afghanistan note that the corruption in the Afghan government and in its military's leadership often meant that money meant for soldiers' salaries instead went to lining the pockets of senior officials. They told CNBC that the Afghan military's rapid surrenders to the Taliban stemmed in part from a total lack of confidence that Ghani and the government in Kabul would support them.
""I offer my profound appreciate and respect for the sacrifice of all Afghans, especially our Afghan soldiers and their families, through the last forty years,"" Ghani wrote in his letter's closing paragraph.
""It is with deep and profound regret that my own chapter ended in similar tragedy to my predecessors — without ensuring stability and prosperity. I apologize to the Afghan people that I could not make it end differently. My commitment to the Afghan people has never wavered and will guide me for the rest of my life.""",,677,27,15,False,CNBC,en,https://www.cnbc.com/2021/09/09/ashraf-ghani-afghanistan-ex-president-issues-explanation-after-fleeing.html
2021-09-10 07:00:00,2021-09-10,"Apple can no longer force developers to use in-app purchasing, judge rules in Epic Games case","Apple's lucrative App Store business received a major blow Friday thanks to a federal judge's decision in the company's legal battle with Epic Games.
Judge Yvonne Gonzalez Rogers handed down the decision in the closely watched trial, and issued an injunction that said Apple will no longer be allowed to prohibit developers from providing links or other communications that direct users away from Apple in-app purchasing. Apple typically takes a 15% to 30% cut of gross sales.
The injunction addresses a longstanding developer complaint and raises the possibility that developers could direct their users to their website to subscribe to or purchase digital content, hurting Apple's App Store sales, which grossed an estimated $64 billion in 2020.
Apple stock dropped more than 3% in trading Friday.
The decision concludes the first part of the battle between the two companies over Apple's App Store policies and whether they stifle competition. Apple won on nine of 10 counts but was found to engage in anticompetitive conduct under California law, and will be forced to change its App Store policies and loosen its grip over in-app purchases. The injunction will come into effect in December.
""The Court concludes that Apple's anti-steering provisions hide critical information from consumers and illegally stifle consumer choice,"" Rogers wrote. ""When coupled with Apple's incipient antitrust violations, these anti-steering provisions are anticompetitive and a nationwide remedy to eliminate those provisions is warranted.""
However, Rogers said Apple was not a monopolist and ""success is not illegal.""
""Given the trial record, the Court cannot ultimately conclude that Apple is a monopolist under either federal or state antitrust laws,"" Rogers wrote.
The trial took place in Oakland, California, in May, and included both company CEOs testifying in open court. People familiar with the trial previously told CNBC that both sides expected the decision to be appealed regardless of what it was.
""We are very pleased with the court's ruling and we consider this a huge win for Apple,"" Apple general counsel Kate Adams said.
Apple did not say if it would appeal the injunction. Epic Games will appeal the decision, a spokeswoman told CNBC.
Epic Games CEO Tim Sweeney criticized the ruling in a statement on Twitter.
""Today's ruling isn't a win for developers or for consumers,"" Sweeney tweeted. ""Epic is fighting for fair competition among in-app payment methods and app stores for a billion consumers.""
Since the trial ended but before the decision was handed down, Apple has made several changes to mollify critics, some as part of settlements with other app developers, including relaxing some rules about emailing customers to encourage them to make off-app purchases and allowing some links in apps.
Rogers wrote in the decision that she disagreed with both Apple and Epic Games over the framing of the market Apple allegedly dominates. Rogers found that it was ""digital mobile gaming transactions,"" not all iPhone apps, as Epic Games had alleged, nor was it all video games, as Apple had claimed.
Battle over Fortnite
Epic Games is among the most prominent companies to challenge Apple's control of its iPhone App Store, which has strict rules about what is allowed and not, and requires many software developers to use its in-app payment system, which takes between 15% to 30% of each transaction.
Epic's most popular game is Fortnite, which makes money when players buy V-bucks, or the in-game currency to purchase costumes and other cosmetic changes.
Epic wasn't seeking money from Apple. Instead, it wanted to be allowed to install its own app store on iPhones, which would let it bypass Apple's cut and impose its own fees on games it distributed. Epic's Sweeney had chafed against Apple's in-app purchase rules as early as 2015, according to court filings and exhibits. Friday's ruling does not allow Epic to offer an app store on Apple's App Store.
But the public clash between the two companies started in earnest in August 2020, when Epic implemented a plan to challenge Apple called ""Project Liberty,"" according to court filings.
Epic Games updated Fortnite on its servers to reduce the price of its in-game currency by 20% if players bought directly from the company, bypassing Apple's take, and violating Apple's rules on steering users away from its in-app payments.
Apple removed Fortnite from the App Store, meaning that new users could not download it and that it would eventually stop working on iPhones because the app could not be updated. As it planned, Epic then filed a lawsuit that culminated in May's trial.
Epic Games will also have to pay Apple damages because it breached its contract, Rogers ruled. The video game developer will pay Apple 30% of all revenue it collected from Fortnite on iPhones and iPads through direct payments.
At the trial, Apple CEO Tim Cook testified on one of the last days, and faced pointed questioning from Rogers over its restrictions on steering users to make purchases off-app, which ended up being the topic of Friday's injunction.
""It doesn't seem to me that you feel any pressure or competition to actually change the manner in which you act to address the concerns of developers,"" Rogers said at the time.
Epic Games also sued Google over its control of the Play Store for Android phones. That case has not yet gone to trial.",,917,36,26,False,CNBC,en,https://www.cnbc.com/2021/09/10/epic-games-v-apple-judge-reaches-decision-.html
2021-09-10 07:00:00,2021-09-10,"Boies Schiller law firm loses several attorneys over issues involving Harvey Weinstein, Elizabeth Holmes, founder's kids","One of America's most prominent law firms is struggling to hold on to talent.
Legal powerhouse Boies Schiller Flexner has experienced a rapid exodus of several top attorneys, many of whom were bothered by purported decisions by the firm's founders.
This article is based on interviews with more than a half-dozen people with direct knowledge of various issues at the firm, from alleged nepotism to the unsavory reputation of some high-profile clients. These people declined to be named in order to avoid possible retribution from the firm.
The firm's founders are David Boies and Jonathan Schiller, who have been key players in major political and corporate cases for decades.
Boies is known for representing the U.S. government in its landmark 2001 antitrust case against Microsoft and for helping win a decision that overturned California's ban on gay marriage. Schiller has represented Goldman Sachs and the New York Yankees, among other major corporations and entities.
But attorneys who left have described their dissatisfaction with Boies for working with Harvey Weinstein, the disgraced Hollywood mogul who has been convicted of rape, and accused fraudster Elizabeth Holmes and her discredited blood-testing firm Theranos.
They have also alleged that Schiller's own family members received preferential treatment, both inside the firm and out. Employees, for instance, took issue with the way the founders dealt with one of Jonathan Schiller's sons, a lawyer at the firm, after he purportedly used racist and homophobic terms at a party thrown by another of the firm's lawyers.
Many people argued that Boies and Schiller sometimes overruled the firm's management committee, which had been trying to formulate a succession plan for when the founders eventually leave their roles. Former leaders at the firm would privately claim that they were not always presented specific details about the firm's finances, people familiar with the matter said.
""They keep naming new people as managing partners, but the reason people are leaving is it [the firm] is just a name,"" a former Boies Schiller partner told CNBC. ""There's no transition going on, and David and Jon are deciding everything.""
After reaching out to the firm's public relations team, CNBC spoke with Matt Schwartz, who is one of the new co-managing partners at the firm along with Sigrid McCawley and Alan Vickery. Schwartz is not related to this reporter.
During the nearly hourlong conversation, Schwartz denied that Boies and Schiller are making all the decisions. He said the leaders of the firm are always given specifics about the firm's financial deals, including with outside vendors. He also insisted that he and other co-managing partners oversee day-to-day operations.
""David and Jonathan are on the executive committee. Of course they are part of those discussions,"" Schwartz told CNBC on Friday. ""They hold the titles of managing partners and are an important resource for us. But truly and honestly in every way the four new managing partners of Natasha [Harrison], Sigrid, Alan and myself run the day-to-day operations at this firm and we do so under the guidance and oversight of the executive committee. Whoever is telling you that the founding partners are running everything is wrong.""
""The short answer is if I want to know how much money we are paying for any particular vendor or item, yes, that is something that is knowable,"" Schwartz added.
Scores of departures
At the end of 2020, Boies Schiller Flexner employed around 200 lawyers. Previously it employed just over 300. It boasts a high-powered client list including Facebook, American Express, Chevron, Delta, Barclays, Oracle and Sony. The firm, founded in 1997, has offices in New York, Miami, Washington, D.C., San Francisco, Los Angeles and London.
But the firm has experienced a brain drain in recent months: Nearly 60 partners left last year, according to Bloomberg. Some of the organization's top clients followed their attorneys who left. Two of the recent departures reportedly represented Apple, Facebook, Oracle and Elon Musk's Solar City Corp.
Additional corporate clients of the firm include Delta, UnitedHealthcare, John Hancock, Lincoln National, Carnival, NextEra and Burger King.
Boies himself said in a previous interview with lawyer and legal commentator David Lat that ""some of the partners who have left the firm in the past did so because they were disappointed with leadership choices or because they had a different vision for the future of the firm."" He didn't give further details.
Nick Gravante, a managing partner, left the firm last year. Gravante and other top attorneys, such as Karen Dunn and Damien Marshall, were part of the management committee that, according to Law360.com, was meant to ""assume day to day responsibilities of operations as part of a long term plan to transfer leadership of the litigation firm from its founder to the next generation.""
Dunn and William Isaacson, who was a vice chair at Boies Schiller, left last year to join the firm Paul, Weiss.
A leader steps back
Another leader might soon be out the door: Harrison, who recently stepped down as deputy chair. Boies once said Harrison, who is based in London and is also a managing partner, was in line to be his successor. People familiar with the situation said Harrison could now end up leaving Boies Schiller.
Harrison told CNBC in a statement that she has not been in touch with other firms but notably did not say in her comment whether she had any future plans to leave Boies Schiller.
""I am not in discussions with any other law firms, nor do I plan to enter into discussions with any other law firms, and any suggestion to the contrary is false,"" Harrison said. ""It is an honour to be working with the other managing partners to lead one of the world's leading litigation firms through its transition to the second generation and in this regard, we have made significant and important progress over the last twenty months.""
Harrison's decision to step down from the deputy chair role was due to personal reasons and not a suggestion that there are any problems at the firm, according to a Sept. 1 internal memo reviewed by CNBC. The memo was signed by the firm's managing partners, including Harrison, Boies and Schiller.
""Most notably as it relates to the pandemic, international travel restrictions have prevented Natasha from spending the kind of time in the U.S., actively engaging with the leadership team, the Firm and our U.S.-based clients, that she feels is necessary to fulfill the obligations of the Deputy Chair position,"" the memo said.
Schwartz confirmed that, since Harrison is no longer deputy chair, she will not be in line to succeed Boies as chair of the firm.
""Now that is not going to happen. That's the significance of Natasha stepping down as deputy chair. It's really a signifier that she's not going to take over as chair,"" Schwartz said. He said Harrison stepped down from the post ""because she couldn't make a commitment to become chair down the road.""
Schwartz gave no indication that there are future plans to transition beyond the current management structure, including having Boies and Schiller continue to hold some sort of leadership positions within the firm.
""The succession planning means: How is the firm going to be run after? The firm is now run by a group of people that is much broader than the founding partners,"" Schwartz said. ""The day to day is run exclusively by the four new managing partners, with guidance from, but not control by, the founding partners. That is the succession plan in action.""
Schwartz didn't seem to think there were any plans for Boies and Schiller to step away from the firm, including possibly retiring. ""No, I mean you'd have to ask them. That's a personal decision to them, not anything that we're going to try to force upon them, certainly,"" he said.
Taking issue with a Schiller son
Harrison was one of many Boies Schiller leaders and firm employees who were disturbed by the original domestic abuse allegations levied against Josh Schiller, a partner at the firm and the son of Jonathan Schiller, according to people familiar with the matter.
Josh Schiller was detained in a California county jail in January following a domestic violence allegation. His lawyer, at the time, said ""there was no instance of domestic violence."" Schiller is married to Melissa Siebel Schiller, who is a sister-in-law of California Gov. Gavin Newsom.
The firm then put Josh Schiller on a leave of absence. He returned to work earlier this year after outside investigators employed by the firm cleared him, and prosecutors dropped the charge. He was cleared because ""there was no physical harm or instance of domestic violence in this case,"" his attorney told reporters.
A person within the firm, who declined to be named in order to speak freely about private matters, said Jonathan Schiller recused himself from any matter involving the investigation into his son.
Yet, for leaders at the firm, many took issue with the fact that this was only the latest incident involving Josh Schiller, these people explained.
For instance, Josh Schiller was heard using the N-word at a party hosted by Susan Estrich, who joined the firm and became a partner in 2018, according to people familiar with the matter.
A person with direct knowledge explained that Schiller tried to reenact a Dave Chappelle joke comparing the use of the N-word to a homophobic slur.
Afterward, Estrich sent a note to the firm's leadership calling the remark inappropriate, the people added. A member of the management committee privately insisted to other leaders at the firm on an investigation but none of the party guests were contacted, this person explained.
""Everyone who heard it was horrified,"" this person who was at the party explained to CNBC.
Josh Schiller later told associates that he used these words as part of a joke, one of the people said. Schiller did not respond to an email seeking comment on the incident.
Estrich left the firm last year and is now a partner at Estrich Goldin. Among other career moves, Estrich is known as the attorney who defended the late Fox News executive Roger Ailes from accusations of sexual harassment.
She did not respond to CNBC's request for comment.
Business with another Schiller son
Another Schiller son, Aaron Schiller, runs an architecture company, Schiller Projects, which has done business with the law firm. Schiller Projects designed three offices for Boies Schiller, including its new office in New York's Hudson Yards complex and offices in San Francisco and Washington.
Several leaders at the firm were frustrated over not being consulted before the agreement with Aaron Schiller's firm, people familiar with the matter said. Leaders and associates at the firm are also unhappy with the Hudson Yards office design, the people added.
Schwartz told CNBC that Jonathan Schiller didn't decide to have the firm hire his son's company.
""The selection of that design firm was not made by Jonathan. It was made by other members of the firm management and was the process of competitive bidding,"" Schwartz said.
Employees at the Hudson Yards office moved there in 2019 from their former space on Lexington Avenue.
Schiller Projects says on its website that the Hudson Yards space has ""no private corner offices, but rather a flowing space — a unique approach to open office design."" The website describes the space as ""an inversion of the traditional law office model, flipping perimeter closed offices to perimeter open workspaces"" and says it ""is promoting measurable increases in collaboration and employee workplace satisfaction.""
But lawyers often use private spaces to conduct the reading of often confidential briefs and to call clients. Boies Schiller associates have complained about being crammed into what they described as fishbowl-type offices, forcing them to call clients from booths instead of their desks, several people said.
After this report was published Friday, a spokesman for Schiller Projects told CNBC on Sunday:
""We are an award-winning architectural design firm with extensive experience in reimagining commercial environments and corporate workplaces. The Hudson Yards project went through a rigorous, competitive bidding process. The resulting work won multiple awards, including Interior Design magazine's 'Best of Year Corporate Office Design 2019 for North America'.""
Boies, Weinstein and Holmes
Boies, meanwhile, can't seem to escape the fact that he extensively helped both Weinstein and Theranos.
The New Yorker reported in 2017 that Boies personally signed a contract for an investigative firm known as Black Cube to uncover information that could stop the publication of a New York Times article about Weinstein's abuses.
Boies' firm was representing the Times in a libel lawsuit at the time. Boies confirmed to The New Yorker that his firm contracted and paid two investigative agencies on Weinstein's behalf.
Potential clients have since opted not to work with the firm in part because Boies helped Weinstein, people familiar with the matter said.
""It's not like Weinstein and Theranos are helpful to the firm,"" a former partner explained to CNBC. ""You've got a lot of women who resent the whole firm. They don't want to hear the name Boies Schiller Flexner.""
Around 2017, members of the firm confronted Boies at a private retreat over his role helping Weinstein. In the buildup to Boies fielding questions from members, Dunn was approached by a group of the firm's employees with concerns about Boies helping Weinstein, according to multiple people familiar with the conversations.
Dunn did not respond to CNBC's requests for comment.
In remarks similar to what he said at the retreat, Boies told The New York Times in 2018 that, while he concedes he made mistakes, he was just defending his client. In that same interview, Boies used the same reasoning for why he defended Theranos.
""You don't know all the facts when you take on a client,"" he said at the time, ""but once you do, you have a duty of loyalty. You can't represent them halfway. If, as a lawyer, you start to value how you are going to look to the media, as opposed to how your client will look, then you should find a new profession.""
The firm's public relations team sent a comment to CNBC from Joanna Wright, a partner and new member of the executive committee, about the decision to retain Black Cube.
""Retaining Black Cube for Weinstein was a serious mistake as David has, himself, said. We have since implemented procedures ensuring that never happens again,"" Wright said in the statement. ""Having said that, I don't believe there is another firm where you can consistently do well while doing good at the scale and level we have historically done that and continue to today.""
Holmes and Theranos, according to The Mercury News, hired Boies and a team of lawyers from his firm in a dispute with The Wall Street Journal as the paper was aiming to publish a story on Holmes' company. In 2015, Boies was a member of the Theranos board. The Times reported that he worked to quash reporting done by then-Wall Street Journal investigative reporter John Carreyrou.
Carreyrou went on to write an acclaimed nonfiction book about Theranos' rise and fall called ""Bad Blood: Secrets and Lies in a Silicon Valley Startup.""
Holmes is on trial for fraud. She recently lost a bid to keep more than a dozen emails between her and Boies Schiller lawyers out of the legal proceedings.
Clarification: This story was updated to reflect that authorities held Josh Schiller in detention over a domestic violence allegation, which was later dropped.",,2645,109,70,True,CNBC,en,https://www.cnbc.com/2021/09/10/boies-schiller-loses-lawyers-over-controversies-involving-theranos-harvey-weinstein.html
2021-09-10 07:00:00,2021-09-10,'9/11 millionaires' and mass corruption: How American money helped break Afghanistan,"$290 million every day for 7,300 days. That's how much money America spent on 20 years of war and nation-building in Afghanistan, according to Brown University's Costs of War project.
Yet it took just nine days for the Taliban to seize every provincial capital, dissolve the army and overthrow the U.S.-backed government in August.
When Taliban fighters seized Kabul without firing a single shot, President Joe Biden blamed Afghans for failing to defend their country.
""Afghanistan's political leaders gave up and fled the country,"" he said on Aug.16. ""The Afghan military gave up, sometimes without trying to fight.""
Absent from Biden's rhetoric was any mention of America's culpability in a war that began when U.S. soldiers invaded Afghanistan seeking revenge against al-Qaeda for the terrorist attacks that killed 2,977 people on Sept. 11, 2001.
Today, the U.S. Embassy in Kabul is closed and the American soldiers are gone.
But the hundreds of billions of dollars that the United States spent waging its war on Afghan soil can still be seen across Afghanistan, for better and worse.
Abandoned air bases, half-finished construction projects and tens of thousands of untraceable guns litter the countryside, all purchased with American money.
U.S. dollars also created the ""9/11 millionaires,"" a tiny class of young, ultra-wealthy Afghans who made their fortunes working as contractors for the foreign armies.
A few of these millionaires became role models for a new generation of Afghan entrepreneurs and philanthropists.
But many more exploited their family ties to government officials or provincial warlords in order to secure lucrative contracts.
Over time, U.S. government contracts became the fuel for a system of mass corruption that engulfed the country and, eventually, doomed its fragile democracy.
""The ultimate point of failure for our efforts, you know, wasn't an insurgency,"" said Ryan Crocker, a two-time U.S. ambassador to Afghanistan in 2016. ""It was the weight of endemic corruption.""
The United States, in Crocker's view, bears responsibility for much of the corruption in Afghanistan because it flooded the country with billions of dollars more than its economy could absorb.
""You just cannot put those amounts of money into a very fragile state and society, and not have it fuel corruption,"" said Crocker. ""You just can't.""
Crocker was one of the more than 500 officials interviewed by the Special Inspector General for Afghanistan Reconstruction for an internal project called ""Lessons Learned.""
SIGAR never meant for the public to read the full, candid interviews. But in 2019, a judge ordered their release, and they were compiled and published by The Washington Post.
Read today, Crocker's insight into the perils that huge U.S. government contracts posed to Afghanistan seems prescient.
But it was not always the prevailing view.
The 9/11 millionaires
In the early years of the war in Afghanistan, when American soldiers were still hunting al-Qaeda terrorists and battling Taliban fighters, the idea of using local Afghan contractors to supply U.S. military bases seemed like a good one.
By contrast, in Iraq most of the supply and logistics work for U.S. troops was performed by non-Iraqis, typically through contracts with huge multinational firms.
But in Afghanistan, awarding government contracts to Afghan nationals was seen as a key part of the overall U.S. counterinsurgency strategy.
It was even codified into an official Pentagon procurement policy known as ""Afghan First,"" which was approved by Congress in 2008.
""Employing local nationals injects money into the local economy, provides job training, builds support among local nationals, and can give the U.S. a more sophisticated understanding of the local landscape,"" wrote the authors of a 2011 congressional report on military contracting.
Several of the Afghans who became millionaires working as U.S. contractors started out as interpreters for American soldiers, accompanying service members on dangerous missions during some of the deadliest years of the war.
The loyalty they earned as interpreters would later serve them well in the rough-and-tumble business of defense contracting.
One of them was Fahim Hashimy, who was working as an English teacher in Kabul on Sept. 11, 2001. When American troops arrived in the country, Hashimy was hired as an interpreter. He later started a small company supplying military bases with goods and fuel.
Today, that company, the Hashimy Group, is a large conglomerate with a TV station, manufacturing facilities, real estate investments, trucking and a fledgling airline, all based in Afghanistan.
Hashimy is a multimillionaire, and he has been one of the few wealthy Afghans willing to speak publicly about the corruption that pervades his country.
""The bottom line is corruption is the biggest problem we have,"" Hashimy told National Public Radio in 2013. ""I think the corruption's not only causing negative impacts on the businesses, but it also has a direct link with the insecurity,"" he said.
Part of the reason he likes owning a TV station, Hashimy said, is because it allowed him the freedom to call out corruption where he saw it.
But under Taliban rule, networks like Hashimy's 1TV face an uncertain future. In July, Hashimy told The Wall Street Journal he was looking for ways to broadcast from outside Afghanistan.
The most recent broadcast posted to 1TV's YouTube channel is dated Aug. 14, the day before the Taliban took the capital.
Hashimy's current whereabouts are unclear. CNBC reached out to his company and requested an interview, but no one replied.
Another 9/11 millionaire who has drawn attention outside of Afghanistan is Hikmatullah Shadman. Like Hashimy, Shadman was one of the first Afghan interpreters hired by American troops at the start of the war.
In 2007, after five years of interpreting for soldiers in and around Kandahar, Shadman rented a truck and began delivering fuel and supplies to the American base. He quickly built a network of truckers and subcontractors who were known for their reliability, according to a New Yorker profile of Shadman.
As troop levels increased, so did Shadman's revenue. In 2009, Shadman's company billed the Department of Defense for $45 million. All told, between 2007 and 2012, Shadman's trucking company collected $167 million from U.S. government contracts, according to bank statements.
But Shadman's success was tainted. In 2012, the Department of Justice accused Shadman of fraud.
The government alleged that he had paid kickbacks to U.S. soldiers and Afghan government officials in exchange for his contracts, and that he grossly inflated his costs and billed the Defense Department for work that was never done.
There were also allegations that he transferred funds to a known Taliban ""money man.""
Shadman denied all the allegations against him, and several of the U.S. soldiers who worked with Shadman in Kandahar publicly came to his defense.
A protracted legal battle ensued, and when the case was finally settled in 2019 the United States recovered $25 million in assets.
Attempts to locate Shadman were unsuccessful.
But it wasn't just Afghans who abused the American contracting juggernaut in Afghanistan.
One of the top suppliers of fresh food to U.S. forces in Afghanistan was Netherlands based Supreme Group BV, founded by American Alfred Orenstein. The company's revenue increased 50-fold in the decade after the United States invaded Afghanistan, according to Bloomberg, which placed Stephen Orenstein -- Alfred Orenstein's son -- on its Billionaire's Index in 2013.
In 2009, Supreme Group hired the outgoing director of the federal agency that awarded its contracts, the Defense Logistics Agency, to be the director of its U.S. office.
A year later, Supreme Group was handed a multibillion-dollar, no-bid contract extension by the Defense Logistics Agency.
In 2014, Supreme Group pleaded guilty to fraud charges that included creating a fake subcontractor and billing the government for the subcontractor's fees. The company agreed to pay $389 million in fines and damages, one of the largest penalties ever imposed on a defense contractor at the time.
In the overall context of the U.S. war in Afghanistan, however, the federal cases brought against Supreme and Shadman were the exception, not the rule.
The vast majority of the contracting fraud and corruption in Afghanistan went unreported and unpunished.
The real cost of corruption
According to a Pentagon analysis, 40% of the $108 billion that the Defense Department paid to contractors in Afghanistan between 2010 and 2012 ended up in the hands of either the Taliban, the violent Islamist Haqqani terror network, organized crime rings, transnational drug traffickers or corrupt Afghan officials.
But veterans of the conflict say statistics like these can obscure what was in reality a more complicated and ethically murky situation.
In a country where roads are often controlled by tribal warlords, transporting necessary and lifesaving supplies overland to American soldiers often requires paying fees for safe passage to whichever group controls the roads. In areas of the country controlled by the Taliban, this means paying the Taliban.
Refusing to pay the warlords who controlled the roads would have almost certainly meant grave harm for soldiers and contractors.
""You could be hardcore about stuff and say, 'We're not going to pay nobody,' but, I'm telling you, you were going to get hit on the road,"" Rodney Castleman, an American employee of an Afghan trucking company, told The New Yorker.
Security trumped everything else, and the contractors who delivered goods intact and on time could charge the government whatever they wanted.
To some American officials, paying off a local strongman to guarantee safe passage seemed more reasonable than paying an American defense contractor to bomb their way across the country.
Richard Boucher, who served as assistant secretary of state for South and Central Asia during President George W. Bush's administration, which launched the war in October 2001, described two different levels of corruption.
""There is corruption that spreads the wealth and takes care of everybody, that gets to the widows and orphans,"" Boucher said in a 2015 interview with SIGAR. ""And there is the corruption that goes to my house in the Riviera.""
Afghanistan, he said, had a lot more of the former than the latter. Spending American money on Afghan contractors ensured that those dollars would ""disappear in Afghanistan, rather than in the Beltway.""
""Probably in the end it is going to make sure that more of the money gets to some villager, maybe through five layers of corrupt officials, but still gets to some villager,"" Boucher told the SIGAR team.
But what Boucher failed to factor in was the long-term toll that decades of official corruption, fueled by all the American money, would take on ordinary Afghans' already shaky faith in democratic government.
By 2006, just five years into the U.S. war, the elected government in Kabul had ""self-organized into a kleptocracy,"" said retired Army Col. Chris Kolenda in a 2016 SIGAR interview.
""The kleptocracy got stronger over time, to the point that the priority of the Afghan government became not good governance but sustaining this kleptocracy,"" Kolenda said.
It wasn't just Americans who saw this happening. High-ranking Afghan government officials did, too.
In 2010, Dr. Rangin Spanta, then-President Hamid Karzai's national security advisor, told U.S. officials, ""Corruption is not just a problem for the system of governance in Afghanistan. It is the system of governance.""
Years later, a resurgent Taliban would capitalize on this erosion of public trust by offering Afghans what looked to many like a better alternative to the kleptocracy.
Despite all the pathways along which American money traveled through Afghanistan, there was one place it never reached: the pockets of the country's poorest citizens.
After two decades of nation-building and $2.1 trillion, the economic status of ordinary Afghans has barely changed at all. According to the World Bank, Afghanistan was the sixth-poorest nation on Earth in 2020 — a ranking essentially unchanged since 2002. Income per capita was just $500.
For Crocker, the ugly truth behind America's grand reconstruction project in Afghanistan has long been evident.
""Our biggest single project, sadly and inadvertently of course, may have been the development of mass corruption,"" he told SIGAR in 2016.
Five years later, history proved him right.",WASHINGTON,2056,113,74,True,CNBC,en,https://www.cnbc.com/2021/09/10/9/11-millionaires-and-corruption-how-us-money-helped-break-afghanistan.html
2021-09-10 07:00:00,2021-09-10,"Paint is getting costlier and harder to find, and this could be just the beginning","Home improvement is getting even more aggravating as a lack of supplies and higher prices are making life more difficult for do-it-yourselfers.
Take paint, for instance — if you can find it, and afford it.
A confluence of factors, from an unusual freeze earlier this year in Texas to surging demand to ongoing supply chain issues, has created a paint shortage and a price surge.
Customers around the country are finding it tougher to get the paint they want as store owners struggle to keep product on the shelves and meet rising costs from their suppliers.
""We've had multiple price increases across the board from every manufacturer we deal with,"" said Randy Moser, owner of Buss Paints, a specialty store in Emmaus, Pennsylvania, about 53 miles north of Philadelphia in the Lehigh Valley. ""It's been this way for a while now, and it seems like it's not going to get any better over the next three to six months, either.""
The Covid-19 pandemic spurred a wave of new interest in projects around the house. From sprucing up the garden to adding swimming pools to throwing on a fresh coat of paint, these projects have had retailers facing a torrent of demand for goods.
That in itself has stretched supplies and boosted costs, but it's been more than that.
The deep freeze in the South slowed production of petroleum, a critical ingredient for paint. Shortages of other goods have clogged up supply chains, all while the demand for Chantilly lace, tricorn black and green smoke — to name three of the most popular colors – has abounded.
Sherwin-Williams is the largest paint manufacturer in the U.S. with $18.4 billion in annual revenue. Company officials have been candid in investor calls that they foresee additional ""pricing actions"" to cope with rising input costs.
""These production disruptions, coupled with surging architectural and industrial demand, have pressured raw material supply and rapidly driven prices upward,"" Julie Young, vice president of global corporate communications for Sherwin-Williams, said in a statement to CNBC.
""The pace at which capacity comes back online and supply becomes more robust remains uncertain,"" Young added. ""We have been highly proactive in managing the supply chain disruptions to minimize the impact on our customers.""
Prices, though, are rising and supplies are getting tougher to come by.
Businesses are trying to cope
Producer prices for painting and coating manufacturing rose 10.6% in August from a year ago, the biggest annual jump since January 2009. That was part of a broader boost in the producer price index, which rose at an 8.3% annual pace for the month, the sharpest increase in the metric's history back to 2010.
At the same time, sales totals have been rising. Sales at paint and wallpaper stores were up 7.8% annually in June to $1.34 billion. The pace of sales increases has slowed since reaching an all-time high in April but is nevertheless robust.
Doing business from his store in Pennsylvania, Moser has felt the cost increases in multiple ways as demand remains.
""Sure, it has impacted us, in the sense that just certain products you can't get. So you start selling certain products and then you've got to switch to another one,"" he said. ""Since the pandemic started, so many people have been painting and doing home construction along with all the other construction going on. Things were just where you couldn't handle the amount of inventory that was being pulled out.""
Smaller stores have been feeling the pinch in a way that big-box retailers have not.
Robert Muhammad at 4 Seasons Paint Store in Brooklyn, New York, said some of the bigger companies prioritize larger stores and snub smaller retailers with product availability tight. Muhammad said some of the larger manufacturers are pressing stores to sell only their products or face being cut off.
""It's really hard for small business,"" he said. ""What are you going to sell people? The people who we're looking for supply from now are only supplying the big stores.""
For consumers, it could all spell trouble in the days ahead. Paint could continue to be scarce and costly for the foreseeable future.
""If you want to do some work around the house, get in the car and buy paint now,"" AkzoNobel CEO Thierry Vanlancker told Bloomberg News earlier this week.
In its latest investor update, the Netherlands-based global paint manufacturer said pricing is set to increase significantly in the second half of 2021.
How long the disruptions will last is a matter of debate among policymakers and economists.
The debate over 'transitory' inflation
The Federal Reserve insists that the current spate of higher inflation is only temporary — ""transitory"" is the central bank's preferred term — and already is showing signs of abating. White House officials privately say that they're sensitive to rising prices but see the supply chain issues subsiding while even observing some key prices, such as hardware, lumber and building materials, falling from their peaks.
However, there are some dissenters at the Fed.
Dallas Fed President Robert Kaplan said Thursday that imbalances in supply and demand are ""going to last longer than some people are expecting,"" while companies struggling to fill job openings have to pay higher wages. Kaplan said he sees the ""broadening of price pressures into next year.""
""There's risk to the upside based on what we're seeing right now,"" he said.
Wall Street economists generally side with the transitory position, though many are now of the opinion that the current situation could indeed persist into 2022.
Morgan Stanley, for instance, expects inflation to continue higher through the first half of next year then veer into deflation for the second half. The present conditions in the paint industry represent ""the peak of raw material availability issues/cost inflation, but just the early stages of price achievement against it,"" Vincent Andrews, an equity analyst at the firm, said in a note to clients this week.
Andrews notes that a number of factors, such as the fallout from Hurricane Ida and the functioning of global supply chains for the chemical industry, will help determine how persistent inflation is for paint. Shortage in epoxies, acrylics and certain solvents and additives are the main problems now, he said.
""Companies seem to be most confidence in the current solid demand environment persisting through 2022, but are watching production levels like the rest of us as it relates to the raw material environment,"" he said.
At his paint shop in Emmaus, Moser said customers are coping with higher prices at his store the same way they are handling inflation seemingly everywhere else.
""It's all over the place, in every aspect, the grocery stores, everywhere you see it,"" he said. ""Everybody's dealing with the same problems now.""
Become a smarter investor with CNBC Pro.
Get stock picks, analyst calls, exclusive interviews and access to CNBC TV.
Sign up to start a free trial today.",,1175,51,38,False,CNBC,en,https://www.cnbc.com/2021/09/10/paint-is-getting-costlier-and-harder-to-find-and-this-could-just-be-the-beginning.html
2021-09-10 07:00:00,2021-09-10,60-year veteran of Wall Street Art Cashin reflects on 9/11 and what it took to rebuild,"A day before the 20th anniversary of 9/11, veteran trader Art Cashin reflected Friday on the impact of the terrorist attacks on Wall Street, the country and him personally.
Cashin, who has been an NYSE member since 1964, was in lower Manhattan on the morning of Sept. 11, 2001. He remained in the stock exchange building all day, even as the NYSE and Nasdaq did not open for trading, a rare occurrence, because of the attacks.
Phone service was severely impaired in Manhattan that day, but those at Cashin's post somehow remained operational, he said Friday on CNBC's ""Squawk on the Street"" from the stock exchange, his first interview there since the Covid pandemic.
""People were rushing up. I had a line that looked like a movie theater of people from Merrill Lynch and from the stock exchange saying, 'Can I please use the phone to call my wife? I can't get through to my wife. Can I call my wife?'"" said Cashin, who is now director of floor operations for UBS Financial Services. ""I was here until the end"" of the day.
Eventually, the 80-year-old Cashin recalled, he walked out into the ash-filled streets of the Financial District, where the World Trade Center's 110-story twin towers had collapsed into piles of burning debris.
""I came out and there were a bunch of guys wearing the same kinds of masks we wear now for the pandemic, catching envelopes, things falling out of the sky from the 80th floor at the World Trade Center and looking through the envelopes to see if there was money or cash,"" Cashin said. ""I was so incensed. I started to go after one of them, and my middle son, Peter, said to me, 'Dad, the point now is to get home. Forget those guys. They're garbage.'""
Cashin said he still thinks about the nearly 3,000 people killed when the four hijacked planes crashed in New York City, Washington, D.C., and in Pennsylvania. Most of the victims were in the twin towers.
""There were friends we've lost. Friends you lost, people who never got the chance to see their kids growing up, things like that. It was terribly somber,"" he said.
The U.S. stock market remained shuttered until Sept. 17, its most prolonged closure since the Great Depression.
People viewed returning to work for the reopening of the NYSE as a statement, Cashin said, a kind of patriotic defiance and strength. ""After the twin towers came down, the exchange became the No. 1 target in New York City,"" said Cashin, who is known for his daily analysis and deep understanding of market history.
Security around Wall Street is much tighter now than when Cashin began his career there, in 1959 as an assistant clerk at Thomson McKinnon. Lower Manhattan, more broadly, has become more residential in the two decades following 9/11, which Cashin said has been a welcome development and improved the liveliness of the area.
But the weeks following the terrorist attacks were dark on and around Wall Street, he said, and it had little to do with the market's performance.
""We came for the next several weeks in a somewhat depressed mode. Everybody was downbeat,"" he said. ""The only smiles south of Canal Street were in the photos on the missing persons posters that the families put up to try and find people that had not come home.""
Cashin said personal lessons from 9/11 are applicable to the current moment, as New York City and the nation work to overcome the coronavirus.
""If we get the vaccines and the variants back in order, life, hopefully, will go on,"" he said. ""Man is both a gregarious and optimistic animal, particularly if you're American. Optimism is at the soul of this nation, so when you get a terrible thing like 9/11, you pull together and say, 'OK, let's move forward.'""",,664,35,15,False,CNBC,en,https://www.cnbc.com/2021/09/10/wall-streets-art-cashin-reflects-on-9/11-and-what-it-took-to-rebuild.html
2021-09-10 07:00:00,2021-09-10,Fmr. OppenheimerFunds CEO reflects on Sept. 11,"Skip Navigation
Markets
Pre-Markets
U.S. Markets
Europe Markets
China Markets
Asia Markets
World Markets
Currencies
Prediction Markets
Cryptocurrency
Futures & Commodities
Bonds
Funds & ETFs
Business
Economy
Finance
Health & Science
Media
Real Estate
Energy
Climate
Transportation
Investigations
Industrials
Retail
Wealth
Sports
Life
Small Business
Investing
Personal Finance
Fintech
Financial Advisors
Options Action
ETF Street
Buffett Archive
Earnings
Trader Talk
Tech
Cybersecurity
AI
Enterprise
Internet
Media
Mobile
Social Media
CNBC Disruptor 50
Tech Guide
Politics & Policy
White House
Policy
Defense
Congress
Expanding Opportunity
Europe Politics
China Politics
Asia Politics
World Politics
Video
Latest Video
Full Episodes
Livestream
Top Video
Live Audio
Europe TV
Asia TV
CNBC Podcasts
CEO Interviews
Digital Originals
Watchlist
Investing Club
Trust Portfolio
Analysis
Trade Alerts
Meeting Videos
Homestretch
Jim's Columns
Education
Subscribe
PRO
Pro News
Josh Brown
Mike Santoli
Calls of the Day
My Portfolio
Livestream
Full Episodes
Stock Screener
Market Forecast
Options Investing
Chart Investing
Subscribe
Livestream
Menu
Make It
select
USA
INTL
Livestream
Search quotes, news & videos
Livestream
Watchlist
SIGN IN
Create free account
Markets
Business
Investing
Tech
Politics & Policy
Video
Watchlist
Investing Club
PRO
Livestream
Menu
watch now
Share
Share Article via Facebook
Share Article via Twitter
Share Article via LinkedIn
Share Article via Email
Squawk on the Street
Fmr. OppenheimerFunds CEO reflects on Sept. 11
John Murphy, former CEO of OppenheimerFunds, reflects on his time at the head of the company on Sept. 11.
Fri, Sep 10 2021
11:19 AM EDT
watch now
watch now
VIDEO
Dan Niles: We're going into a rate hike cycle so don't fight the Fed or the bond market
an hour ago
watch now
watch now
VIDEO
Kevin Hassett: Pres. Trump 'wholeheartedly rejects' government takeover of AI regulation
4 hours ago
watch now
watch now
VIDEO
Watch CNBC's full interview with White House National Economic Council Director Kevin Hassett
5 hours ago
watch now
watch now
VIDEO
Former Cleveland Fed Pres. Mester: No convincing evidence inflation is on downward path back to 2%
5 hours ago
watch now
watch now
VIDEO
Standard Chartered CEO Bill Winters on the ‘reckless path’ that shaped his banking career
watch now
watch now
VIDEO
Dan Niles: We're going into a rate hike cycle so don't fight the Fed or the bond market
an hour ago
watch now
watch now
VIDEO
Kevin Hassett: Pres. Trump 'wholeheartedly rejects' government takeover of AI regulation
4 hours ago
watch now
watch now
VIDEO
Watch CNBC's full interview with White House National Economic Council Director Kevin Hassett
5 hours ago
watch now
watch now
VIDEO
Former Cleveland Fed Pres. Mester: No convincing evidence inflation is on downward path back to 2%
5 hours ago
watch now
watch now
VIDEO
Standard Chartered CEO Bill Winters on the ‘reckless path’ that shaped his banking career
Load More",,466,10,176,False,CNBC,en,https://www.cnbc.com/video/2021/09/10/fmr-oppenheimerfunds-ceo-reflects-on-sept-11.html
2021-09-10 07:00:00,2021-09-10,"Kroger gets hit by higher costs, theft—even as shoppers fill up grocery carts","Kroger on Friday said shoppers filled up large baskets of groceries in the fiscal second quarter. They bought bigger items, such as 24-packs of toilet paper. And they replenished fridges frequently, as they cooked more meals at home.
The company's same-store sales, a key industry metric, were down 0.6% in the three-month period — nearly matching the heightened level of grocery sales during the year-ago period. It raised its outlook for the rest of the year.
Yet shares of Kroger — the country's largest supermarket operator — fell about 7% on Friday afternoon as investors worried about a less favorable trend: Shrinking profits and squeezed margins.
CEO Rodney McMullen said on an earnings call that ""food-at-home trends remain sticky."" He said sales grew year over year in the produce, floral, deli and bakery departments, even as it went up against challenging comparisons.
But the company is under pressure from higher supply chain costs, rising levels of theft and increasing food prices, according to Kroger Chief Financial Officer Gary Millerchip. He said the grocer must pay more for transportation and warehouse space. He said that will continue in the second half of the year.
Plus, the grocer is facing inflation. Like other retailers, Kroger has had to debate when to increase prices for customers and when to eat the cost.
Millerchip said the grocer has discounted products selectively to attract shoppers.
In a research note, J.P. Morgan analyst Ken Goldman questioned that approach. He said Kroger should pass on more of those costs to shoppers, who have gotten used to seeing higher prices everywhere and shown they aren't scared away by them.
Plus, Goldman said, Kroger's stock price may be due for a sell-off. It has already run up significantly during the pandemic and hit a record high of $47.99 last week. Shares are up about 34% this year.
McMullen said inflation has had at least one silver lining for the retailer: As shoppers see the price of some consumer packaged goods increase, some are buying similar snacks, food or beverages from Kroger's private labels.
Kroger expects it will earn $3.25 to $3.35 per share, after adjustments, in fiscal 2021, up from an earlier forecast of $2.95 to $3.10 per share. In the latest quarter, Kroger earned $467 million, or 61 cents per share, on revenue of $31.68 billion. Adjusted earnings of 80 cents a share topped estimates.",,414,23,11,False,CNBC,en,https://www.cnbc.com/2021/09/10/kroger-gets-hit-by-higher-costs-offsetting-bigger-grocery-baskets.html
2021-09-10 07:00:00,2021-09-10,NYC's Chinatown faced hard road back after 9/11,"Skip Navigation
Markets
Pre-Markets
U.S. Markets
Europe Markets
China Markets
Asia Markets
World Markets
Currencies
Prediction Markets
Cryptocurrency
Futures & Commodities
Bonds
Funds & ETFs
Business
Economy
Finance
Health & Science
Media
Real Estate
Energy
Climate
Transportation
Investigations
Industrials
Retail
Wealth
Sports
Life
Small Business
Investing
Personal Finance
Fintech
Financial Advisors
Options Action
ETF Street
Buffett Archive
Earnings
Trader Talk
Tech
Cybersecurity
AI
Enterprise
Internet
Media
Mobile
Social Media
CNBC Disruptor 50
Tech Guide
Politics & Policy
White House
Policy
Defense
Congress
Expanding Opportunity
Europe Politics
China Politics
Asia Politics
World Politics
Video
Latest Video
Full Episodes
Livestream
Top Video
Live Audio
Europe TV
Asia TV
CNBC Podcasts
CEO Interviews
Digital Originals
Watchlist
Investing Club
Trust Portfolio
Analysis
Trade Alerts
Meeting Videos
Homestretch
Jim's Columns
Education
Subscribe
PRO
Pro News
Josh Brown
Mike Santoli
Calls of the Day
My Portfolio
Livestream
Full Episodes
Stock Screener
Market Forecast
Options Investing
Chart Investing
Subscribe
Livestream
Menu
Make It
select
USA
INTL
Livestream
Search quotes, news & videos
Livestream
Watchlist
SIGN IN
Create free account
Markets
Business
Investing
Tech
Politics & Policy
Video
Watchlist
Investing Club
PRO
Livestream
Menu
watch now
Share
Share Article via Facebook
Share Article via Twitter
Share Article via LinkedIn
Share Article via Email
The News with Shepard Smith
NYC's Chinatown faced hard road back after 9/11
NBC's Vicky Nguyen reports on the trauma Chinatown felt after 9/11, and the reasons why the community was largely ignored after the towers fell.
Fri, Sep 10 2021
7:46 PM EDT
watch now
watch now
VIDEO
Dan Niles: We're going into a rate hike cycle so don't fight the Fed or the bond market
an hour ago
watch now
watch now
VIDEO
Kevin Hassett: Pres. Trump 'wholeheartedly rejects' government takeover of AI regulation
4 hours ago
watch now
watch now
VIDEO
Watch CNBC's full interview with White House National Economic Council Director Kevin Hassett
5 hours ago
watch now
watch now
VIDEO
Former Cleveland Fed Pres. Mester: No convincing evidence inflation is on downward path back to 2%
5 hours ago
watch now
watch now
VIDEO
Standard Chartered CEO Bill Winters on the ‘reckless path’ that shaped his banking career
watch now
watch now
VIDEO
Dan Niles: We're going into a rate hike cycle so don't fight the Fed or the bond market
an hour ago
watch now
watch now
VIDEO
Kevin Hassett: Pres. Trump 'wholeheartedly rejects' government takeover of AI regulation
4 hours ago
watch now
watch now
VIDEO
Watch CNBC's full interview with White House National Economic Council Director Kevin Hassett
5 hours ago
watch now
watch now
VIDEO
Former Cleveland Fed Pres. Mester: No convincing evidence inflation is on downward path back to 2%
5 hours ago
watch now
watch now
VIDEO
Standard Chartered CEO Bill Winters on the ‘reckless path’ that shaped his banking career
Load More",,477,7,176,False,CNBC,en,https://www.cnbc.com/video/2021/09/10/nycs-chinatown-faced-hard-road-back-after-911.html
2021-09-10 07:00:00,2021-09-10,Harvard University will divest itself from fossil fuels,"Harvard University will divest itself from holdings in fossil fuels, President Lawrence Bacow said Thursday.
Harvard Management Company, which oversees the university's nearly $42 billion endowment, has already been reducing its exposure to fossil fuels and has no direct investments in companies that explore for or develop further reserves of fossil fuels, Bacow said in a message posted on the university's website.
The university has legacy investments in a number of private equity funds with holdings in the fossil fuel industry. Those indirect investments constitute less than 2% of the endowment, according to Bacow.
The school has not made any new commitments to these limited partnerships since 2019 and has no intention to do so going forward, he added.
Bacow said the legacy investments are in ""runoff mode"" and will end as these partnerships are liquidated. Harvard has already committed to achieving net-zero greenhouse gas emissions across the entire investment portfolio by 2050, he said.
""Given the need to decarbonize the economy and our responsibility as fiduciaries to make long-term investment decisions that support our teaching and research mission, we do not believe such investments are prudent,"" he wrote.
The decision follows years of protests from students who have pressed Harvard to divest from fossil fuel companies.
Harvard is building a portfolio of investments in funds that support the transition to a green economy, Bacow wrote. He said the university has made investments along with the Massachusetts Institute of Technology in The Engine, a fund that, among other things, ""seeks to accelerate the development of technologies that promise to address the challenges posed by climate change.""
The university will also work to achieve ""greater transparency in the greenhouse gas footprint of all of our investment managers, along with the development of protocols for assessing and reducing the footprint for entire investment portfolios."" he wrote.
""We must continue to work with our investment managers and with industry if we are to bring about the transformation of our economy that climate change demands,"" he added.",,337,12,10,False,CNBC,en,https://www.cnbc.com/2021/09/10/harvard-university-will-divest-itself-from-fossil-fuels.html
2021-09-10 07:00:00,2021-09-10,Lower Manhattan turned into a 24/7 community after 9/11. Midtown NYC could heed this lesson post-pandemic.,"Jay Neveloff recalls sitting in his office on 55th Street and Third Avenue in New York City, the morning of Sept. 11, 2001, as he prepared for a meeting with real estate tycoon Sam Zell to negotiate a deal on a building in Chicago.
The commercial real estate attorney, now chairman of Kramer Levin's real estate practice, remembers looking out the window shortly before 9 a.m. and seeing a plume of smoke coming out the side of one of the Twin Towers at the World Trade Center. A hijacked plane had rammed into the North Tower at 8:46 a.m. Seventeen minutes later, a second would smash into the South Tower.
The next several hours, the 70-year-old Neveloff recalls, were the most surreal experience of his life, as he scrambled to meet up with his wife and son. He joined the thousands of others running around Manhattan and the surrounding boroughs in search of loved ones. For the next few days, he said, it felt like not just New York City but the entire world had shut down. Nearly 3,000 people were killed that Tuesday.
The implications were sweeping, particularly for Neveloff's industry.
Nearly 15 million square feet of office space was destroyed in the 9/11 attacks, according to commercial real estate brokerage CBRE. The ensuing chaos disrupted the more than 400,000 public and private employees who commuted into the area daily.
""It was barren,"" Neveloff said. ""They tried to convert a number of office buildings to residential, but even getting into the central district was barricaded for a while. They were giving away rent. They were just giving away the apartments.""
Many vowed they would never enter a skyscraper, let alone return to lower Manhattan. Some office tenants fled. Businesses closed up shop. But in the past two decades, those fears have diminished. The neighborhood has grown into a 24-7 community from what used to be a 9-to-5 financial hub. Downtown New York City is home to a bigger retail scene, a diverse mix of office tenants including Big Tech, and a residential population roughly double what it was in 2001.
While the Covid-19 pandemic has derailed some of downtown's momentum, real estate executives say the neighborhood is resilient. They reflect on how the town rebounded post-9/11 to guide their work today. And the lessons can be applied to developments elsewhere, including midtown New York City, which is reeling today from the Covid health crisis.
""When 9/11 happened, I swore to myself I'd never go back downtown again. It was sort of the end,"" said Saul Scherl, president of the New York tri-state region at the real estate developer Howard Hughes Corp. ""Who would have imagined that I'd be going down there to redevelop and run the Seaport.""
Howard Hughes recently received approval for its latest blueprints to transform the South Street Seaport Historic District, which runs along the East River and sits parallel to the World Trade Center site. In 2010, the Texas-based developer signed a long-term ground lease with the city for a significant portion of the Seaport. It's in the midst of constructing a community space, office suites and apartments at 250 Water St.
""What we've seen since 9/11 is really a reprogramming and a revisioning of all the sites of lower Manhattan and how they came back ... all the way from the Oculus, to the way Brookfield has redeveloped, to where we developed some of the parks,"" Scherl said. ""When you walk around, you see a lot of people living there.""
Many more people, in fact. About 33,000 people resided downtown at the end of 2000, according to Census Bureau data. It's closer to 64,000 today, according to an estimate from the Alliance for Downtown New York. The nonprofit group said there were 341 residential buildings at the end of the second quarter, compared with 188 before the 2001 attacks.
The growth is, in large part, thanks to a major rezoning push. Developers and political leaders saw an opportunity to turn a surplus of unused office space downtown into residences that would lure families and fuel the local economy.
""If you go back to the early '90s, lower Manhattan, from a commercial point of view, was really on its heels,"" said James Whelan, president of the Real Estate Board of New York. ""There was a tremendous amount of vacant space, and folks were very pessimistic about its future as as a commercial hub.""
A 1995 tax abatement program incentivized converting office space into residential units, and that helped the revitalization, Whelan said. Some 19.7 million square feet of space has been converted to residential use since 1995, and 76% of those conversions have transpired since 2001, according to data from CBRE.
""To me, downtown is almost busier than midtown now,"" Scherl said. ""It feels so great to see it not only survived, but strengthened to some extent.""
Charting a new course
Six weeks before the attacks, Silverstein Properties Chairman Larry Silverstein signed a 99-year lease on the 10-million-square-foot World Trade Center in a $3.2 billion deal. The now-90-year-old Silverstein had been planning to retire. But when the Twin Towers collapsed into piles of debris, he put those plans on hold and vowed to rebuild.
Ten days later, Silverstein held a press conference. He said he planned to construct four 50-story towers at the World Trade Center site. The company held its first meeting a few days later with architects to rebuild 7 World Trade Center, which ended up being the first building to reopen, in May 2006.
""Our role in it was the huge commercial piece, and getting people to realize that we had to rebuild and just pounding our fists on the ground,"" said Silverstein Properties CEO Marty Burger, who joined Silverstein Properties in 2010 and was named its CEO in January 2014. ""As Larry Silverstein would say, 'You can't make this a tomb. It's going to be a memorial, but we have to rebuild this.'""
In 2013, 4 World Trade Center opened, followed a year later by One World Trade Center (also known as the Freedom Tower), and 3 World Trade Center in June 2019. Silverstein expects to finish work on 2 World Trade Center, an office tower, and 5 World Trade Center, a residential building, in coming years.
To date, the public and private sectors have invested roughly $25 billion in reconstruction, according to the Port Authority of New York and New Jersey, which owns the land that Silverstein leases.
Brookfield Properties in 2015 opened Brookfield Place, a 5-million-square-foot complex that formerly was the World Financial Center. When Brookfield acquired the landlord Olympia & York in 1996, it assumed control of the World Financial Center, One Liberty Plaza and other properties downtown. The shopping portion of Brookfield Place is now home to many luxury retailers including Gucci and Louis Vuitton, as well as Peloton.
""At Brookfield Place, we're constantly looking at what's working, what's not working and what the community is looking for,"" said Callie Haines, executive vice president and head of the New York and Boston regions for Brookfield Properties. ""It's a constant dance of what the changing needs are and how we can complement them.""
Mall owner Unibail-Rodamco-Westfield had simultaneously won the bid with Silverstein in 2001, whereby it would take over all retail leasing at the World Trade Center site.
After the 9/11 attacks, however, the landlord (then Westfield) backed out of its deal for several years over disagreements about plans for the property. Westfield later entered into another agreement with the Port Authority to run the retail, including at the Fulton Center subway complex.
What is today known as Westfield World Trade Center opened in 2016. The focal point of the subterranean shopping mall is the 160-foot-tall Oculus, designed in a way that's meant to resemble a dove being released from a child's hands. Its tenants include Eataly, Apple and H&M.
Brookfield and Westfield have played a huge part in drawing retailers and restaurants to lower Manhattan. CBRE counted 1,272 retail shops downtown prior to the pandemic, compared with the 861 that existed before 9/11.
Mary Ann Tighe, chief executive of the tri-state region of CBRE, led leasing efforts around the World Trade Center buildings for a number of years. She famously represented Conde Nast, owner of Vogue, The New Yorker and GQ, when the media conglomerate agreed in 2011 to lease 1 million square feet of space at One World Trade Center, giving ground zero a corporate anchor and spurring a wave of deals to follow.
As Burger recalled, Silverstein Properties then landed Spotify as an anchor at 4 World Trade Center, with Tighe's help, signaling to technology companies that ""it's OK to be down here,"" he said. ""It just fed on itself from there.""
Today, the World Trade Center buildings count the global consulting giant McKinsey & Co., Smirnoff vodka owner Diageo and ride-hailing company Uber as office tenants, among others.
""The underlying narrative around 9/11 was that no one would ever want to live in a skyscraper in New York City,"" Tighe said. ""But I believe it took 18 months for New Yorkers to forget about being in a skyscraper.""
""Among the lessons we should take away from the post-9/11 recovery downtown is the magic that made it come back,"" she added. ""The residential community was integrated into the office environment, and suddenly people could walk to work. It was a great thing.""
To be sure, tenants will always come and go. And the pandemic has only accelerated the rate at which businesses are rethinking their commitments to office space. Conde Nast, for example, is reportedly eyeing reducing its space at One Trade Center.
Working through a pandemic
Nearly two decades after 9/11, the Covid pandemic brought new anxieties around entering office spaces and crowded subway trains. Today, real estate executives in New York City draw parallels between the terrorist attacks and the health crisis. Though very different, there is a shared narrative around a recovery that lies ahead.
""We went pretty quickly into what people thought was going to be a depression, essentially, post-9/11,"" said Jeff Blau, CEO of Related Companies, which owns and operates luxury New York City apartments and Hudson Yards. ""And I would say within a year, you started to see a pretty quick recovery ... and probably one of the biggest growth spurts we've ever had as a city.""
Many expect Manhattan's recovery from the Covid pandemic will be pegged to people returning to offices. The traffic in and out of areas like midtown and the financial district, Monday to Friday, feeds the retail shops and restaurants nearby. Business lunches and drinks after work are largely still on pause, and the local economy has suffered as a result.
More than 1 in 5 employees (22.3%) in the New York metro area returned to the office the week of Aug. 25, according to a tracking by Kastle, an office security firm. That was up from 21.8% the previous week. But the percentage of key swipes into offices in New York is below a national average of 33.1%, which Kastle's calculates from weekday activity of more than 2,600 buildings across 10 major metro areas.
According to Peter Riguardi, president of JLL's New York tri-state region, the slowest market to recover in the city has been midtown — especially its eastern end — thanks to a glut of office towners. Vacant office space in midtown reached a record 47.4 million square feet in the second quarter, or 19% of total space, according to data from Cushman & Wakefield real estate services.
But Riguardi sees an opportunity in the coming years to create more residential space in midtown, just as there was an opportunity to do so downtown, following 9/11. And that's what could help turn the middle of Manhattan into more of a 24-7 community, rather than an office hub, he said.
""Can we energize midtown East, a little bit like downtown was energized? I think that there's a high probability that happens in the next five years,"" Riguardi said.
The delta variant of the coronavirus threatens to slow progress, at least for another few months. Several businesses have already pushed return-to-office plans into 2022. But for some, it's just another blip to work through.
""Over the last 30 years, there's been a lot of bumps in the road,"" said Bill Rudin, co-chairman and CEO of Rudin Management. ""But at the end of the day — even now we have Covid — and people are still living in lower Manhattan.""
Downtown hasn't been immune to challenges during the health crisis. Office space leasing totaled just 2.25 million square feet last year, down 70% from 2019. That was worse than after the 2008-09 financial crisis, according to the Alliance for Downtown New York. And more than 160 retail businesses, or 12% of the neighborhood's total, permanently closed.
But more recently, there have been glimmers of progress. During the second quarter, 519,000 square feet of office space was leased in lower Manhattan, marking the highest quarterly total since the pandemic began, according to CBRE data. Median apartment rents rose 24% from a record low in the prior quarter, to $3,722, returning to pre-pandemic levels, the Douglas Elliman real estate company said.
""People always say the same thing after something bad happens, that no one is ever going to come back to New York,"" Silverstein Properties' Burger said. ""They said it after 9/11. They said it after Hurricane Sandy. And we always say the same thing, 'Never bet against New York.'""",,2341,108,47,True,CNBC,en,https://www.cnbc.com/2021/09/10/how-lower-manhattan-turned-into-a-24/7-community-after-9/11-attacks.html
2021-09-11 07:00:00,2021-09-11,How the Sept. 11 terrorist attacks forever changed air travel,"More than a fifth of the U.S. population is too young to remember what air travel was like before Sept. 11, 2001.
Passengers' loved ones used to be able to greet and bid them farewell at the gate. Travelers weren't required to take off their shoes and belts or remove liquids from carry-on luggage before going through checkpoints, let alone wait in long security lines. It was years before airlines charged passengers to check their bags or select a seat, though average domestic fares are cheaper today.
The entire industry, from airport security to flight attendant training to even the number of airlines in existence, was reshaped by the deadliest terror attack in U.S. history. That clear, blue morning in late summer, 19 hijackers turned four Boeing jetliners — two American Airlines and two United Airlines planes —into missiles. They crashed two of them into the World Trade Center and one into the Pentagon. The fourth crashed in a field in southern Pennsylvania. Nearly 3,000 people were killed in the attack.
Industry shock
Commercial flights were halted for several days. Airline executives pondered the industry's future.
""We immediately grounded all our airplanes,"" said David Neeleman, founder and then-CEO of JetBlue Airways, at that point a new carrier that debuted 19 months before 9/11. ""We had planes landing in the Carolinas, Kansas. Our CFO was at the printer. He was proofing the prospectus for our IPO.""
Watching the events unfold, ""I started thinking: Why would anybody want to travel again with this going on?""
Global passenger traffic recovered but it took two years, as travelers were reluctant to fly and business travel demand plunged because of the attacks and a recession.
U.S. airlines lost $8 billion in 2001. The industry wasn't profitable again until 2006. Losses topped $60 billion over that five-year period and airlines again lost money in 2008 during the Great Recession. Job cuts in the wake of 9/11 were in the tens of thousands and workers faced massive pay cuts. Only the Covid pandemic has threatened more jobs but a record $54 billion federal bailout prohibited airlines from laying off staff.
U.S. airline employment even before the pandemic still hadn't recovered to the 2001 peak.
Consolidation and fees
The financial turmoil sparked a wave of bankruptcies and consolidation among airlines that left four carriers, American, United, Delta Air Lines and Southwest Airlines in control of about three-quarters of U.S. commercial air travel market by 2018.
In the years after 9/11 several major airlines stopped serving free meals and instead started selling food, and charging customers to check bags to help offset higher fuel costs and other financial strain. During a 10-year profit streak that was stopped by the Covid-19 pandemic last year, airlines carved up the coach cabin into smaller classes, began charging for certain seats, even those without extra legroom, as well as early boarding and other perks.
Legroom was reduced as more seats were added to planes to maximize revenue. Airlines generated billions of dollars from passenger fees in recent years, but between 1999 and 2019, the average price of a domestic itinerary fell from $530 to $323, when adjusting for inflation, according to the Department of Transportation.
""There's enormous consumer demand for the services that airlines provide and that's true today even during Covid,"" said Gary Kennedy, who was general counsel at American Airlines from 2003 until 2014. ""Yet through so much of the airline industry history to translate that into a profit has been difficult.""
Security overhaul
Airport security was handled by private contractors before Sept. 11 and was lax compared with the years after the attacks, with little scrutiny of checked luggage. Travelers passed through metal detectors and friends and family could accompany them to the gate. Airport passenger screenings for weapons or firearms that were federally-mandated in 1973 were aimed at thwarting hijackings, which were far more common in the 1960s and early 1970s.
Airlines told passengers to arrive 15 to 30 minutes earlier than usual for the new screenings, according to a January 1973 article in the New York Times.
Fast-forward to 2001 and little had changed. The knives and boxcutters that the hijackers brought on board on Sept. 11, 2001 went through checkpoints easily; they weren't prohibited.
After the attacks, in November 2001, then-President George W. Bush signed the Aviation and Transportation Security Act, which created the Transportation Security Administration, handing passenger screening over to federal employees. It also added more Federal Air Marshals.
Passengers were then prohibited from bringing knives, razor blades and other sharp objects in the cabin.
""The system on 9/11 was fundamentally the same one we started with in '73,"" said Jeff Price, who teaches aviation safety management at Metropolitan State University of Denver and was airport director at Rocky Mountain Metropolitan Airport on Sept 11, 2001. ""I look at the system today like a piece of Swiss cheese where there's certain gaps in it. I look at the pre-9/11 system as just a gigantic hole right in the middle of the cheese. It amazed me that no one exploited it in the two decades prior to that.""
A hijacking hasn't occurred on U.S. soil since 9/11. Security threats have changed, and so have screening procedures. Foiled plots like the 2001 ""shoe bomber"" attempt forces most travelers to remove their shoes at checkpoints. Liquids and gels, with the exception of small containers, aren't allowed in carry-on bags after British officials stopped a terror plot to bring liquid explosives on flights in 2006.
Travelers that opt to pay for pre-screening services like TSA's PreCheck undergo a background check and can bypass some of the checkpoint screening procedures.
Price said the current screening system partially aims to deter terrorists.
""You need both: actual security measures and you also need to get away with a little security theater to help with deterrence,"" he said.
The TSA has faced criticism in recent years after the Department of Homeland Security's watchdog in 2015 found agents missed test weapons 95% of the time. TSA agents at airports last year caught 3,257 firearms, double the rate of 2019.
TSA Administrator David Pekoske defended the agency.
""Our system is much more risk-based and intelligence focused than it was in 2002,"" he said in an interview. ""We continue to make improvements every day.""
Price says threats are evolving, to include cybersecurity issues and drones.
Flight attendants' changed profession
The 9/11 attacks had a profound impact on flight crews. Eight pilots and 25 flight attendants were working the four flights that were hijacked.
Ken Diaz, United chapter president of the Association of Flight Attendants-CWA labor union remembers checking in for a flight he was working to Chicago from Newark Liberty International Airport the morning of 9/11. Some of his friends were crew members on Flight 93, which crashed near Shanksville, Pa.
Sara Nelson, international president of the union, which represents some 50,000 cabin crew members at more than a dozen airlines, said she and a colleague, when they returned to flying later in September 2001, placed their hands around their necks during takeoff so that potential hijackers wouldn't slit their throats ""and they would get our hands instead.""
Julia Simpson, who was a Boston-based flight attendant at American Airlines at the time, said the airline allowed flight attendants to schedule themselves with friends in the months after the attacks for added emotional support.
More than 40% of United's flight attendants were hired after 9/11, as were more than a third of American's. But Nelson said flight attendant training is still informed by those events.
""By the time they get their wings it's fundamental to the training they've had,"" she said, who started as a flight attendant at United in 1996.
Diaz said there are new procedures, including notifications to crews for when a pilot exits the flight deck to use the lavatory. Flight attendants are also more dispersed throughout the cabin during boarding.
But demands on flight attendants have grown over the years. Airlines cut staffing to federal minimums on many flights, at first domestically, and later internationally. Diaz said a Boeing 757 is generally staffed with four flight attendants, down from six in the 9/11 era.
Airlines are also more careful about capacity and planes fly fuller. In January 2000, typically a weak-demand month, U.S. flights were about 63% full. In January 2020, just before the pandemic they were 80% full.
""Because of the plane being more full right now they would jump to help a flight crew in need of assistance,"" said Diaz, adding that ""all the airlines have cut staffing so there's more of a workload on each flight attendant.""
Nelson argues that airlines have to do more to beef up flight attendant training. The TSA started offering self-defense classes after 9/11, but they remain optional and flight attendants have to pay for transportation and take them on their own time.
Classes resumed recently after a Covid hiatus, and unions say interest has shot up, partly because of a surge in unruly, and sometimes violent passenger behavior over the past year.
Asked if there is ever a time when she doesn't think about 9/11 when she starts working a flight, Nelson replied: ""Never.""
--CNBC's Phil LeBeau and Nate Rattner contributed to this article.",,1598,82,45,False,CNBC,en,https://www.cnbc.com/2021/09/11/how-9/11-forever-changed-air-travel.html
2021-09-11 07:00:00,2021-09-11,California's battle with climate change is at stake in Tuesday's recall election,"California voters will decide whether to remove Democratic Gov. Gavin Newsom in a Sept. 14 recall election. While Newsom has taken only moderate actions to curb climate change, replacing him could result in a rollback of green policies such as phasing out fracking and gasoline-powered vehicles, and would have national implications for efforts to slash greenhouse gas emissions.
There are 46 challengers running to unseat Newsom. Of the 24 Republican candidates on the ballot, many want to roll back the state's ambitious plans to address climate change and transition to cleaner energy.
Newsom will be removed from office if more than 50% of voters choose to recall him. The governor appears increasingly likely to hold onto his seat, with polls in the last few weeks showing that voters favor keeping him in office.
Conservative radio host Larry Elder, a supporter of former President Donald Trump who has consistently spread climate misinformation, has emerged as the clear front-runner if Newsom loses.
Elder has said that he seeks to ""stop the war on oil and gas"" and argues that ""global warming alarmism is a crock."" He has also repeatedly denied the role of climate change in California's worsening wildfire season, instead blaming the blazes on a lack of forest management.
During an interview with ABC News in the Caldor Fire zone in Northern California, Newsom pushed back on Elder's comments on climate, arguing his opponent ""doesn't know what the hell he's talking about when it comes to the issue of climate and climate change.""
Another top candidate, GOP businessman John Cox, has argued the state should produce more natural gas and become the ""Saudi Arabia of the West,"" and has maintained that climate regulations have increased costs in the state.
""Between wildfires, dirty air and drought, our state is in a near-constant state of emergency,"" said Victoria Rome, California government affairs director at the Natural Resources Defense Council Action Fund. ""We absolutely do not have time to waste with an anti-science governor.""
What a new governor could do
A new governor would be unlikely to dismantle any major climate legislation in California, especially given the Democratic state legislature and the gubernatorial re-election in 2022. Still, a great deal of California's climate policy is achieved through executive order and administrative action, both of which a new governor could change or reverse.
""While a new governor would not be able to mount a legislative attack on California climate policy, they would be able to slow down, redirect and even reverse the implementation of California climate policy,"" said William Boyd, a professor at UCLA's Institute of the Environment and Sustainability.
""At a minimum, we would be looking at a year of potentially dramatic changes in the scale and pace of implementation, which would likely lead to litigation and gridlock until the next election,"" Boyd said. ""Losing a year or more is not something we can afford given the accelerating climate crisis.""
California, the fifth-largest economy in the world, has implemented some of the most aggressive plans to transition away from fossil fuel production to cleaner energy. Much of the necessary legislation has been in place for years.
The plans include an order for the state's air resources board to cut emissions by 40% by the end of the decade, a requirement for utilities to get all their energy from clean sources by 2045 and a requirement that all trucks sold in the state must be zero-emissions by 2045.
As California grapples with worsening wildfires, water shortages and a historic drought, Newsom has faced mounting pressure to act more aggressively on climate change.
The governor has signed executive orders to require all new cars to be electric by 2035 and to ban new fracking permits by 2024. The Newsom administration also recently adopted a building code to transition new buildings off fossil fuels to clean energy sources. Additionally, California last year became the first state to commit to protect 30% of land and coastal waters by 2030.
Steve Weissman, the director of the Center for Law, Energy and the Environment at UC Berkeley, said that while Newsom has been a ""stay-the-course"" governor with respect to climate change, having an ""Elder-style Republican"" in office could lead to an increase in the number of conservative judges who may oppose key climate policy.
""If it led to a potential re-election, the impact on California climate and environmental policy would be devastating and potentially irreversible,"" Weissman said.
""This could slow climate policy nationwide and around the world,"" he continued. ""It is hard to overstate the damage this could do.""
In addition to rolling back Newsom's orders on issues like clean vehicles, conservation and oil and gas production, a new governor could also withdraw from inter-state agreements, such as the fifteen-state bipartisan memorandum of understanding that commits to reach net-zero emissions from new truck and bus sales by mid-century.
A new governor could also appoint new leaders to organizations that push forward climate initiatives, as well as stall or slash funding for conservation or clean energy projects.
Richard Frank, a professor of environmental law at UC Davis, said a new governor who is hostile to existing climate initiatives could ""starve"" some of the key implementing agencies and appoint members who are not as dedicated to reducing greenhouse gas emissions.
""This could have a significant impact on slowing down if not reversing aggressive climate change mitigation policies,"" Frank said.",,921,30,23,False,CNBC,en,https://www.cnbc.com/2021/09/11/california-recall-vote-newsom-whats-at-stake-for-climate-policy.html
2021-09-11 07:00:00,2021-09-11,Biden commemorates 9/11 anniversary with stops at all three attack sites,"President Joe Biden will commemorate the 20th anniversary of the Sept. 11 attacks on the United States on Saturday by visiting each of the sites where hijacked planes crashed in 2001, seeking to honor the victims of the devastating assault.
Biden will begin the day in New York, where he will attend a ceremony at 8:30 EDT at the site where the World Trade Center's twin towers once stood before planes struck the two buildings and caused them to collapse.
Then he will travel to Shanksville, Pennsylvania, where United Flight 93 crashed into a field after passengers overtook the hijackers and prevented another target from being hit.
Finally Biden will return to the Washington area to visit the Pentagon, the symbol of U.S. military might that was pierced by another of the planes that were used as missiles that day.
The anniversary comes shortly after the end of the U.S.-led war in Afghanistan, launched some 20 years ago to root out al Qaeda, which carried out the 9/11 attacks.
Biden's withdrawal of U.S. troops in August, months after a deadline set by his Republican predecessor, Donald Trump, and the resulting rapid fall of the country to the Taliban has drawn criticism from members of both political parties.
Biden is not scheduled to deliver remarks at any of the sites, but he released a video on Friday to express his condolences to the loved ones of the victims and highlight the national unity that resulted, at least initially, after 9/11.
""It's so hard. Whether it's the first year or the 20th, children have grown up without parents and parents have suffered without children,"" Biden said.
Read more: 60-year veteran of Wall Street Art Cashin reflects on 9/11 and what it took to rebuild
The president noted the heroism that was seen in the days following the attacks.
""We also saw something all too rare: a true sense of national unity,"" Biden said.
Biden, a Democrat, pledged to build up such unity after he came into office earlier this year, but the country remains deeply divided politically.
U.S. presidents often travel to one of the three attack sites on the 9/11 anniversary but it is unusual to go to all three of them on the same day.
""The president felt it was important to visit each of these three sites to commemorate the lives lost, the sacrifices made on a day that has impacted millions of people across the country but certainly many people in those communities,"" White House spokeswoman Jen Psaki said on Friday.
Biden is comfortable in the role of consoler-in-chief after suffering tragic family losses himself.
""No matter how much time has passed, and these commemorations bring everything painfully back, as if you just got the news a few seconds ago. And so on this day, Jill and I hold you close in our hearts and send you our love,"" he said in the video remarks, referencing his wife, Jill Biden.
Last month, many families of 9/11 victims asked Biden to skip 20-year memorial events unless he declassified documents they contend will show Saudi Arabian leaders supported the attacks. Last week the president ordered the Department of Justice to review documents from the FBI probe into the attacks for declassification and release.",,562,23,17,False,CNBC,en,https://www.cnbc.com/2021/09/11/biden-commemorates-9/11-anniversary-with-stops-at-all-three-attack-sites.html
2021-09-11 07:00:00,2021-09-11,Adm. James Stavridis reflects on the 9/11 Pentagon attack,"Skip Navigation
Markets
Pre-Markets
U.S. Markets
Europe Markets
China Markets
Asia Markets
World Markets
Currencies
Prediction Markets
Cryptocurrency
Futures & Commodities
Bonds
Funds & ETFs
Business
Economy
Finance
Health & Science
Media
Real Estate
Energy
Climate
Transportation
Investigations
Industrials
Retail
Wealth
Sports
Life
Small Business
Investing
Personal Finance
Fintech
Financial Advisors
Options Action
ETF Street
Buffett Archive
Earnings
Trader Talk
Tech
Cybersecurity
AI
Enterprise
Internet
Media
Mobile
Social Media
CNBC Disruptor 50
Tech Guide
Politics & Policy
White House
Policy
Defense
Congress
Expanding Opportunity
Europe Politics
China Politics
Asia Politics
World Politics
Video
Latest Video
Full Episodes
Livestream
Top Video
Live Audio
Europe TV
Asia TV
CNBC Podcasts
CEO Interviews
Digital Originals
Watchlist
Investing Club
Trust Portfolio
Analysis
Trade Alerts
Meeting Videos
Homestretch
Jim's Columns
Education
Subscribe
PRO
Pro News
Josh Brown
Mike Santoli
Calls of the Day
My Portfolio
Livestream
Full Episodes
Stock Screener
Market Forecast
Options Investing
Chart Investing
Subscribe
Livestream
Menu
Make It
select
USA
INTL
Livestream
Search quotes, news & videos
Livestream
Watchlist
SIGN IN
Create free account
Markets
Business
Investing
Tech
Politics & Policy
Video
Watchlist
Investing Club
PRO
Livestream
Menu
watch now
Share
Share Article via Facebook
Share Article via Twitter
Share Article via LinkedIn
Share Article via Email
The News with Shepard Smith
Adm. James Stavridis reflects on the 9/11 Pentagon attack
Former NATO Supreme Allied Commander James Stavridis reflects on the Pentagon attack on 9/11.
Sat, Sep 11 2021
9:54 AM EDT
watch now
watch now
VIDEO
Dan Niles: We're going into a rate hike cycle so don't fight the Fed or the bond market
an hour ago
watch now
watch now
VIDEO
Kevin Hassett: Pres. Trump 'wholeheartedly rejects' government takeover of AI regulation
4 hours ago
watch now
watch now
VIDEO
Watch CNBC's full interview with White House National Economic Council Director Kevin Hassett
5 hours ago
watch now
watch now
VIDEO
Former Cleveland Fed Pres. Mester: No convincing evidence inflation is on downward path back to 2%
5 hours ago
watch now
watch now
VIDEO
Standard Chartered CEO Bill Winters on the ‘reckless path’ that shaped his banking career
watch now
watch now
VIDEO
Dan Niles: We're going into a rate hike cycle so don't fight the Fed or the bond market
an hour ago
watch now
watch now
VIDEO
Kevin Hassett: Pres. Trump 'wholeheartedly rejects' government takeover of AI regulation
4 hours ago
watch now
watch now
VIDEO
Watch CNBC's full interview with White House National Economic Council Director Kevin Hassett
5 hours ago
watch now
watch now
VIDEO
Former Cleveland Fed Pres. Mester: No convincing evidence inflation is on downward path back to 2%
5 hours ago
watch now
watch now
VIDEO
Standard Chartered CEO Bill Winters on the ‘reckless path’ that shaped his banking career
Load More",,466,8,176,False,CNBC,en,https://www.cnbc.com/video/2021/09/11/adm-james-stavridis-reflects-on-the-911-pentagon-attack.html
2021-09-11 07:00:00,2021-09-11,"‘We were naive’: Ex-CIA, military and diplomatic veterans reflect on lessons learned, 20 years after 9/11","Saturday marks the 20th anniversary of the Sept. 11, 2001 attacks that took 2,977 lives and changed the world forever. It permanently altered the security landscape in the United States and elsewhere, forcing governments to completely overhaul their defense strategies, policies and counterterrorism tactics.
Twenty years on, events in the very country that harbored the perpetrators of the 9/11 attacks — Afghanistan — have seen the War on Terror come eerily full circle.
The collapse of Afghanistan following the U.S. troop withdrawal, and its takeover by the Taliban — the group that hosted al-Qaeda as it plotted its attacks on the West — for many represents a symbolic and devastating failure.
In the last two decades of the war against terrorism, millions of lives have been lost and trillions of dollars spent. CNBC spoke to CIA, military and diplomatic veterans of the ongoing War on Terror, asking what they feel America has learned — and failed to learn — since Sept. 11, 2001.
What have we learned since 9/11?
Nada Bakos, former CIA analyst
""Honestly, I don't think we've learned that much; I think we're probably destined to be making some of those mistakes again. But hopefully we're done with giant occupations of other countries.
""I hope that we have gotten to the point now where we understand that we can't spread our democracy and rebuild other countries in our model, in a way that we were naive enough to think would work at that time.""
Jay, former U.S. Marine and Afghanistan war veteran
""We've learned that 20 years of war has made us the best in the world at small unit tactics, but continuing to fight insurgencies is none of our business.
I think the consequence (of Afghanistan) is nobody's going to be rushing to intervene. Anywhere. Until the trauma of this has all disappeared.William PateyFormer U.K. Ambassador to Afghanistan and Iraq
""I think many Americans have learned not to trust their government. 'Leadership' lied to the American public for 20 years, while the actual situation on the ground in Afghanistan was no mystery to the people who served there. This has gone on for two decades as senior 'leadership' moves from the military or government into high-paying defense contractor jobs.""
""Here's the scary thing though: I don't think the general public has learned anything. They haven't been invested in the GWOT [Global War on Terrorism] on a large scale. If they had been, they would be demanding accountability for the entire thing, with the debacle in Kabul as the catalyst.""
Jay requested his last name be withheld due to professional restrictions on speaking to the press.
Merging terrorism with religion was the biggest mistake I think that was made. We created enemies which were not there.Sayed Jalal KarimFormer Afghan ambassador to Saudi Arabia
William Patey, former U.K. ambassador to Afghanistan and Iraq
""We certainly learned the limitations on the use of force in dealing with a problem such as global terrorism — we've learned it's more complicated, and that liberal democracies are not very good at devoting the necessary time and resources to doing the work. They are impatient, and their political horizons are very short.
""What we've also learned since 9/11 is that the radical Islamist threat remains as potent as ever, it hasn't gone away. And importantly, we've learned that radical Islamist ideology is not Islam. It's different.""
""We continue to have things like war on terrorism, war on drugs. These are wars that fail. These are ongoing societal and ideological questions that need complex, difficult policies that are not easily dealt with by something as simple as war.""
Bruce Riedel, former CIA analyst and National Security Council member
""It's what we have not learned in 20 years that stands out. We can not effectively control the terror threat without addressing its root cause: the Palestinian conflict and the occupation.
Listen to our enemies, Usama bin Laden, and listen to our friends, King Abdallah II: they both say the same truth which is the Palestinian issue is the core of the conflict.""
Sayed Jalal Karim, Afghan diplomat and former ambassador to Saudi Arabia
""I think the intention that the U.S. had was a good intention, because the 9/11 attack was a horror to all. I believe that the overall war against terrorism is a justified cause.
""But merging terrorism with religion was the biggest mistake I think that was made. We created enemies which were not there.""
Cole T. Lyle, former U.S. Marine and Afghanistan war veteran and former Senate military advisor
""In the past twenty years, we've re-learned that the U.S. military cannot be defeated at the tactical or, with rare exceptions, the operational level of warfare. But the United States can be defeated at the strategic one.""
Fragile or failed states are hotbeds for terrorism, and I do think that we have created new hotbeds.Tracy WalderFormer officer, CIA counterterrorism center
""Foreign and defense policymakers in DC need to start thinking longer-term about America's strategic interests globally instead of choosing what is in their best interests short-term. The American people need to demand that their elected representatives have a firm grasp on strategic end-states in any major conflict going forward.""
Is the world a safer place today?
Tracy Walder, former officer, CIA Counterterrorism Center
""9/11 forced us to deal with a war of ideas rather than war of people or conquering territory and land. I think we are safer in that we have a better understanding of that.
""However, we have created some instability in countries because of things that we have done there since September 11. Fragile or failed states are hotbeds for terrorism, and I do think that we have created new hotbeds as a result of that.""
Nada Bakos, former CIA analyst
""I think we've ebbed and flowed as far as safety. The U.S. government has caught people planning attacks and stopped them before they're able to take action, since 9/11.
""I do think in some ways we are safer, I think in other ways our actions have created obviously a lot more chaos and harm and — ISIS. I mean, let's be realistic, we would not have ISIS had we not invaded Iraq. We wouldn't have al-Qaeda in Iraq.""
Sayed Jalal Karim, Afghan diplomat and former ambassador to Saudi Arabia
""I do not believe that we are more unsafe now, but we could have been in a much better position, if we had balanced the fight against terrorism from all different aspects — education, economy, mentality, instead of only military — and not merged terrorism with religion.""
William Patey, former U.K. ambassador to Afghanistan and Iraq
""It manifestly has been safer for the United States where they have not had a serious terrorist attack in the mainland United States for 20 years. But Europe and the Middle East have seen more terrorist attacks ... The threat has now dispersed across the world.
""We've got better intelligence defenses; it's much more difficult for terrorists to mount complex attacks of the sort that 9/11 was ... but this ideology is still able to produce homegrown people willing to do unspeakable things. And indeed, the Taliban takeover of Afghanistan will probably have encouraged these people.
""The nature of the threat has changed - it's less concentrated and more dispersed all over the world. The radical Islamist franchise is alive and well.""
Ahmad Wardak, Afghanistan expert and former Kabul-based journalist
""I think the United States is much weaker than it was 20 years ago, primarily because of the two wars it fought unsuccessfully. And if we go to pre-9/11, the Middle East was relatively peaceful.
""If you look at failed states, as a result of the U.S. invasions in the Middle East and Afghanistan, so many of these failed states are prone to terrorist organizations. That is a fear for national security.""
My heart hurts. It hurts for the people of Afghanistan who haven't known real peace in decades... it hurts for my country, whose national honor has suffered.Cole T. Lyleformer U.S. Marine and Afghanistan war veteran
""I think the world is not in a better place than before 2001. Now the U.S. and its allies in the Middle East are in a much more vulnerable position with Iran being a regional hegemon — in the absence of Saddam Hussein — and the Taliban back in power in Afghanistan.""
How would you describe your feelings, reflecting on where we are now?
Tracy Walder, former officer of the CIA's Counterterrorism Center
""Those last two weeks of August, just speaking for myself, were incredibly difficult for me. I felt like everything I did didn't matter. Like all of the good that I was trying to do was just sort of erased.
""I feel very frustrated. I feel very much like we literally left people hanging there, to die. I don't place blame on Biden, Trump, Obama - I don't place blame on one person. The whole thing is frustrating. We failed to culturally understand Afghanistan.
William Patey, former U.K. ambassador to Afghanistan and Iraq
""I think the biggest one is frustration, combined with sadness, because it didn't have to be this way. I think for quite a smallish investment compared to what we put in before, we didn't have to suffer a total defeat.
""We built up an Afghan army that was totally dependent on day-to-day air support and logistics, then when we pulled the rug from under them and were a bit surprised when they collapsed. So the manner of our leaving was very frustrating.""
Jay, former U.S. Marine and Afghanistan war veteran
""I truly hope more people inside and outside the government have been taking notes and are ready to overhaul the entire national security apparatus because our adversaries around the globe have definitely been paying attention.""
Cole T. Lyle, former U.S. Marine and Afghanistan war veteran and former Senate military advisor
""The War in Afghanistan was the most morally justified war American has entered since World War II. But policymakers went in without thought for the end game, and now we're seeing the results.
""How do I feel about the war overall? My heart hurts. It hurts for the people of Afghanistan who haven't known real peace in decades and will now live under the evil rule of the Taliban again.
""It hurts for the Gold Star families who lost everything. It hurts for my brothers and sisters in the U.S. and U.K. armed forces who lost their friends. It hurts for my country, whose national honor has suffered as we leave behind American citizens and the people who fought with us.""
William Patey, former U.K. ambassador to Afghanistan and Iraq
""The limitations on overwhelming military power that Iraq and Afghanistan have shown will make countries in the West very reluctant to get involved.
""I think the consequence is nobody's going to be rushing to intervene. Anywhere. Until the trauma of this has all disappeared.""",,1883,98,63,True,CNBC,en,https://www.cnbc.com/2021/09/11/20-years-from-9/11-former-cia-military-diplomatic-personnel-reflect.html
2021-09-11 07:00:00,2021-09-11,The next fast-food chicken sandwich war may be a vegan one,"In an iconic scene from 1970's film ""Five Easy Pieces,"" a young Jack Nicholson orders a chicken sandwich without the chicken.
The waitress is incredulous. ""You want me to hold the chicken?"" she retorts.
Half a century later, this nix-the-chicken request would hardly register an eye-roll. While the chicken sandwich war that kicked off back in summer 2018 between Popeye's and Chick-fil-A has not reached an official cease-fire, and has spread to additional fast food giants, a new contender is poised to slay its competitors on the battlefield: a chicken sandwich that, well, holds the chicken.
Could a vegan chicken sandwich war be on the way? Impossible Foods and Beyond have both recently added plant-based chicken options for restaurants and grocery stores — just this week, Impossible Foods debuted its first chicken nugget product; in July, Beyond Meat launched chicken tenders for restaurants — an earlier effort to sell frozen chicken strips in stores was discontinued in 2019, with the company noting at the time, ""Unfortunately, our Chicken Strips weren't delivering the same plant-based meat experience as some of our more popular products.""
If the local vegan fast-food scene around the U.S. is any indication, the idea may yet makes its way up the national food chain.
'The future of chicken' vs. Chick-fil-A
During the past year, Texans who pull into a familiar fast-food drive-thru craving a fried chicken sandwich might instead encounter a Project Pollo, a new quick serve chain that serves soy-based fried ""Chikn"" sandwiches and other plant-based comfort foods such as mac and cheese, wings and burgers. Since launching as a food cart at a San Antonio brewery in September 2020, Project Pollo has expanded its fledging empire with phenomenal speed, launching a new location roughly every month. When the company recently announced on Instagram that it would be taking over defunct Whataburgers in Houston and Corpus Christi in the coming fall, a growing cult following with handles like @vegan_dad_bod_killer and @nosh.on.plants erupted in jubilant emojis.
Every shuttered traditional fast-food outlet that relaunches as a Project Pollo, from a Church's Fried Chicken to a Jack in the Box, represents a single victory in CEO Lucas Bradbury's grand strategy: 100 locations by 2024. In the quest for world, or at least national, domination, Bradbury — who grew up as a Kansas farm boy raising chickens and cattle and went on to work in many fast-food industry executive positions — plans to drive Chick-fil-A out of business entirely within the next two decades.
Bradbury, who drained his bank accounts and sold his house to finance the first Project Pollo — with a new baby, and in the middle of a pandemic, no less — admitted he was operating without a Plan B, only the mission of making vegan food available to everyone. His entrepreneurial lightbulb moment occurred in the first months of the pandemic, when he challenged his extended family — his wife is already vegan — to go vegan for 30 days. They didn't meet the target, he admits, but not for lack of desire: it was simply too expensive to dine out while eating a plant-based diet.
The rising cost of a plant-based diet is a typical stumbling block for the average American, he tells CNBC. ""The only way to challenge the system is for plant-based eating to be more approachable.""
He told National Restaurant News in July, ""This isn't a fried piece of tofu. This is the future of chicken.""
A Chick-fil-A spokesperson said in an emailed statement that the company didn't ""have anything to share right now on this topic,"" but added it is always exploring new options for the menu and does already include vegetarian items such as salads.
The plant-based meat consumer
As vegan upstarts appear in former fast-food franchises, analysts say there is reason to expect the fast-food chicken war will have a zero-cluck wave?
Overall, consumption of plant-based alternatives is up over the past two years, according to Darren Seifer, an industry analyst who tracks food and beverage trends for the NPD Group. Shipments of plant-based proteins from foodservice distributors to commercial restaurants increased by over 60% in April 2021 year over year, a rise accentuated by pandemic restrictions a year ago. Shipments are up over 16% compared to April 2019, according to NPD. Its data shows that plant-based chicken, specifically, grew by over 82% in April compared to a year ago, and over 25% compared to April 2019.
It isn't about catering to a vegan demographic — 90% of consumers who experiment with plant-based meat alternatives also eat meat and dairy. ""It's about every once and awhile making a healthier decision,"" Seifer said.
In comparison to the 30% of consumers who gravitate towards meat alternatives due to concerns over animal welfare, the No. 1 motivator for those who choose plant-based foods is doing something healthier, Seifer said. And given that most consumers who might occasionally eat a plant-based meat products don't identify as vegan or vegetarian, he added that it's no surprise that the term ""vegan"" is not always used in product marketing.
In addition to health concerns, sustainably minded younger customers are driving the meatless trend. ""When we're talking about things like meat alternatives, 40% of people say they are drawn to environmental and sustainability concerns,"" he said. ""And the younger you go, the greater the numbers.""
Among the national fast-food chains, chicken still rules the roost: Yum Brands' KFC posted recent sales growth that surpassed Taco Bell and Pizza Hut — its same-store sales increased 30% in the most recent quarter. After KFC and McDonald's both released new chicken sandwiches in February, fast food CEOs suggested that these new sandwiches are driving strong numbers. In fact, KFC is on the rebound, opening 428 net new locations in 62 countries during the second quarter. In April, KFC said it sold more than twice the volume of its new chicken sandwich compared with past versions.
With more than 400 locations in Texas alone, Chick-fil-A remains the largest quick-serve chicken restaurant in the country, according to the QSR 50, an annual report that tracks the fast-food sector. Even with aggressive competition, the brand recently garnered 41% of all sales on chicken sandwiches through food delivery apps, according to a report by Edison Trends.
Chicken supply chain shortages
Still, as legacy fast-food brands vie for market share by rolling out increasing elaborate chicken sandwiches (brioche bun, herbed mayo, artisanal pickles) the retail chicken industry is experiencing growing pains. That means soaring demand hindered by supply shortages, according to Seifer.
Not only is chicken trickier to procure, but it is also getting more expensive. According to U.S. government data, the retail price for chicken breast rose 9% year over year between July 2020 and July 2021. Those pressures could make more plant-based chicken alternatives an attractive option.
Still, legacy fast-food brands have been slow to deliver meatless chicken sandwiches. That's not for lack of R & D: in 2019, KFC began collaborating with veggie brands like Beyond Meat and Quorn, piloting the Zero Chicken sandwich in the U.K., the Netherlands and Singapore. Stateside, the brand has tested Beyond Fried Chicken in local markets in the south and California in 2019 and 2020, but a nationwide U.S. launch for plant-based chicken is yet to happen.
A KFC spokeswoman said in a statement that it is continuing to evaluate the results of those tests and discuss potential plans for a future national rollout of Beyond Fried Chicken, but it has never tested a plant-based chicken sandwich in the U.S.
Beyond Meat noted in an email to CNBC that its chicken tenders, based on the Faba bean, came out just as restaurants were experiencing shortages and price hikes on the supply side and consumer demand was skyrocketing. It added that a few restaurant companies, Dog Haus and plant-based chain Next Level Burger, already are offering the tenders within sandwich menu items.
As chicken prices rise and more Americans embrace a ""flexitarian"" eating style, meatless quick-serve restaurants that make their own proprietary plant-based chicken analogues may be poised to make big profits. For example, the soy-based ""chickn"" that Bradbury ships directly from Taiwan cuts costs, circumventing the need for suppliers like Beyond Meat or Impossible Foods, and keeps the price point reasonable.
His commitment to make vegan food available to the widest audience possible has been a core mission of Project Pollo since day one, when it launched the first menu item, the pay-what-you-can Project Pollo sandwich. The suggested price, $5.50, covers the cost of sandwiches for two other customers in a pay-it-forward gesture of community goodwill. Astoundingly, 90% of customers not only pay the suggested price, ""but actually pay more,"" Bradbury said. Every quarter, Project Pollo adds up the profits on these sandwiches to make a donation to one of the many animal charities it supports.
As the price of actual chicken has risen, and Project Pollo staffing and operations capacity increase to open more than twenty locations in the coming year, Bradbury remains committed to keeping his prices affordable. ""If anything, our prices will come down,"" he said. Average sandwich prices on Project Pollo's menu are $7 to $8.
Local 'lines down the block' for fake chicken
Across the country, vegan quick-serve outlets are cutting out the middleman and keeping their carbon footprint low by making their own plant-based ""chicken"" in-house.
On a warm summer afternoon in Minneapolis, the smell of fried goodness wafted through the air as dozens of people lined up down a row of brick storefronts for the grand opening of Herbie Butcher's Fried Chicken. Launched by Kale and Aubry Walch — a brother-sister duo who opened the Herbivorous Butcher, the nation's first vegan butcher shop in 2016. (The Walch siblings recently won a protracted legal battle with food giant Nestle over the trademark The Vegan Butcher.)
The all-vegan fast casual cafe features the kind of comfort foods normally eschewed by strict herbivores. Think fried chicken, fries, and malts in flavors like Strawberry Shortcake. (The apparent secret to the creamy, dairy-free malts: oat-milk ice cream.) Despite embracing the term ""vegan"" in their offerings, Kale Walch — like Beyond Meat and Impossible Foods' executives, and Project Pollo's Bradbury — hope ""to bridge the gap between the plant-based and the omnivore communities"" rather than cater to a specifically vegan demographic.
Walch's lack of formal culinary training didn't deter him from embarking on ""a crusade for a better chicken recipe"" as he experimented in his butcher shop with ""a hundred different things,"" finally winding up with a soy-based product that harnesses the secret ingredients of vegan buttermilk, apple cider vinegar and a blend of herbs. ""There was a lot of time for R & D because of the pandemic,"" he said.
The new cache of local vegan influencers should not be underestimated. At Slutty Vegan in Atlanta, you might spot athletes like Shaquille O'Neal and Colin Kaepernick, along with musical icons such as Common and Snoop Dogg, queueing up for a taste of the Chik'n Head sandwich, a plant-based chicken tossed in buffalo sauce, slathered with vegan ranch and coleslaw on a Hawaiian bun. Rounding out their menu is plant-based burgers and sandwiches with blush-inducing names like One Night Stand and Hollywood Hooker.
""Most of our consumers are meat eaters,"" said Pinky Cole, CEO of Slutty Vegan, by email. ""My core audience is meat eaters. I'm intentional about that. We're not here to pressure anyone to commit to a full vegan diet; we want to show them that eating plant-based doesn't have to be boring or unappealing,"" Cole insisted, ""We make veganism cool.""
Ultimately, the line never lies. ""All of our locations have a line down a block. That tells me that obviously we're doing something right,"" Cole said.",,2041,77,37,True,CNBC,en,https://www.cnbc.com/2021/09/11/why-the-next-fast-food-chicken-sandwich-war-may-be-a-fake-one.html
2021-09-11 07:00:00,2021-09-11,In pictures: A nation marks the 20th anniversary of the 9/11 terror attacks,"A detail of the 9/11 Memorial is seen on the 20th anniversary of the September 11 attacks in Manhattan, New York City, U.S., September 11, 2021.
Mike Segar | Reuters
On September 11, 2001, 19 militants affiliated with the Islamic extremist group al Qaeda hijacked four commercial airliners with the purpose of carrying out suicide attacks against targets in the United States. Two of the planes were flown into the twin towers of the World Trade Center in New York City, a third plane slammed into the Pentagon just outside of Washington, D.C., and the fourth plane crashed in a field in Shanksville, Pennsylvania. The coordinated attacks killed thousands of people and injured scores more, making it the deadliest terrorist attack on U.S. soil. The devastating terror attacks propelled the nation into what would become its longest war.
President Joe Biden and first lady Jill Biden will travel to New York, Virginia and Pennsylvania on Saturday to mark the 20th anniversary of the 9/11 terror attacks. The Bidens will be accompanied by former President Barack Obama and former first lady Michelle Obama, as well as former President Bill Clinton and former Secretary of State Hillary Clinton during their visit to Lower Manhattan in New York City.
In Shanksville, Pennsylvania, the Bidens will join Vice President Kamala Harris and second gentleman Doug Emhoff, along with former President George W. Bush and former first lady Laura Bush.
Here are some of the scenes from the commemoration of the 20th anniversary of the 9/11 terror attacks.
Sergeant Edwin Morales holds a photo of his cousin Rubin Correa from Engine 74 by the Tribute in Light installation ahead of the 20th anniversary
Sergeant Edwin Morales holds a photo of his cousin Rubin Correa from Engine 74 by the Tribute in Light installation ahead of the 20th anniversary of the September 11 attacks in New York City, U.S., September 10, 2021.
Mario Anzuoni | Reuters
A man mourns at the 9/11 Memorial on the 20th anniversary of the September 11 attacks
A man mourns at the 9/11 Memorial on the 20th anniversary of the September 11 attacks in Manhattan, New York City, U.S., September 11, 2021.
Mike Segar | Reuters
President Biden and First Lady Jill Biden stand with former Presidents Bill Clinton and Barack Obama and former First Lady Michelle Obama.
(L-R) Former President Bill Clinton, former President Barack Obama, former First Lady Michelle Obama, President Joe Biden, First Lady Jill Biden and former New York City Mayor Michael Bloomberg attend the annual 9/11 Commemoration Ceremony at the National 9/11 Memorial and Museum on September 11, 2021 in New York City.
Chip Somodevilla | Getty Images
Katie Mascali is comforted by her fiance Andre Jabban as they stand near the name of her father Joseph Mascali, with FDNY Rescue 5
Katie Mascali is comforted by her fiance Andre Jabban as they stand near the name of her father Joseph Mascali, with FDNY Rescue 5, as they attend ceremonies on September 11, 2021, marking the attacks on the World Trade Center in Manhattan.
Craig Ruttle | AFP | Getty Images
A family member of 9/11 victims pays respect at FDNY Ten House
A family member of 9/11 victims pays respect at FDNY Ten House during the 20th anniversary of the September 11, 2001 attacks in New York City, New York, U.S., September 11, 2021.
Amr Alfiky | Reuters
President Biden with former President Obama and Clinton stand for the national anthem
(L-R) Former President Bill Clinton, former First Lady Hillary Clinton, former President Barack Obama, former First Lady Michelle Obama, President Joe Bien, First Lady Jill Biden, former New York City Mayor Michael Bloomberg, Bloomberg's partner Diana Taylor, Speaker of the House Nancy Pelosi (D-CA) and Senate Minority Leader Charles Schumer (D-NY) stand for the national anthem during the annual 9/11 Commemoration Ceremony at the National 9/11 Memorial and Museum on September 11, 2021 in New York City.
Chip Somodevilla | AFP | Getty Images
A member of the FDNY stands by the north reflecting pool
A member of the Fire Department of New York (FDNY) stands by the north reflecting pool at the 9/11 Memorial on the 20th anniversary of the September 11 attacks in Manhattan, New York City, U.S., September 11, 2021.
Mike Segar | Reuters
A rose lays on a bench at the National 9/11 Pentagon
A rose lays on a bench at the National 9/11 Pentagon Memorial on September 11, 2021 in Arlington, Virginia.
Win McNamee | Getty Images
Secretary of Defense Lloyd Austin (L) and Chairman of the Joint Chiefs of Staff Gen. Mark A. Milley stand for the national anthem during the Pentagon 9/11 observance ceremony
Secretary of Defense Lloyd Austin (L) and Chairman of the Joint Chiefs of Staff Gen. Mark A. Milley stand for the national anthem during the Pentagon 9/11 observance ceremony at the National 9/11 Pentagon Memorial on September 11, 2021 in Arlington, Virginia.
Win McNamee | Getty Images
Bruce Springsteen performs at the 9/11 Commemoration Ceremony in New York City
US musician Bruce Springsteen performs a song during a ceremony commemorating the 20th anniversary of the 9/11 attacks on the World Trade Center, in New York, on September 11, 2021.
Jim Watson | AFP | Getty Images
A bell is rung during a moment of silence during the 9/11 Commemoration Ceremony
A bell is rung during a moment of silence during the annual 9/11 Commemoration Ceremony at the National 9/11 Memorial and Museum on September 11, 2021 in New York.
Chip Somodevilla | AFP | Getty Images
U.S. service members attend the Pentagon 9/11 observance ceremony at the National 9/11 Pentagon Memorial
U.S. service members attend the Pentagon 9/11 observance ceremony at the National 9/11 Pentagon Memorial on September 11, 2021 in Arlington, Virginia.
Win McNamee | Getty Images
Security is seen during a 9/11 commemoration at the Flight 93 National Memorial in Shanksville, Pa.
Security is seen during a 9/11 commemoration at the Flight 93 National Memorial in Shanksville, Pennsylvania on September 11, 2021.
Mandel Ngan | AFP | Getty Images
""That is the nation I know"": Former President George W. Bush speaks in Shanksville, Pa.
Former US President George W. Bush speaks during a 9/11 commemoration at the Flight 93 National Memorial in Shanksville, Pennsylvania on September 11, 2021.
Mandel Ngan | AFP | Getty Images
Vice President Kamala Harris speaks in Shanksville, PA
US Vice President Kamala Harris speaks during a 9/11 commemoration at the Flight 93 National Memorial in Shanksville, Pennsylvania on September 11, 2021.
Mandel Ngan | AFP | Getty Images
Family members and loved ones of victims attend the annual September 11 Commemoration Ceremony
Family members and loved ones of victims attend the annual September 11 Commemoration Ceremony at the National 9/11 Memorial and Museum on September 11, 2021 in New York City U.S., September 11, 2021.
Chip Somodevilla | Reuters
Names of victims of the 9/11 attacks are seen on a screen in Times Square
Names of victims of the 9/11 attacks are seen on a screen in Times Square during the 20th anniversary of the September 11, 2001 attacks in New York City, New York, U.S., September 11, 2021.
Jeenah Moon | Reuters
Flags mark the 20th anniversary at Pepperdine University in Malibu, Calif.
A man touches a flag during the 14th annual Waves of Flags on the eve of the 20th anniversary of the September 11 terror attacks in Alumni Park at Pepperdine University on September 10, 2021 in Malibu, California.
David McNew | Getty Images
A person touches the name of a victim on the 9/11 Memorial
A person touches the name of a victim on the 9/11 Memorial on the 20th anniversary of the September 11 attacks in Manhattan, New York City, U.S., September 11, 2021.",,1319,42,62,False,CNBC,en,https://www.cnbc.com/2021/09/11/in-pictures-a-nation-marks-the-20th-anniversary-of-the-9/11-terror-attacks.html
2021-09-12 07:00:00,2021-09-12,Taliban say woman can study at university but classes must be segregated,"Women in Afghanistan will be allowed to study in universities as the country seeks to rebuild after decades of war but gender-segregation and Islamic dress code will be mandatory, the Taliban's new Higher Education minister said on Sunday.
The minister, Abdul Baqi Haqqani, said the new Taliban government, named last week, would ""start building the country on what exists today"" and did not want to turn the clock back 20 years to when the movement was last in power.
He said female students would be taught by women wherever possible and classrooms would remain separated, in accordance with the movement's interpretation of Islamic sharia law.
""Thanks to God we have a high number of women teachers. We will not face any problems in this. All efforts will be made to find and provide women teachers for female students,"" he told a news conference in Kabul.
The issue of women's education has been one of the central questions facing the Taliban as they seek to persuade the world that they have changed since the harsh fundamentalist rule they imposed in the 1990s when women were largely banned from studying or working outside the home.
Taliban officials have said women will be able to study and work in accordance with sharia law and local cultural traditions but strict dress rules will apply. Haqqani said hijab religious veils would be mandatory for all female students but did not specify if this meant headscarves or compulsory face coverings.
On Saturday, a group, apparently made up of women students in black robes that covered them completely from head to foot, demonstrated in Kabul in support of the rules on dress and separate classrooms.
Haqqani said where no women teachers were available special measures would be adopted to ensure separation.
""When there is really a need, men can also teach (women) but in accordance with sharia, they should observe the veil,"" he said. Classrooms would be curtained off to divide male and female students where necessary and teaching could also be done through streaming or closed circuit TV.
Classrooms divided by curtains have already been seen in many places since the Western-backed government collapse and the Taliban seized Kabul last month.
Haqqani told reporters that gender segregation would be enforced across Afghanistan and all subjects taught at colleges would also be reviewed in the coming months.",,395,15,11,False,CNBC,en,https://www.cnbc.com/2021/09/12/taliban-say-woman-can-study-at-university-classes-must-be-segregated.html
2021-09-12 07:00:00,2021-09-12,"China will be 'very careful' dealing with the Taliban government, former U.S. ambassador says","China will tread cautiously in Afghanistan and its main goal would be to work with the Taliban on border security, a former U.S. ambassador to Beijing said Friday.
The world's second-largest economy is one of the few countries that established friendly relations with the Taliban even before the militant group took over Afghanistan in a matter of days last month.
""I expect that China will be very careful,"" Max Baucus, who was the U.S. ambassador to China between February 2014 and January 2017 under former President Barack Obama, said on CNBC's ""Squawk Box Asia.""
""They will not try to take over the country as other countries, including the U.S., have,"" he said, adding that China is worried about potential terror attacks within its borders or on Chinese targets in the region, carried out from Afghan soil.
""Their major concern is East Turkestan. They are going to work with the Taliban to help make sure there's very little terrorism from Afghanistan,"" Baucus said, referring to the Uyghur extremist group called the East Turkestan Islamic Movement.
The former ambassador added that developments in Afghanistan will test the United States as its global military and political clout decline following its withdrawal, leaving room for others like China to fill the gap.
""This is going to test the United States,"" Baucus said, adding, ""We don't yet have a strongly defined policy for China, and now this withdrawal is going to complicate the development of that strategic policy toward China.""
Afghanistan's natural resources
For years, Afghanistan served as an important backyard for China, according to Mohammad Shafiq Hamdam, who previously served as deputy security advisor to former President Ashraf Ghani.
""Their interest is purely economic and political,"" he told CNBC's ""Street Signs Asia"" on Friday, adding that the Taliban and the Chinese government have very little in common apart from ""challenging the U.S. presence in the region (and) challenging NATO allies.""
China is interested in Afghanistan's trillions of dollars worth of untapped mineral resources that can potentially help Beijing boost its global influence, according to Hamdam, who also previously served as senior advisor to NATO in Afghanistan.
He explained that China can position itself as an alternative source for the Taliban as Afghanistan is in desperate need of economic assistance.
Chinese foreign minister Wang Yi reportedly said last week Beijing would provide $31 million worth of grain, winter supplies, vaccines and medicine to Afghanistan.
After the Taliban took power, most of the country's assets abroad were frozen and vital foreign aid was stalled. While the dire need for infrastructure investment has theoretically made Afghanistan a prime ground for China's expansive Belt and Road Initiative, experts are not convinced that Beijing will immediately barrel into the war-torn country.",,467,15,14,False,CNBC,en,https://www.cnbc.com/2021/09/13/china-will-be-very-careful-dealing-with-the-taliban-in-afghanistan.html
2021-09-12 13:37:23,2021-09-12,Scott's Cheap Flights helps travelers find airfare bargains in the U.S. and around the world,"The Citi Premier® Card is no longer available for new applicants. Information about the American Express® Green Card has been collected independently by Select and has not been reviewed or provided by the issuer of the card prior to publication.
Scott's Cheap Flights just celebrated its 6th birthday. In those 6 years, plenty of other email-based flight deal subscription services have popped up to try to replicate Scott's success. But, for many travelers, Scott's Cheap Flights is still king of the flight deals.
Let's dig into the three subscription tiers and review what we like about Scott's Cheap Flights — and what can be improved.
What is Scott's Cheap Flights?
Scott's Cheap Flights is an email subscription service that sends out flight deals for international and domestic (U.S.) destinations. It has free and paid options, and the service claims that most of the deals it sends out are 40% to 90% off average prices.
Scott's Cheap Flights free service
Scott's Cheap Flights operates on a ""freemium"" model. That means you can sign up to receive flight deal emails for completely free as a ""Limited"" member. If you like what you're seeing, you can upgrade to the Premium version to get more deals and faster notifications.
Free subscribers get limited international economy deals from up to 5 origin airports. For infrequent travelers, this may be all you need. You'll get a heads up about great deals, such as a recent alert of $462 round-trip flights from airports across the U.S. to Athens, Greece:
However, flight deals are delayed by about 30 minutes from when Premium subscribers receive the deal. Also, you won't get emails about domestic deals, error fares or premium cabin deals. But, it's a free service, so it's hard to complain about these limitations.
The emails include instructions on how to book the flight deals, including what travel dates and airlines are available and what platform to book the flight through (either directly with the airline or through an online travel agency like Expedia).
Scott's Cheap Flights ""Bestie Test""
With the proliferation of low-cost carriers like Spirit Airlines and Ryanair, it isn't hard to find cheap flights. However, not all airlines and itineraries are created equal. One of my favorite aspects of Scott's Cheap Flights is ""The Bestie Test,"" where the service will only send out a deal it would recommend to its best friend.
That means a cheap airfare isn't enough. The itinerary needs to have a good routing that minimizes your travel time, so either a nonstop flight or one with a reasonable connection time.
Plus, the deal needs to be on an airline that's not considered a low-cost carrier and not for last-minute travel.
Here's how to sign-up for Scott's Cheap Flights:
- Go to Scott's Cheap Flights
- Sign up either by entering your email address, first name and a password, or by connecting your Google account
- After an intro to Scott's Cheap Flights, you'll be prompted to set your home airport
- Next, enter up to 6 destinations that you'd like to visit
- Finally, you'll get the chance to enter up to 4 additional airports from which you also want to get flight deals. These can be nearby airports or airports you don't mind flying to for a great deal.
The last prompt is about what types of deals you want to see. If you're just hoping to test out the free version, select ""economy class deals"" and click next.
However, if you want better deals — like premium cabin deals, mistake fares or weekend getaways — you'll need to upgrade to either a Premium or Elite membership. If you want to see if these paid subscriptions are worth the cost, you have the option to test drive either service for free for 14 days:
Is it worth it to upgrade to Scott's Cheap Flights Premium?
If you're a semi-frequent flyer, it's probably worth upgrading to Scott's Cheap Flights Premium. For $49 per year, the subscription unlocks:
- All economy deals (international and domestic) for up to 10 origin airports
- Mistake fares from your chosen airports
- Weekend Getaway ideas
- Bucket-list deals, such as deals to the Galapagos Islands, Cuzco (for Machu Picchu), Buffalo (for Niagara Falls) and Munich (during Oktoberfest)
Plus, becoming a paid subscriber helps support the Scott's Cheap Flights team to search for and find flight deals. I've been a Scott's Cheap Flights Premium subscriber since May 2016 — back when Scott's emails were a bit more simple:
Each time my subscription comes up for renewal, it's been an easy decision to continue to pay for another year of Premium deals. Scott's error fares have helped me book absolutely incredible deals, including:
- Atlanta to Santiago, Chile for $62 round-trip nonstop on Delta
- Miami to Barcelona, Spain, in business class, for $264 round-trip (this mistake fare was cancelled by the airline before I could fly)
- Miami to Tokyo for $312 round-trip, one-stop on American Airlines
- New York to Singapore, then to New Delhi, then back to New York for $364 round-trip
- Los Angeles to Nani, Fiji for $395 round-trip nonstop on Fiji Airways
These are just the best deals I've booked over the years. Depending on how many origin airports you select, you can expect to receive multiple flight deals each day — from domestic destinations to trips around the world.
The only question is if getting premium deals like these is worth $49 of your travel budget. And that's going to be a personal decision.
For many, the amount of money they save on flights from just one deal could easily pay for the subscription itself.
New Scott's Cheap Flights Elite service
In June 2021, Scott's Cheap Flights unveiled an even more premium membership level called Elite that costs $199 per year. In addition to all of the Premium perks, Elite members get mistake fares from all airports and premium cabin deals (premium economy, business class and first class).
To see if it's worth the cost, I have taken the Elite service for a test drive for the past few weeks (I received a complimentary preview of the Elite membership from Scott's Cheap Flights). In just a few weeks, I've been alerted to premium cabin deals such as:
- Premium economy to Istanbul for $983 round-trip
- Premium economy to Kenya for $1,248 round-trip
- Business class to Patagonia for $1,535 round-trip
- Business class to Seychelles for $2,595 round-trip
- First class to Geneva for $3,167 round-trip
While I find the Premium subscription price easily worth its cost, I'm not convinced quite yet if Elite is worth $199 per year to me. With that said, I primarily book economy tickets. For those looking for a really special getaway — or looking for the increased elite earnings of premium cabins — the $199/year price may be a worthwhile investment for curated premium deals.
Potential improvements to Scott's Cheap Flights
Scott's Cheap Flights generally does a pretty good job of filtering down to just the information you need to know in the deal alert emails. However, some deal alerts may have misleading information. Take for instance this recent deal alert to Austin (AUS):
As Atlanta is my home airport, Scott's Cheap Flights only shows this one route and even indicates that the deal is available nonstop. But, of the airlines listed, only Southwest has a nonstop option.
Also, Delta isn't listed but also had flights pricing out at $117 roundtrip nonstop — although these Delta fares may have been added after Scott's Cheap Flights sent out this deal alert.
Best credit card for Scott's Cheap Flights
Which credit card to use for Scott's Cheap Flights subscriptions
Although it's a travel-related service, unfortunately, Scott's Cheap Flights subscriptions don't code as travel purchases. So, you won't get bonuses for using travel-focused credit cards like the Chase Sapphire Reserve® (see rates and fees).
So, if you're working toward a sign-up bonus on a new credit card, it's best to use that card to pay for your subscription. Otherwise, you'll want to use an everyday spending credit card:
- Chase Freedom Unlimited®: 5% cash back on travel purchased through Chase TravelSM, 3% cash back on drugstore purchases and dining at restaurants (including takeout and eligible delivery service), and 1.5% on all other purchases (see rates and fees)
- Citi Double Cash® Card: 2% cash back — 1% when you buy, 1% when you pay your bill (see rates and fees)
- Capital One Venture Rewards Credit Card: 2X Venture Miles per dollar spent on all purchases
- Wells Fargo Active Cash® Card: 2% cash rewards on purchases
Best cards to take advantage of Scott's Cheap Flights deals
However, when it comes to booking a flight deal, you have plenty of ways to earn bonus points. Chase offers an industry-leading 5X points per dollar on airfare booked through its Chase TravelSM portal on four of its cards — including two no-annual-fee cards:
- Chase Freedom Flex® ($0 annual fee)
- Chase Freedom Unlimited® ($0 annual fee)
- Chase Sapphire Reserve® ($795 annual fee)
- Chase Sapphire Preferred® Card ($95 annual fee; see rates and fees)
Plus, by booking through Chase TravelSM, you can apply Ultimate Rewards® points to your booking. That can turn a cheap flight into a completely free flight. For example, Chase Sapphire Reserve cardholders can apply 30,000 Ultimate Rewards® points to book a $300 round-trip flight for nothing out-of-pocket.
The Chase Sapphire Preferred® Card is currently offering a welcome bonus where you'll earn 75,000 bonus points after you spend $5,000 on purchases in the first 3 months from account opening.
The Chase Sapphire Preferred® Card packs a punch for a $95 annual fee card, offering annual travel credits, comprehensive travel protections, flexible rewards and more.
- You can transfer rewards to all of Chase's travel partners including World of Hyatt, Southwest Rapid Rewards and many more
- Long list of travel and shopping protections
- Annual Chase Travel hotel credit
- Has an annual fee
- Requires a high credit score
Highlights
Highlights shown here are provided by the issuer and have not been reviewed by CNBC Select's editorial staff.
- Earn 75,000 bonus points after you spend $5,000 on purchases in the first 3 months from account opening.
- Enjoy benefits such as 5x on travel purchased through Chase TravelSM, 3x on dining, 3x on vacation homes, 3x on gas & EV charging, 3x on top streaming services and online groceries (excluding Walmart, Target, and wholesale clubs), 2x on all other travel purchases, 1x on all other purchases
- Earn up to $100 in statement credits each account anniversary year for hotel stays through Chase Travel
- Count on Trip Cancellation/Interruption Insurance, Auto Rental Collision Damage Waiver, Emergency Evacuation and Transportation and more
- Get a year of complimentary Apple TV when activated by December 31, 2026 - a value of $156.
- Complimentary DashPass which unlocks $0 delivery fees & lower service fees for 12 months when you activate by 12/31/27. Plus, a $10 promo each month on non-restaurant orders.
- Receive one statement credit of up to $120 every four years as reimbursement for the application fee charged to your card for a Global Entry, TSA Precheck® or NEXUS application.
- Transfer points to leading airline and hotel loyalty programs
- Member FDIC
Balance transfer fee
Either $5 or 5% of the amount of each transfer, whichever is greater
However, sometimes flight deals aren't available through the travel portal. So, if you're booking directly with the airline, your best options are:
- American Express Platinum Card® — 5X Membership Rewards® points per dollar on flights booked directly with airlines or through American Express Travel® (up to $500,000 per year, then 1X)
- Chase Sapphire Reserve — 4X Ultimate Rewards® points on travel not booked through Chase TravelSM
- Citi Premier® Card — 3X ThankYou Points per dollar on air travel and hotelsThe Citi Premier® Card is no longer available for new applicants..
- American Express® Green Card — 3X Membership Rewards points per dollar on travel
Terms Apply.
Bottom line
Scott's Cheap Flights has alerted me to many airfare deals that have saved me thousands of dollars over the years. If you're looking to be alerted about cheap airfares, it's strongly worth considering. Fortunately, you can sign-up for the free service to test it out and then upgrade to the paid version if you want the extra benefits.
Read more
Information about the Chase Freedom Flex® has been collected independently by Select and has not been reviewed or provided by the issuer of the card prior to publication.",,2161,72,96,True,CNBC,en,https://www.cnbc.com/select/scotts-cheap-flights-review/
2021-09-13 07:00:00,2021-09-13,"Russia is building its military influence in Africa, challenging U.S. and French dominance","Russia is challenging the status quo in Africa, using insecurity and diplomatic disputes with Western powers as a springboard to expand its presence on the continent.
From Libya to Nigeria, Ethiopia to Mali, Moscow has been building key strategic military alliances and an increasingly favorable public profile across Africa in recent years.
Central to this effort is offering alternatives to countries that have grown disgruntled with Western diplomatic partnerships.
The second Russia-Africa Summit is scheduled for 2022. At the inaugural summit in Sochi in 2019, President Vladimir Putin vowed that Russia was ""not going to participate in a new 'repartition' of the continent's wealth; rather, we are ready to engage in competition for cooperation with Africa.""
Via the U.N., Russia has also provided aid in the form food and medical assistance alongside its growing commercial, economic and military support across the continent.
Russia's bilateral push
In the past two months alone, Russia has signed military cooperation agreements with Nigeria and Ethiopia, Africa's two most populous nations.
The Stockholm International Peace Research Institute estimates that Africa accounted for 18% of Russian arms exports between 2016 and 2020.
Russian mercenaries have also provided direct assistance to governments in Libya and the Central African Republic, according to the U.N. However, the Kremlin has denied links to the Wagner Group, a paramilitary organization alleged by the U.N. to be aiding human rights abuses in the region.
""A group of Russian instructors was sent to the CAR at the request of its leaders and with the knowledge of the UN Security Council Sanctions Committee on the CAR established by Resolution 2127,"" a Russian foreign ministry statement said in July. ""Indicatively, none of them has taken part in combat operations.""
Reuters reported in July that U.S. lawmakers had stalled a planned $1 billion weapons sale to Nigeria over allegations of human rights abuses by the government.
Less than a month later, Russia signed a deal with President Muhammadu Buhari's administration to supply military equipment, training and technology to Nigerian forces.
Although historically a key diplomatic and trade partner of the U.S., Buhari's government found itself at odds with Washington amid the #EndSARS protests in 2020, and again after a recent fallout with Twitter.
Meanwhile, Islamist militant groups such as Boko Haram and the Islamic State's West Africa Province have cotinued to wreak havoc in the northeast of the country.
This confluence of factors paving the way for Russian influence-building was also at play in Ethiopia. Russia has provided support for Prime Minister Abiy Ahmed's government after Western governments balked at his forces' military response to an insurgency in northern Tigray.
Ethiopia felt the U.S. in particular was aligning with Egypt in the ongoing dispute over the Grand Ethiopian Renaissance Dam. U.S. Secretary of State Antony Blinken further evoked the ire of Addis Ababa in March by accusing forces in Tigray of ""ethnic cleansing.""
Russian Foreign Minister Sergey Lavrov then met with Ethiopian counterpart Demeke Mekonnen in June. Moscow proceeded with the deployment of election observers to Ethiopia, whereas the EU withdrew its observers, citing ""ongoing violence across the country, human rights violations and political tensions, harassment of media workers and detained opposition members.""
Russia has supplied strategic weapons both as a potential defense against any Egyptian strike on the GERD and to aid government forces in Tigray.
""Gains by the Tigray Defence Force (TDF), which has captured parts of the Afar and Amhara regions in recent weeks, make the provision of desperately needed weapons all the more important for Addis Ababa, and Moscow is likely to oblige to such a request, possibly on a buy-now-pay-later basis,"" said Louw Nel, senior political analyst at NKC African Economics.
In what Nel flagged as a ""sign of things to come,"" Ethiopia and Russia signed a military cooperation agreement in July, focused specifically on knowledge and technology transfers. However, Nel noted that Ethiopia will be ""wary of allowing Russian personnel to be deployed there in anything other than a training capacity.""
Russia's foreign ministry was not immediately available for comment when contacted by CNBC.
U.S. 'creeping build-up'
The U.S. has pledged to reignite its economic and commercial engagements in Africa, but a planned drawback of troops is giving way to extensive spending on operational bases and longer-term plans to sustain a strategic presence, according to a recent report from risk intelligence firm Pangea-Risk.
In 2018, then-U.S. national security advisor John Bolton singled out Russia's expansionist ""influence across Africa,"" and Washington has been keen to retain a foothold on the continent.
The Biden administration is set to maintain the U.S. military's 27 operational outposts on the continent, while the country's Africa Command (Africom) is prioritizing counter-terrorism objectives in the Horn of Africa and the Sahel regions.
The U.S. is also establishing a presence in other strategically important regions, such as the Red Sea and the Gulf of Guinea. Some $330 million is reportedly being spent by 2025 on U.S. military base construction and related infrastructure projects, while Africom is drawing up a 20-year strategic plan.
This will focus on counterterrorism, special forces operations and humanitarian support, along with safeguarding U.S. commercial interests in the face of growing Chinese and Russian presence.
The report noted that Cape Verdean authorities have since July 2020 agreed a Status of Forces Agreement with the U.S. military to allow U.S. troops to operate from its archipelago.
""Such an agreement makes sense given global geo-political competition in the West African region and the need to counter the growing risk of piracy in the Gulf of Guinea, both of which pose an existential threat to U.S. commercial interests,"" Pangea-Risk CEO Robert Besseling said.
""However, the one-year-old SOFA with Cape Verde raises questions over broader U.S. diplomatic and judicial engagements in the country, and whether this sets a pattern for U.S.–Africa relations going forward.""
International Crisis Group Africa Program Director Comfort Ero, has said the ""creeping build-up"" of U.S. military on the continent was accompanied by mixed messaging, accusing both the U.S. and African governments of a lack of transparency.
The U.S. is likely to phase out its direct military presence in insecurity hotspots, but continues to seek SOFA deals with countries of strategic importance, Pangea-Risk said, adding that Washington will be reluctant to withdraw entirely due to Chinese and Russian presence.
France struggles in the Sahel
France maintains the largest presence and troop numbers of any former colonial power in Africa, particularly in the form of 5,100 troops in the Sahel, where the border area between Mali, Burkina Faso and Niger meet has become a hotspot for violence.
""Paris is inconsistent in its treatment of friendly regimes, indulging an unconstitutional transfer of power in Chad but taking a harder line following a coup in Mali,"" said NKC's Nel.
French President Emmanuel Macron supported a military-led transition from Chadian President Idriss Deby, who was killed in battle with rebel forces in April, to his son. This violated the country's constitution and led to anti-French protests and the vandalism of a Total petrol station.
However, when Colonel Assimi Goïta established military rule in Mali, Macron denounced the coup and suspended a joint military operation with the Malian army. Protests in the aftermath were also hostile toward France, while Russian flags and posters were visible.
""Given the clear negative trend in political stability in Mali, there is reason to consider the danger that it might end up looking like the CAR, where President Faustin-Archange Touadéra's weak government is essentially kept in place by Russian muscle: the mercenaries of Yevgeny Prigozhin's Wagner Group,"" Nel said.",,1312,57,38,False,CNBC,en,https://www.cnbc.com/2021/09/13/russia-is-building-military-influence-in-africa-challenging-us-france.html
2021-09-13 07:00:00,2021-09-13,China's booming electric car industry is much bigger than just Nio and Xpeng,"While investors watched dramatic surges in the stock prices of Chinese electric car makers like Nio and Xpeng, tens of thousands of companies jumped on the bandwagon as the industry grew, according to business database Qichacha.
The number of new Chinese businesses related to ""new energy vehicles"" surged by 81,000 this year through mid-August, bringing the total to more than 321,000, Qichacha said in a report.
The growth this year comes after 78,600 businesses entered the industry in 2020, during the height of the coronavirus pandemic in China, the database showed.
New energy vehicles refers to a general category consisting primarily of pure-electric and hybrid-powered cars. China is the world's largest market for automobiles, and would like 20% of new cars sold to be new energy vehicles by 2025.
Shares of major electric car makers fell Monday after China's Ministry of Industry and Information Technology indicated there could be sector consolidation.
""Our businesses need to be bigger and stronger,"" Minister Xiao Yaqing said at a press conference.
""Right now the number of new energy vehicle businesses is too great, and is in a small and scattered state,"" the minister said, according to a CNBC translation of a Chinese transcript.
""This is just version 2.0 of the central government looking to trim the [number] of entrants as they did when they limited manufacturing licenses [and] permits in 2017,"" said Tu Le, founder of Beijing-based advisory firm Sino Auto Insights.
""They likely [saw] a buildup of overcapacity [and] too many brands that won't be able to compete in the market with product,"" he said. ""This has happened often in the Chinese market across sectors and leads to a race to the bottom where companies compete solely on price. It stresses the entire sector since these non-competitive companies are happy to throw good money after the bad.""
Tu added that he expects China's top electric-car makers Nio, Xpeng Li Auto and Warren Buffett-backed BYD to benefit from efforts to consolidate the industry ""since it'll eliminate potential competitors and perhaps allow them to acquire a team or technology to enhance their products.""
Qichacha found investors poured more than 82 billion yuan ($12.7 billion) into 50 electric car-related projects in the first half of this year in China.
BYD ranked first by amount raised, the report showed. But the other top five companies contained names with ties to highly indebted property developers like Evergrande, and electric car company Faraday Future that has battled with bankruptcy.
In the last year, technology companies like Huawei, Baidu and Xiaomi have jumped into the electric car race with business partnerships and investments.
Nio shares surged more than 1,000% in 2020 after a capital injection of 7 billion yuan ($1 billion) by a state-led group of investors. Xpeng announced it received 500 million yuan in funding from the investment arm of Guangdong province, where the start-up is based.
Nio's U.S.-listed shares are down 22% so far this year, while Xpeng's New York-listed shares are 10% lower in the same period.",BEIJING,526,18,15,False,CNBC,en,https://www.cnbc.com/2021/09/13/chinas-electric-car-industry-is-much-bigger-than-nio-xpeng-li-auto.html
2021-09-13 07:00:00,2021-09-13,The FBI releases declassified documents on 9/11 and the Saudis,"Skip Navigation
Markets
Pre-Markets
U.S. Markets
Europe Markets
China Markets
Asia Markets
World Markets
Currencies
Prediction Markets
Cryptocurrency
Futures & Commodities
Bonds
Funds & ETFs
Business
Economy
Finance
Health & Science
Media
Real Estate
Energy
Climate
Transportation
Investigations
Industrials
Retail
Wealth
Sports
Life
Small Business
Investing
Personal Finance
Fintech
Financial Advisors
Options Action
ETF Street
Buffett Archive
Earnings
Trader Talk
Tech
Cybersecurity
AI
Enterprise
Internet
Media
Mobile
Social Media
CNBC Disruptor 50
Tech Guide
Politics & Policy
White House
Policy
Defense
Congress
Expanding Opportunity
Europe Politics
China Politics
Asia Politics
World Politics
Video
Latest Video
Full Episodes
Livestream
Top Video
Live Audio
Europe TV
Asia TV
CNBC Podcasts
CEO Interviews
Digital Originals
Watchlist
Investing Club
Trust Portfolio
Analysis
Trade Alerts
Meeting Videos
Homestretch
Jim's Columns
Education
Subscribe
PRO
Pro News
Josh Brown
Mike Santoli
Calls of the Day
My Portfolio
Livestream
Full Episodes
Stock Screener
Market Forecast
Options Investing
Chart Investing
Subscribe
Livestream
Menu
Make It
select
USA
INTL
Livestream
Search quotes, news & videos
Livestream
Watchlist
SIGN IN
Create free account
Markets
Business
Investing
Tech
Politics & Policy
Video
Watchlist
Investing Club
PRO
Livestream
Menu
watch now
Share
Share Article via Facebook
Share Article via Twitter
Share Article via LinkedIn
Share Article via Email
The News with Shepard Smith
The FBI releases declassified documents on 9/11 and the Saudis
CNBC's Shep Smith reports on the release of declassified documents related to potential Saudi involvement in the 9/11 attacks.
Mon, Sep 13 2021
7:43 PM EDT
watch now
watch now
VIDEO
Dan Niles: We're going into a rate hike cycle so don't fight the Fed or the bond market
an hour ago
watch now
watch now
VIDEO
Kevin Hassett: Pres. Trump 'wholeheartedly rejects' government takeover of AI regulation
4 hours ago
watch now
watch now
VIDEO
Watch CNBC's full interview with White House National Economic Council Director Kevin Hassett
5 hours ago
watch now
watch now
VIDEO
Former Cleveland Fed Pres. Mester: No convincing evidence inflation is on downward path back to 2%
5 hours ago
watch now
watch now
VIDEO
Standard Chartered CEO Bill Winters on the ‘reckless path’ that shaped his banking career
watch now
watch now
VIDEO
Dan Niles: We're going into a rate hike cycle so don't fight the Fed or the bond market
an hour ago
watch now
watch now
VIDEO
Kevin Hassett: Pres. Trump 'wholeheartedly rejects' government takeover of AI regulation
4 hours ago
watch now
watch now
VIDEO
Watch CNBC's full interview with White House National Economic Council Director Kevin Hassett
5 hours ago
watch now
watch now
VIDEO
Former Cleveland Fed Pres. Mester: No convincing evidence inflation is on downward path back to 2%
5 hours ago
watch now
watch now
VIDEO
Standard Chartered CEO Bill Winters on the ‘reckless path’ that shaped his banking career
Load More",,473,7,176,False,CNBC,en,https://www.cnbc.com/video/2021/09/13/the-fbi-releases-declassified-documents-on-911-and-the-saudis.html
2021-09-13 07:00:00,2021-09-13,TransUnion to buy Neustar in $3.1 billion deal,"Skip Navigation
Markets
Pre-Markets
U.S. Markets
Europe Markets
China Markets
Asia Markets
World Markets
Currencies
Prediction Markets
Cryptocurrency
Futures & Commodities
Bonds
Funds & ETFs
Business
Economy
Finance
Health & Science
Media
Real Estate
Energy
Climate
Transportation
Investigations
Industrials
Retail
Wealth
Sports
Life
Small Business
Investing
Personal Finance
Fintech
Financial Advisors
Options Action
ETF Street
Buffett Archive
Earnings
Trader Talk
Tech
Cybersecurity
AI
Enterprise
Internet
Media
Mobile
Social Media
CNBC Disruptor 50
Tech Guide
Politics & Policy
White House
Policy
Defense
Congress
Expanding Opportunity
Europe Politics
China Politics
Asia Politics
World Politics
Video
Latest Video
Full Episodes
Livestream
Top Video
Live Audio
Europe TV
Asia TV
CNBC Podcasts
CEO Interviews
Digital Originals
Watchlist
Investing Club
Trust Portfolio
Analysis
Trade Alerts
Meeting Videos
Homestretch
Jim's Columns
Education
Subscribe
PRO
Pro News
Josh Brown
Mike Santoli
Calls of the Day
My Portfolio
Livestream
Full Episodes
Stock Screener
Market Forecast
Options Investing
Chart Investing
Subscribe
Livestream
Menu
Make It
select
USA
INTL
Livestream
Search quotes, news & videos
Livestream
Watchlist
SIGN IN
Create free account
Markets
Business
Investing
Tech
Politics & Policy
Video
Watchlist
Investing Club
PRO
Livestream
Menu
watch now
In this video
TRU
Share
Share Article via Facebook
Share Article via Twitter
Share Article via LinkedIn
Share Article via Email
Squawk Box
TransUnion to buy Neustar in $3.1 billion deal
TransUnion CEO Chris Cartwright joins ""Squawk Box"" to discuss the company's deal to buy Neustar for $3.1 billion.
Mon, Sep 13 2021
7:20 AM EDT
watch now
watch now
VIDEO
Dan Niles: We're going into a rate hike cycle so don't fight the Fed or the bond market
an hour ago
watch now
watch now
VIDEO
Kevin Hassett: Pres. Trump 'wholeheartedly rejects' government takeover of AI regulation
4 hours ago
watch now
watch now
VIDEO
Watch CNBC's full interview with White House National Economic Council Director Kevin Hassett
5 hours ago
watch now
watch now
VIDEO
Former Cleveland Fed Pres. Mester: No convincing evidence inflation is on downward path back to 2%
5 hours ago
watch now
watch now
VIDEO
Standard Chartered CEO Bill Winters on the ‘reckless path’ that shaped his banking career
watch now
watch now
VIDEO
Dan Niles: We're going into a rate hike cycle so don't fight the Fed or the bond market
an hour ago
watch now
watch now
VIDEO
Kevin Hassett: Pres. Trump 'wholeheartedly rejects' government takeover of AI regulation
4 hours ago
watch now
watch now
VIDEO
Watch CNBC's full interview with White House National Economic Council Director Kevin Hassett
5 hours ago
watch now
watch now
VIDEO
Former Cleveland Fed Pres. Mester: No convincing evidence inflation is on downward path back to 2%
5 hours ago
watch now
watch now
VIDEO
Standard Chartered CEO Bill Winters on the ‘reckless path’ that shaped his banking career
Load More",,471,7,178,False,CNBC,en,https://www.cnbc.com/video/2021/09/13/transunion-to-buy-neustar-in-3-point-1-billion-deal.html
2021-09-13 07:00:00,2021-09-13,"As many return to the office, tensions flare between the 'vaxxed and unvaxxed'","Office politics have been a thing of the past for most of us over the last 18 months, as millions of people worked from home throughout Covid-induced lockdowns.
Now, as many employees return to their offices, tensions appear to be emerging along new lines: those who are vaccinated against Covid, and those who are not.
In the U.S. in particular, companies have taken a rigorous approach toward employees' Covid vaccination status, with many announcing that their staff must be fully vaccinated in order to return to the workplace.
Then, in late August, the FDA granted full approval to the Pfizer-BioNTech Covid shot.
That approval is already inflaming workplace conflicts because it has meant that fewer employees can remain ""on the fence"" regarding vaccine safety, with some workers now hardening their stance on whether vaccines should be mandatory, particularly when it comes to their co-workers, according to one workplace consultancy.
Seyfarth at Work conducted surveys of hundreds of employees through to late August and found there was an increasing number of workplace conflicts related to vaccination.
Dividing respondents into two camps — the ""vexed vaxxed"" and ""unnerved unvaxxed"" — it reported that both sides of the debate, those for vaccination and those against it, felt a growing sense of resentment.
Some 37% of companies surveyed by Seyfarth at Work reported that vaccinated staff were angry and frustrated at the transmission risk posed by unvaccinated workers. The consultancy cited one East Coast fix-it company worker as saying: ""I have a grandma and a toddler at home. Why should some twenty-something science denier put them both at risk?""
Vaccinated staff are also reportedly annoyed at the prospect of having to cover for colleagues who may become ill, while others object to differing workplace rules (such as two sets of masking protocols) due to those that are unvaccinated.
The unvaccinated, meanwhile, are complaining about their treatment at work, with 21% of the companies surveyed noting that unvaccinated staff are ""crying foul at what they consider harsh judgment by others or better opportunities for vaccinated office-mates"" as well as the burdens of regular testing requirements.
Read more: Mask-wearing becomes a new battleground in England as Covid rules are eased
At one engineering firm, a group of unvaccinated staff have formed an ad-hoc support group (calling itself the ""Vexcluded"") with one group member explaining that ""our vaccine fears have turned us into veritable office outcasts.""
Corporate law expert Philippe Weiss, the president of Seyfarth at Work, told CNBC that workplace disputes fell into four categories:
- Verbal and email/Slack/intranet altercations/arguments
- Separation — people refusing to sit or work near one-other
- Protest — conflicts between employees and managers over policies affecting vaxxed vs. unvaxxed workers
- Angry online posts
""In some workplaces we have seen a significant spike in hostility,"" Weiss said. ""Human Resources contacts report the stress of attempting to manage the introduction of oft-changing Covid safety policies with, in some cases, an inundation of gripes from both the vaxxed and unvaxxed.""
Weiss said he expected the divisions to grow as more people returned to the office.
""Those individuals who were required to remain on site — or had to come to offices regularly during the last year — are already accustomed to changing workplace rules and have often developed some understanding and elasticity,"" he said.
""Now, millions of formerly remote workers returning, many of whose views on vaccine and other measures were reinforced after months associating with like-minded acquaintances, and they are apt to be less adaptable and open-minded.""
Vaccine mandates
Anthony Mingione, an employment lawyer and partner in the New York office of law firm Blank Rome, said disputes and resentment over vaccination and mask-wearing in the workplace are coming to the fore — and it's having an impact on the return to the office.
""The tension between vaccinated and unvaccinated colleagues is a key issue behind the slowing rate of large-scale office returns,"" he told CNBC on Wednesday.
""One of the conflicts we are seeing is the clash between vaccinated workers who have returned to the workplace and unvaccinated workers who continue to work remotely,"" he said. ""Many times vaccinated employees feel like they are being unfairly forced to shoulder work responsibilities for unvaccinated colleagues.""
Read more: Fully vaccinated people are still getting infected with Covid. Experts explain why
Mingione said employers were now having to impose their own Covid policies, as governments relax the required safety protocols, finding themselves in a gray area.
""Without the cover provided by hard and fast rules, businesses seeking a return to the office must adopt work rules that get employees back onsite while also keeping them safe — all against the backdrop of a polarizing political climate,"" he said.
Lucy Lewis, a partner with global HR lawyers Lewis Silkin, agreed that this was proving difficult for businesses.
""Almost invariably, employers want to act in a way which is both fair and protects the health and safety of their workforce and customers,"" Lewis told CNBC Tuesday. ""The biggest challenge is the lack of specific government guidance on the parameters of what they should be doing to achieve that and, in particular, the part that vaccinations should play.""
Job retention
There are a growing number sectors, both public and private, where employees are required to be fully vaccinated against Covid-19.
Although the U.S. ruled out making Covid vaccination mandatory earlier this year, some states are moving to make the shots compulsory for some trades and activities. Such action has proved controversial, sparking large protests in parts of the country.
Last week, President Joe Biden was notably tougher on the issue, however, pressuring more private employers to immunize their workforce, as well as mandating the shots for federal employees, contractors and health-care workers.
The U.S. is not alone in this, with similar moves being introduced in the U.K. and other parts of Europe.
Vaccine policies in the workplace could determine whether employees remain in or leave their jobs, however, according to one study of more than 1,051 American workers over the age of 21 by Qualtrics, a customer experience company.
The survey, conducted in August, found that while most (60%) of employees support vaccine mandates for in-person work, almost a quarter of employees (23%) said they would strongly consider leaving their place of work if their employers mandated vaccines.
The survey found that support for vaccine mandates differs across industries, with 75% of workers in tech supporting vaccine mandates at work, while 58% of government employees support mandates.
More men (63%) support vaccine mandates at work than women (56%), and political affiliation also affected the evident level of support, with 81% of those who identifying as Democrats saying they support vaccine mandates at work, while only 45% of Republicans said the same.
Some employers have been reluctant to enforce workplace rules on vaccines and masks in an effort to avoid conflict, Blank Rome's Mingione added, but that could lead to more conflicts down the road.
""Selective enforcement of any policy — even with good intentions — can lead to dropping morale, employee conflicts and low productivity,"" he said. ""As the Delta variant runs rampant and stories of breakthrough infections permeate the news cycle, these workplace conflicts have continued to increase.
Read more: Fully vaccinated people are still getting infected with Covid. Experts explain why",,1230,41,42,False,CNBC,en,https://www.cnbc.com/2021/09/13/office-tensions-rise-between-the-vaccinated-and-unvaccinated-.html
2021-09-13 07:00:00,2021-09-13,The 29-year-old founder of a $1 billion fitnesswear label: We don’t worry about larger brands,"Gymshark founder Ben Francis says he doesn't view big-name sportswear brands as a threat to his relatively young $1 billion label.
""So we don't worry about larger brands,"" Francis told CNBC in a recent video interview, arguing that many of those businesses were actually trying to pivot toward a business model similar to that of Gymshark.
Gymshark sells its fitnesswear exclusively online and only through its own website.
The brand was an early adopter of influencer marketing, partnering with well-known fitness YouTubers and building a community of its own ambassadors, known as ""Gymshark athletes.""
And it's because Francis has built this business with a younger, more agile and social media-savvy mindset that he's less concerned by incumbent brands trying to do the same.
""If I'm honest, I'm more worried about the 16-year-old person that was similar to what I was like in the bedroom, trying to build out that new brand,"" Francis said.
Francis built the first version of the Gymshark website while he was a college student in 2011, having realized his passion for website and app development, as well as fitness at school. He then incorporated Gymshark with a schoolfriend, Lewis Morgan, in 2012.
The pair initially used the website to ""dropship"" fitness supplements, which is when a business takes customer orders, but doesn't actually buy the physical stock.
So they effectively acted as middlemen to market and sell the products, without having to take on the additional cost and risk of buying stock themselves.
They used the money from this venture, as well as what Francis earned working part-time at Pizza Hut, to buy a sewing machine and screen printer to start making fitnesswear.
Gymshark has grown rapidly since those early days, becoming a billion-dollar company in 2020. Its turnover in the last four years alone has grown tenfold, jumping to £400 million ($552 million) this year, according to Gymshark's latest full-year results in June.
While Gymshark did not provide CNBC with its latest full-year profit figures, its results for the year to the end of July 2020 showed profits had increased to £24.4 million, up from just under £15 million in 2019.
By comparison, U.S. sportswear brand Nike reported in June that its revenue had grown 19% to $44.5 billion, for the fiscal year ended May 31, 2021. It reported a net income of $5.7 billion for the year, more than double its profits for the previous 12 months.
Meanwhile, German fitnesswear brand Adidas reported in March that its revenues had fallen 16% to just less than 20 billion euros ($23.7 billion) for the 2020 calendar year. Adidas said its sales were ""significantly impacted"" by the coronavirus pandemic. It recorded an operating profit, with tax and interest deducted, of 751 million euros in 2020, down from 2.7 billion euros in 2019.
'No one size fits all'
Francis returned to the role of chief executive in August, after six years spent gaining experience by rotating round different senior positions in the company, including chief technology officer, chief marketing officer and chief product officer.
Francis said he learned a number of lessons throughout the pandemic, such as the fact that ""no one size fits all,"" in terms of employees' preferences for working.
""I think it certainly made me a lot more empathetic as a person and it made me realize that even with a global pandemic like this, it just hits every individual in a different way,"" he said.
In terms of how Francis has stayed centered during the pandemic and amid his transition back into the role of CEO, he suggested he found it useful to stick to a routine of eating and waking up at the same time every day.
And despite Gymshark's stratospheric growth, Francis said he has been kept grounded by family and friends. Francis' brother Joe also works at Gymshark as customer support director.
""Listen, no matter how big or small Gymshark is they're not going to treat me any differently and I think that's super useful,"" he said.
Francis has also kept Gymshark close to his roots in the English West Midlands, with its headquarters located in Solihull, just outside of the U.K. city of Birmingham.",,721,28,22,False,CNBC,en,https://www.cnbc.com/2021/09/13/gymshark-founder-ben-francis-we-dont-worry-about-larger-brands.html
2021-09-13 07:00:00,2021-09-13,Apollo CEO says inflation is everywhere in company's portfolio,"The high inflation readings for the U.S. economy are showing up in every facet of business for investing giant Apollo, CEO Marc Rowan said Monday.
""Everywhere. There's not a place [where we are not seeing it]. Everything that we once did now costs more,"" Rowan told CNBC's Leslie Picker as part of ""Delivering Alpha."" ""Lead times, pressure on inventory, pressure on supplies, pressure on employment. Our experience in our portfolio is really no different than the broader economy.""
Rowan said it remains to be seen if inflation proves to be transitory — that is, temporary — as Federal Reserve chair Jerome Powell has repeatedly said. Still, Rowan believes the price increases will ease as the recent spending boom decreases and U.S. natural low-inflation pressures, such as slow population growth, reassert themselves.
Rising prices have been the subject of a key debate in economics and investing circles since the U.S. economy began to reopen from pandemic restrictions and consumer spending rebounded. Originally, high inflation readings were caused in large part by dramatic increases for a few items, including used cars, and abnormally cheap prices in the 2020 data that were being used as the main point of comparison.
However, inflation readings have stayed well above the Fed's 2% average target, leading to some concern among economists and investors that the cost increases will not fade away. The median one-year ahead inflation expectation for consumers in August was 5.2%, according to a report from the New York Fed released Monday.
Apollo is one of the biggest players in the alternative investing industry, with assets under management of $472 billion as of June 30. The company's recent major deals include buying Yahoo and AOL from Verizon for $5 billion. Shares of Apollo are up about 25% year to date.
Rowan said he wasn't sure if Apollo could find a way to control inflation in its portfolio but that it his company's job to thrive in any environment. He also said that markets appeared to be ""priced for perfection"" and at risk of a pullback but that there are still places for investors to find value.
Rowan, who became CEO in March after co-founder Leon Black stepped aside amid uproar about his ties to Jeffrey Epstein, also told Picker he didn't see the company's private equity arm growing significantly in size in the years ahead, with credit instead being a major area of growth.
CNBC's full Delivering Alpha conference will take place virtually Sept. 29, with speakers including Brad Gerstner from Altimeter Capital and Chamath Palihapitiya from Social Capital. Interested investors can register for the event here.
Become a smarter investor with CNBC Pro. 
Get stock picks, analyst calls, exclusive interviews and access to CNBC TV. 
Sign up to start a free trial today.",,474,25,12,False,CNBC,en,https://www.cnbc.com/2021/09/13/apollo-ceo-says-inflation-is-everywhere-in-companys-portfolio.html
2021-09-13 07:00:00,2021-09-13,"1 million Afghan children are at risk of starvation, UNICEF director warns","At least 1 million children in Afghanistan will suffer from severe acute malnutrition this year and could die without proper treatment, UNICEF executive director Henrietta Fore warned Monday.
""Nearly 10 million girls and boys depend on humanitarian assistance just to survive,"" Fore said at a United Nations' ministerial-level meeting on the humanitarian crisis unfolding in Afghanistan.
Fore implored the international community and wealthy nations to help avert further suffering after Afghanistan's U.S.-backed government collapsed practically overnight last month and Taliban militants took control of the country.
""Please help us,"" she said. Fore's remarks come at a pivotal time in the history of international aid to Afghanistan.
Since the Taliban takeover Aug. 15, most developed nations in the West have frozen their direct aid to Afghanistan, wary of delivering money to a militant Islamist regime that ruled the country with brutal force from 1996 to 2001.
Western countries see the frozen aid money to Afghanistan as a key leverage point as they attempt to pressure the Taliban to establish a government that respects individual rights, especially the rights of women and girls.
In the meantime, groups like UNICEF are getting a second look from Western governments seeking ways to deliver aid to Afghanistan's neediest citizens while bypassing the Taliban government.
On Monday, the United States announced an additional $64 million in humanitarian assistance to Afghanistan, which will be delivered through groups like the World Health Organization and the United Nations High Commissioner for Refugees.
""Nearly 600,000 people, more than half of whom are children, have been displaced by conflict this year"" in Afghanistan, Fore said.
Fore also emphasized UNICEF's unique ability to operate in one of the poorest and most war torn countries in the world.
""UNICEF has been on the ground in Afghanistan for more than 70 years,"" she said, ""We know what needs to be done for children. And we can get it done.""
The Taliban takeover of Afghanistan and the U.S. military withdrawal last month prompted many international aid workers to leave the country, fearing for their safety.
But UNICEF stayed and got things done, Fore said.
""In the last two weeks, we have provided 170,000 people affected by drought with safe drinking water and deployed mobile health teams in 14 provinces to continue delivering basic health services for children and women,"" she said.
""During the last week of August, UNICEF provided 4,000 severely malnourished children under five with life-saving therapeutic treatment, and road missions have begun.""
It remains to be seen whether the newly minted Taliban government will permit international aid groups like UNICEF to operate safely in the country.
But Fore insisted that life-saving aid, especially for children, must be viewed outside the political boundaries that divide governments and nation states.
""We need to ensure aid is not politicized - prioritization of funding decisions should be based on needs first. We must look for ways to deliver timely and sustained assistance at scale,"" she said.",WASHINGTON,501,21,18,False,CNBC,en,https://www.cnbc.com/2021/09/13/1-million-afghan-children-at-risk-of-starvation-unicef-chief-warns-.html
2021-09-13 07:00:00,2021-09-13,"Pakistan should worry about consequences of Taliban's success in Afghanistan, former ambassador says","Pakistan was one of the first countries to welcome the Taliban's return to power in Afghanistan last month, following the collapse of the U.S.-backed civilian government. Now, Islamabad has to worry about some of the consequences of the Taliban's success next door, former diplomats and political analysts said.
""It may not be as easy for Pakistan as its leaders may have thought,"" Husain Haqqani, who was Pakistan's ambassador to the U.S. between 2008 and 2011, told CNBC in a recent interview.
Prime Minister Imran Khan reportedly said that Afghans had ""broken the shackles of slavery."" Foreign Minister Shah Mahmood Qureshi and Pakistan's national security advisor Moeed Yusuf publicly urged the international community to engage with Afghanistan — which, in essence, now means the Taliban.
Pakistan, despite being an U.S. ally, had long been accused of covertly aiding the Taliban during their 20-year insurgency in Afghanistan — a charge that Islamabad denies.
What are the issues?
The main issue that Haqqani and others point to is the security risk posed by the domestic terror group Tehrik-e-Taliban Pakistan, also known as the Pakistani Taliban — the group is separate from the Afghan Taliban. Last week, the TTP reportedly claimed responsibility for a suicide attack in Pakistan that killed at least three people and left 20 wounded.
The group will ""definitely be encouraged by the success of their brethren in Afghanistan,"" Haqqani said. ""The Pakistani Taliban would like to replicate what happened in Afghanistan in at least the Pashtun areas of Pakistan — so, that's one problem.""
It would be very difficult for Pakistan not to recognize the Taliban.Husain Haqqaniformer Pakistan ambassador to the U.S.
Pashtuns are an ethnic group native to Afghanistan and northwest Pakistan. The contested colonial-era Durand Line, which forms the international land border between the countries, separates Pakistani Pashtun-dominated territories from Afghanistan. The latter claims those territories as part of a traditional Pashtun homeland.
According to the Council on Foreign Relations, Islamabad believes that the Afghan Taliban's ideology emphasizes Islam over Pashtun identity. Both the Afghan Taliban and the TTP are predominantly Pashtun.
""Given the Afghan Taliban's links with the Pakistani Taliban — both operational and ideological — Pakistan really has to worry about the risks a resurgent TTP poses to Pakistan,"" Madiha Afzal, a David M. Rubenstein fellow in the foreign policy program at Brookings Institution, told CNBC.
""It has already seen some of those risks materialize with the release of TTP prisoners from jails in Afghanistan in recent weeks as well as an uptick in attacks against Pakistani security forces,"" Afzal said.
The Afghan Taliban have yet to denounce the TTP or recognize the Durand Line as the formal border between Afghanistan and Pakistan.
International recognition
The Taliban have held diplomatic talks with a number of countries in their attempt for international recognition — including Pakistan's biggest rival India.
The militant group has sought to distance itself from its past brutalities as it tries to gain that global recognition, which could give them access to international aid that Afghanistan desperately needs. But many, including Haqqani, say they are not convinced by the Taliban's assurances.
""If the Taliban are unable to get international recognition and there are sanctions against them, there will be a fallout on Pakistan,"" ambassador Haqqani, who is also director for South and Central Asia at Hudson Institute, said.
He explained that Pakistan would be forced to implement any international sanctions placed on Afghanistan and it would not be an easy task given the porousness of the international border. There is also ""widespread sympathy for the Taliban in Pakistan,"" Haqqani said.
Pakistan would also have to potentially contend with a large inflow of refugees if the situation in Afghanistan destabilizes due to future fighting among the Taliban and other insurgent groups, he added.
Brookings' Afzal added that Pakistan's perceived closeness with the Taliban would also pose significant problems for its global reputation, after the country spent years attempting to shed an image associated with terrorism. ""That relationship with the Taliban in particular could strain Pakistan's already troubled relationship with the U.S.,"" she said.
What happens next?
The Taliban last week formed an all-male interim government.
Political risk consultancy Eurasia Group said the acting government ""is not the ideal outcome for Pakistan, which has been working to cultivate non-Pashtun support"" in Afghanistan.
Pakistan's foreign ministry consulted with leaders of the former U.S.-backed Northern Alliance about the possibility of their joining a Taliban-led government, according to Eurasia Group. ""But the Taliban have insisted that anyone who collaborated with the 'occupation regime' cannot hold a senior position.""
The Northern Alliance comprised of a loose coalition of Afghan warlords who fought the Taliban in the late-1990s.
Islamabad has yet to formally recognize the Taliban as rulers of Afghanistan. Haqqani told CNBC that the delay is a political strategy where Pakistan is hoping that other countries would recognize a Taliban-led Afghan government first.
""It would be very difficult for Pakistan not to recognize the Taliban,"" he said, adding that Islamabad could end up with a ""pyrrhic victory.""
""The Americans are out, and the government that had been created through international support is gone. So, will Pakistan really be able to have influence in Afghanistan of the kind that it wanted, without Afghanistan being a source of destabilization inside Pakistan?"" Haqqani added.",,905,39,28,False,CNBC,en,https://www.cnbc.com/2021/09/14/afghanistan-pakistans-strategy-in-kabul-and-what-happens-next.html
2021-09-13 07:00:00,2021-09-13,Toast seeks $16 billion valuation at IPO after restaurant-tech company helped eateries survive pandemic,"Toast is gearing up for an initial public offering next week that could value the restaurant-tech company at more than $16 billion. That's about double its valuation from a secondary share sale last November.
The company has taken a very uneven path to the New York Stock Exchange.
Prior to the Covid-19 pandemic, Toast was thriving by selling technology to restaurants that helped them combine their payment systems with things like inventory management and multilocation controls for eateries with more than one site. Investors valued the company at $5 billion in February 2020.
Two months later, Toast slashed about 50% of its workforce and froze hiring as coronavirus cases surged and businesses shut down. CEO Chris Comparato wrote in a blog post at the time that in March, ""as a result of necessary social distancing and government-mandated closures, restaurant sales declined by 80 percent in most cities.""
But Toast was quick to turn things around. Restaurants that had always relied on in-house dining suddenly needed to offer takeout, delivery, outdoor options and contactless ordering. Toast initially gave a one-month credit of software fees to its customers and provided free access to its technology that enabled takeout, online ordering and gift card purchases.
By the third quarter of 2020, revenue was increasing again from the prior year. By November the company was experiencing such an upswing that it orchestrated a secondary share sale so that current and former employees could sell up to 25% of their vested shares at a price that valued Toast at $8 billion.
Toast now says it was serving more than 48,000 restaurant locations as of the end of June, up from 27,000 in 2019. Annual recurring revenue surged 118% in the second quarter from a year earlier to $494 million. The bulk of Toast's revenue comes from what the company calls financial technology solutions, consisting primarily of fees paid by customers for payment transactions. Less than 10% comes from subscriptions.
In its updated IPO prospectus, released Monday, Toast said it plans to sell shares at $30 to $33, raising more than $700 million at the top end of the range. That would value the company at $16.5 billion, based on its outstanding share count.
Still, Toast is a costly business to operate. Because so much of its revenue comes through payment transactions, the company has high expenses associated with that revenue and an overall gross margin that's much lower than a typical cloud software company.
In the latest quarter, Toast's gross margin — or the amount of revenue left after accounting for the cost of goods sold — was about 21%. After accounting for all its other costs, like sales and marketing and research and development, Toast recorded a net loss of $135.5 million in the quarter.
Pouring money into food tech
Even with its hefty cost structure, Toast is riding the wave of investor excitement in technology that serves the evolving restaurant and hospitality industries, particularly as a return to a pre-Covid world looks less likely.
Food delivery company DoorDash is valued at over $71 billion after its IPO in December and Uber has been able to sustain its business by shifting resources from ridesharing to meal delivery. Airbnb, which also went public in December, is worth over $100 billion despite laying off about 25% of its workforce in May of last year.
Grocery delivery company Instacart was valued at $39 billion earlier this year and is reportedly gearing up for an IPO. Across the start-up landscape, food-tech investments — which includes funding for delivery companies, restaurant software and other categories — peaked at $13.5 billion in the first quarter before dipping to $8.9 billion in the second quarter, according to CBInsights. For the first half of 2021, that's almost double the amount investment in the same period in 2019, before the pandemic.
The uncertainty surrounding the pandemic and where it goes from here could weigh heavily on how investors evaluate Toast. While the company benefits from the trend toward mobile payments and high-end takeout, it still needs a healthy economy to flourish and it needs to restaurants to continue to grow and invest in technology.
The fourth risk factor Toast lists in its prospectus is the potential of Covid to wreak further havoc on the broader economy and market.
Toast acknowledges that it ""cannot accurately forecast the potential impact of additional outbreaks as government restrictions are relaxed, the impact of further shelter-in-place or other government restrictions that are implemented in response to such outbreaks, or the impact on our customers' ability to remain in business, each of which could continue to have an adverse impact on our business.""
WATCH: Crisis management: lessons from the front line",,800,31,18,False,CNBC,en,https://www.cnbc.com/2021/09/13/toast-ipo-could-value-restaurant-tech-vendor-at-16-billion.html
2021-09-13 07:00:00,2021-09-13,Thermo Fisher CEO Marc Casper: 'The base business is growing strongly',"Skip Navigation
Markets
Pre-Markets
U.S. Markets
Europe Markets
China Markets
Asia Markets
World Markets
Currencies
Prediction Markets
Cryptocurrency
Futures & Commodities
Bonds
Funds & ETFs
Business
Economy
Finance
Health & Science
Media
Real Estate
Energy
Climate
Transportation
Investigations
Industrials
Retail
Wealth
Sports
Life
Small Business
Investing
Personal Finance
Fintech
Financial Advisors
Options Action
ETF Street
Buffett Archive
Earnings
Trader Talk
Tech
Cybersecurity
AI
Enterprise
Internet
Media
Mobile
Social Media
CNBC Disruptor 50
Tech Guide
Politics & Policy
White House
Policy
Defense
Congress
Expanding Opportunity
Europe Politics
China Politics
Asia Politics
World Politics
Video
Latest Video
Full Episodes
Livestream
Top Video
Live Audio
Europe TV
Asia TV
CNBC Podcasts
CEO Interviews
Digital Originals
Watchlist
Investing Club
Trust Portfolio
Analysis
Trade Alerts
Meeting Videos
Homestretch
Jim's Columns
Education
Subscribe
PRO
Pro News
Josh Brown
Mike Santoli
Calls of the Day
My Portfolio
Livestream
Full Episodes
Stock Screener
Market Forecast
Options Investing
Chart Investing
Subscribe
Livestream
Menu
Make It
select
USA
INTL
Livestream
Search quotes, news & videos
Livestream
Watchlist
SIGN IN
Create free account
Markets
Business
Investing
Tech
Politics & Policy
Video
Watchlist
Investing Club
PRO
Livestream
Menu
watch now
In this video
TMO
Share
Share Article via Facebook
Share Article via Twitter
Share Article via LinkedIn
Share Article via Email
Closing Bell
Thermo Fisher CEO Marc Casper: 'The base business is growing strongly'
Thermo Fisher President and CEO Marc Casper joins 'Closing Bell' to discuss the company's recent growth and future guidance.
Mon, Sep 13 2021
3:26 PM EDT
watch now
watch now
VIDEO
Dan Niles: We're going into a rate hike cycle so don't fight the Fed or the bond market
an hour ago
watch now
watch now
VIDEO
Kevin Hassett: Pres. Trump 'wholeheartedly rejects' government takeover of AI regulation
4 hours ago
watch now
watch now
VIDEO
Watch CNBC's full interview with White House National Economic Council Director Kevin Hassett
5 hours ago
watch now
watch now
VIDEO
Former Cleveland Fed Pres. Mester: No convincing evidence inflation is on downward path back to 2%
5 hours ago
watch now
watch now
VIDEO
Standard Chartered CEO Bill Winters on the ‘reckless path’ that shaped his banking career
watch now
watch now
VIDEO
Dan Niles: We're going into a rate hike cycle so don't fight the Fed or the bond market
an hour ago
watch now
watch now
VIDEO
Kevin Hassett: Pres. Trump 'wholeheartedly rejects' government takeover of AI regulation
4 hours ago
watch now
watch now
VIDEO
Watch CNBC's full interview with White House National Economic Council Director Kevin Hassett
5 hours ago
watch now
watch now
VIDEO
Former Cleveland Fed Pres. Mester: No convincing evidence inflation is on downward path back to 2%
5 hours ago
watch now
watch now
VIDEO
Standard Chartered CEO Bill Winters on the ‘reckless path’ that shaped his banking career
Load More",,473,7,178,False,CNBC,en,https://www.cnbc.com/video/2021/09/13/thermo-fisher-ceo-marc-casper-the-base-business-is-growing-strongly.html
2021-09-13 21:50:32,2021-09-13,How to track subscriptions you autopay with your credit card,"Terms apply to American Express benefits and offers. Visit americanexpress.com to learn more.
Many subscription services offer a trial or introductory period to entice new customers to try the product, usually at a deep discount and sometimes for free. This can ultimately work out well for the service, as it's counting on you to sign-up with a credit card, set your account to autopay and then forget to cancel.
Many of us have multiple streaming services linked to your credit card, as well as monthly subscription services that deliver all kinds of products to our home, from coffee to wine, cosmetics to pet supplies and any other imaginable consumer product.
But all these subscriptions can get very expensive, very fast. How can you prioritize and decide if you can afford all of these expenses in your monthly budget? We spoke to a few experts to explain how autopay subscriptions can affect not only your cash flow, but your credit score, and how to best manage them.
Should you link your credit cards to autopay subscriptions?
Many streaming services and monthly subscription boxes require a credit card to set up your account. For goods or services that you use and enjoy, this billing arrangement keeps your account active and in good standing.
""Setting up automatic bill payments for subscription services is one way to ensure that you never miss a payment deadline for those services,"" says Rod Griffin, senior director of consumer education for Experian. ""As long as you manage the debt responsibly and are not charging more than you afford to repay each month, using a credit card for monthly subscription fees can have some benefits.""
Here are some benefits for setting up autopay to your credit card
- You can earn rewards. Many credit cards offer a rewards structure, which can yield 1X point per $1 spent. These points can be redeemed for airline miles, merchandise or gift cards, or cash back. The Wells Fargo Active Cash® Card, which has no-annual fee, gives cardholders the chance to earn a flat 2% cash rewards on eligible purchases. And, select cards like the Blue Cash Preferred® Card from American Express offer 6% cash back* per $1 spent for select U.S. streaming services linked to your card
- You get fraud protection. If you feel like you've been overcharged, credit card companies offer protection for purchases made with your account.
- Your credit card account stays active. Griffin points out that linking your credit card to an autopay subscription can be a helpful way to show issuers that you're using your credit card. It's important to charge something from time to time, so the card issuer doesn't close your account due to inactivity. Just make sure you also set up autopay on your credit card bill so you don't miss a payment.
What are the risks of setting up autopay?
The golden rule for credit card use is to pay off your balance in full each month. ""Doing so will help you avoid paying interest fees on these charges and accumulating debt unnecessarily,"" says Griffin.
Unfortunately, it's easy to get into a habit of mindless credit card swiping, and it's even worse when you have a bunch of autopay subscriptions set up and you don't regularly use the service.
If you're using a credit card to pay for an autopay subscription that you cannot really afford, or if you notice that you're having trouble paying your balance in full every month, Griffin suggests you may need to take a closer look at your budget and consider cutting unnecessary expenses.
""While credit can be used as a financial tool, debt can be a financial problem,"" he says. ""Using your credit cards to subscribe to services you can't comfortably afford to repay each month can result in missed payments and high balances, which can damage your credit score.""
If you link your credit card to an autopay subscription, pay careful attention to your credit card statements each month to ensure all charges listed are accurate.
You should also consider the vendor you're using before signing up for autopay. Although autopayments can help you stay on track with bills and other regular payments, be mindful when you give a company permission to charge your credit card each month.
""Before you give a company permission to make automatic withdrawals, make sure the company is legitimate and credible,"" says Amy Zirkle, payments and deposits program manager with the Consumer Financial Protection Bureau. ""You should never give your bank account, debit card or credit card information to a company that you're at all unsure about.""
How to decide if you really need all these subscriptions?
Before signing up for any new service, Griffin advises that it's best to take a look at your overall budget to ensure that you can afford the new expense without putting a strain on your finances.
""For example, if making a new purchase or signing up for a new subscription will make it difficult to contribute to your savings or cause you to struggle meeting any of your other financial obligations, you may want to reconsider,"" he says.
In addition, if you have several of the same types of subscriptions, it's worth taking the time to prioritize. For example, do you need five streaming services, or three types of meal subscriptions each month? Take an inventory of what subscriptions offer you the most value for the cost and decide that way. Cancel the rest.
A good rule to follow is asking yourself whether the purchase is a want or a need, and if it is something that you can comfortably afford, Griffin says. Even if cash is tight, it's OK to have a few small things you splurge on — a workout app you love or a subscription to a streaming service to help you unwind at the end of the day. But you don't need all of them.
In addition, it's important to keep in mind that the pricing of subscription services aren't static. ""Prices change all the time. And generally speaking, when they change, they're not usually getting any cheaper,"" says Monica Eaton-Cardone, COO of Chargebacks911. ""You need to monitor this, because if the price goes up, you might not be auto-paying the correct amount anymore.""
How to track your subscriptions
There are a number of subscription tracking services out there if you don't have the time to track down all the different services you've got on autopay. Select ranked Rocket Money (formerly Truebill) as the top subscription tracker thanks to its easy-to-use interface that lets you see all of your subscriptions in one place. You can link your credit card and bank account to the app, and it will scan your bills for anything recurring charges.
Seeing all your subscriptions in one place can help you decide what's most important, and for an additional fee, Rocket Money (formerly Truebill) will take steps to cancel the subscriptions you don't want.
Even if you don't want to pay for a subscription tracking service, it's worth taking the time every few months to review what you've signed up for and take the time to cancel any you're not using regularly. Some credit card issuers will let you see all the autopay subscriptions you've set up on your card. Chase cardholders can use the Chase Saved Account Manager and Capital One Cardholders can use Eno®—Capital One® Assistant.
While it can be a bit of work to track autopay subscriptions, taking the time to cancel anything you don't need can save you a lot in the long run.
*Cash Back is received in the form of Reward Dollars that can be redeemed as a statement credit or at Amazon.com checkout.",,1322,55,31,False,CNBC,en,https://www.cnbc.com/select/how-to-track-autopay-subscriptions-on-credit-card/
2021-09-14 07:00:00,2021-09-14,"Pelosi told top general Trump should have been 'arrested on the spot' for inciting Capitol insurrection, new book says","House Speaker Nancy Pelosi told the top U.S. Army general that then-President Donald Trump was a ""dictator"" who ""should have been arrested on the spot"" after what she called his coup attempt to remain in the White House by inciting the Jan. 6 Capitol insurrection, a new book reveals.
Pelosi also said during a phone call in January with Joint Chiefs of Staff Chairman Gen. Mike Milley that ""the Republicans have blood on their hands"" for enabling Trump's delusions about his ability to retain the presidency, the book says.
""But it is a sad state of affairs for our country that we've been taken over by a dictator who used force against another branch of government,"" Pelosi, a California Democrat, told Milley during the call several days after the riot, according to ""Peril,"" a new book by Washington Post journalists Bob Woodward and Robert Costa.
""And he's still sitting there. He should have been arrested. He should have been arrested on the spot,"" said Pelosi, who is second in line in the order of presidential succession.
""He had a coup d'etat against us so he can stay in office. There should be some way to remove him,"" said the speaker, who at the time was trying to pursue the suspension of Trump's power as president by getting then-Vice President Mike Pence and the Trump Cabinet to trigger the constitution's 25th Amendment.
The book says Milley believed that the Jan. 6 riot by Trump supporters was a planned, coordinated attack that was designed to overthrow the U.S. government to prevent Congress from confirming the election of Joe Biden as president.
The riot began shortly after Trump urged the crowd at a rally outside the White House to march to the Capitol and fight against the confirmation of Biden's Electoral College victory. The invasion delayed for hours Biden's confirmation, and directly led to five deaths.
The book says that Milley feared that even after the insurrection, Trump might still seek what the general called a ""Reichstag moment,"" a reference to Nazi leader Adolf Hitler assuming full power in Germany after the burning of that nation's Parliament building in 1933.
The book details Milley's efforts to prevent Trump from starting a nuclear war or launching another military attack in his final days in office.
He told Pelosi that ""there's not a snowball's chance in hell this president, or any president can launch nuclear weapons illegally, immorally, unethically without proper certification,"" according to the book.
But after the call, MIlley, who ""felt no absolute certainty that the military could control or trust Trump,"" held a meeting with senior officers of the National Military Command Center to review the procedures for launching nuclear weapons.
Only the president could order such use, he reminded the officers, but told them that he, as chairman of the Joint Chiefs of Staff, must be involved in ordering launches, according to the book.
He then went around the room, having each officer verbally confirm they understood him, the authors wrote.
The authors also wrote that Pence in December called former Vice President Dan Quayle to discuss the pressure he felt from Trump to block Biden's victory.
Pence asked Quayle, his fellow Indiana Republican, if it was possible to intervene as presiding officer of the upcoming joint session of Congress on Jan. 6 to ensure that all of Biden's required 270 Electoral votes were not certified, which in turn would toss the selection of the next president to the House of Representatives.
While Democrats held a simple majority of House seats, Republicans held a majority of state congressional delegations, which would determine the outcome of the election.
""Mike, you have no flexibility on this,"" Quayle said, according to the book. ""None. Zero. Forget it. Put it away.""
Pence then reportedly said he had told Trump that, but that the president believed it could be done, as did other unnamed people.
""You don't, just stop it,"" said Quayle, who as vice president in 1993 presided over the joint session of Congress that confirmed the election of Bill Clinton, who defeated then-President George H.W. Bush.
The book additionally reveals that on Oct. 30, four days before Election Day, Milley called up his military counterpart in China, Gen. Li Zuocheng of the People's Liberation Army, because of intelligence that showed Chinese officials believed the U.S. would attack their country.
The conversation came as Trump had consistently blamed the Covid-19 pandemic on China during campaign appearances.
""General Li, I want to assure you that the American government is stable and everything is going to be okay,"" Milley said, according to the book. ""We are not going to attack or conduct any kinetic operation against you.""
Li replied, ""Okay.""
""I take you at your word,"" Li said, according to the book.
Milley did not tell Trump about the phone call, the authors reported.",,831,41,25,False,CNBC,en,https://www.cnbc.com/2021/09/14/trump-should-have-been-arrested-for-capitol-riot-pelosi-told-milley.html
2021-09-14 07:00:00,2021-09-14,The search for Gabby Petito gains steam,"Skip Navigation
Markets
Pre-Markets
U.S. Markets
Europe Markets
China Markets
Asia Markets
World Markets
Currencies
Prediction Markets
Cryptocurrency
Futures & Commodities
Bonds
Funds & ETFs
Business
Economy
Finance
Health & Science
Media
Real Estate
Energy
Climate
Transportation
Investigations
Industrials
Retail
Wealth
Sports
Life
Small Business
Investing
Personal Finance
Fintech
Financial Advisors
Options Action
ETF Street
Buffett Archive
Earnings
Trader Talk
Tech
Cybersecurity
AI
Enterprise
Internet
Media
Mobile
Social Media
CNBC Disruptor 50
Tech Guide
Politics & Policy
White House
Policy
Defense
Congress
Expanding Opportunity
Europe Politics
China Politics
Asia Politics
World Politics
Video
Latest Video
Full Episodes
Livestream
Top Video
Live Audio
Europe TV
Asia TV
CNBC Podcasts
CEO Interviews
Digital Originals
Watchlist
Investing Club
Trust Portfolio
Analysis
Trade Alerts
Meeting Videos
Homestretch
Jim's Columns
Education
Subscribe
PRO
Pro News
Josh Brown
Mike Santoli
Calls of the Day
My Portfolio
Livestream
Full Episodes
Stock Screener
Market Forecast
Options Investing
Chart Investing
Subscribe
Livestream
Menu
Make It
select
USA
INTL
Livestream
Search quotes, news & videos
Livestream
Watchlist
SIGN IN
Create free account
Markets
Business
Investing
Tech
Politics & Policy
Video
Watchlist
Investing Club
PRO
Livestream
Menu
watch now
Share
Share Article via Facebook
Share Article via Twitter
Share Article via LinkedIn
Share Article via Email
The News with Shepard Smith
The search for Gabby Petito gains steam
CNBC's Shep Smith reports on the police search for clues in the disappearance of Gabby Petito, whose boyfriend returned home to Florida without her.
Tue, Sep 14 2021
7:20 PM EDT
watch now
watch now
VIDEO
Dan Niles: We're going into a rate hike cycle so don't fight the Fed or the bond market
an hour ago
watch now
watch now
VIDEO
Kevin Hassett: Pres. Trump 'wholeheartedly rejects' government takeover of AI regulation
4 hours ago
watch now
watch now
VIDEO
Watch CNBC's full interview with White House National Economic Council Director Kevin Hassett
5 hours ago
watch now
watch now
VIDEO
Former Cleveland Fed Pres. Mester: No convincing evidence inflation is on downward path back to 2%
5 hours ago
watch now
watch now
VIDEO
Standard Chartered CEO Bill Winters on the ‘reckless path’ that shaped his banking career
watch now
watch now
VIDEO
Dan Niles: We're going into a rate hike cycle so don't fight the Fed or the bond market
an hour ago
watch now
watch now
VIDEO
Kevin Hassett: Pres. Trump 'wholeheartedly rejects' government takeover of AI regulation
4 hours ago
watch now
watch now
VIDEO
Watch CNBC's full interview with White House National Economic Council Director Kevin Hassett
5 hours ago
watch now
watch now
VIDEO
Former Cleveland Fed Pres. Mester: No convincing evidence inflation is on downward path back to 2%
5 hours ago
watch now
watch now
VIDEO
Standard Chartered CEO Bill Winters on the ‘reckless path’ that shaped his banking career
Load More",,473,7,176,False,CNBC,en,https://www.cnbc.com/video/2021/09/14/the-search-for-gabby-petito-gains-steam.html
2021-09-14 07:00:00,2021-09-14,Chinese students hit by U.S. visa rejections amid tension,"After a semester online, Wang Ziwei looked forward to meeting classmates who are returning to campus at Washington University in St. Louis. But the 23-year-old finance student said the U.S. revoked his student visa on security grounds.
Wang is among at least 500 students the Chinese government says have been rejected under a policy issued by then-President Donald Trump to block Beijing from obtaining U.S. technology with possible military uses. Students argue it is applied too broadly and fume at what they say is an accusation they are spies.
""The whole thing is nonsense,"" Wang said. ""What do we finance students have to do with the military?""
The students join companies and individuals whose plans have been disrupted by U.S.-Chinese tension over technology and security, Beijing's military buildup, the origins of the coronavirus, human rights and conflicting claims to the South China Sea and other territory.
The policy blocks visas for people who are affiliated with the ruling Communist Party's military wing, the People's Liberation Army, or universities deemed by Washington to be part of military modernization efforts.
U.S. officials say they believe thousands of Chinese students and researchers participate in programs that encourage them to transfer medical, computer and other sensitive information to China.
Washington cites Beijing's strategy of ""civil-military fusion,"" which it says treats private companies and universities as assets to develop Chinese military technology.
""Joint research institutions, academia and private firms are all being exploited to build the PLA's future military systems — often without their knowledge or consent,"" the State Department said in a 2020 report.
Trump's successor, Joe Biden, has given no indication of what he might do.
Chinese officials appealed to U.S. Deputy Secretary of State Wendy Sherman to drop the visa restrictions when she visited in July, according to The Paper, a Shanghai online news outlet.
The policy is necessary to ""protect U.S. national security interests,"" the U.S. Embassy in Beijing said in a statement. It said the policy is a response to ""some abuses of the visa process"" and is ""narrowly targeted.""
More than 85,000 visas for Chinese students have been approved over the past four months, according to the embassy.
""The numbers show clearly that the United States stands ready to issue visas to all those who are qualified — including Chinese students and scholars,"" it said.
China is the biggest source of foreign students in the United States, according to U.S. government data. The number fell 20% in 2020 from the previous year but at 380,000 was nearly double that of 
second-ranked India.
An engineer at a state-owned aircraft manufacturer said he was turned down for a visa to accompany his wife, a visiting scholar in California studying pediatric cancer.
The engineer, who would give only his surname, Huang, has undergraduate and graduate degrees from the Harbin Institute of Technology in China's northeast. It is one of seven schools Chinese news reports say are associated with visa rejections because they are affiliated with the Ministry of Industry and Information Technology.
""I was insulted,"" Huang said. ""That I graduated from this school means I am a spy? What's the difference between this and racism?""
Huang said his wife's fellowship was two to three years, but she will cut that to one, ""sacrificing her career"" to avoid being away from their two children for too long.
""It's a pretty big impact on individuals when one country fights with another,"" Huang said.
Rejection letters received by several students cited Trump's order but gave no details of the decision. However, some students said they received rejections immediately after being asked which university they attended.
Wang, the finance student, said he obtained a visa, but the U.S. Embassy called later and said it was revoked.
Wang graduated from the Beijing Institute of Technology, another university associated with visa rejections due to its connection with the industry ministry. Others include Beijing Aerospace University, Nanjing University of Science and Technology, Nanjing University of Aeronautics and Astronautics, Harbin Engineering University and Northwestern Polytechnical University.
Graduates of the Beijing University of Posts and Telecommunications also say they have been rejected.
Five Chinese scientists at universities in California and Indiana were charged last year with lying about possible military connections on visa applications. Those charges were dropped in July after the Justice Department said an FBI report indicated such offenses often had no connection to technology theft.
The Chinese government complained in August that three students who had visas were refused entry into the United States at the Houston airport after military training photos were found in their phones.
Beijing ""strongly deplores and rejects"" the policy and appealed to the U.S. government to make changes, Foreign Ministry spokesperson Wang Wenbin said.
A group that says it represents more than 2,000 students and scholars has announced plans for a lawsuit asking a court to throw out or narrow the restrictions.
At Washington University in St. Louis, a ""handful of student visas"" were affected, according to Kurt Dirks, vice chancellor for international affairs.
Students can start the semester online or wait until next year, Dirks said in an email.
""Should they continue to face challenges, the university will work with them so they can complete their program online,"" Dirks said.
Monica Ma, 23, said she was turned down for a U.S. visa to complete a master's degree in information management at Carnegie Mellon University.
The graduate of the Beijing University of Posts and Telecommunications said after spending a year in Australia working on her degree, she needs to attend classes in person at Carnegie Mellon in Pittsburgh because they no longer are taught online.
Ma said she has a job offer from an internet company that requires her to complete her degree. She has postponed her attendance for classes until next year in hopes she can obtain a visa by then.
""I cannot change it through my efforts. That's the saddest part,"" Ma said.
Li Quanyi, an electrical engineering student from the southern city of Guiyang, said he was accepted by Columbia University but failed to obtain a visa. Li graduated from the Beijing University of Posts and Telecommunications.
Carnegie Mellon and Columbia didn't respond to questions sent by email.
Li has moved to Hong Kong and said he is happy there.
""I am not going, even if the rule changes,"" Li said. ""The United States rejected me, and I am not going.""",,1094,62,39,False,CNBC,en,https://www.cnbc.com/2021/09/14/chinese-students-hit-by-us-visa-rejections-amid-tension.html
2021-09-14 07:00:00,2021-09-14,"DOJ opens civil rights probe of Georgia prisons, will eye violence against inmates, LGBTQ prisoners","The U.S. Justice Department said Tuesday it is opening a civil rights investigation of prisons in Georgia, with a focus on harm against inmates by other prisoners, and the targeting of LGBTQ inmates for sexual violence by prisoners and staff.
The probe comes as prisons in Georgia saw at least 26 people in its prisons dying from confirmed or suspected homicides in 2020, 18 such cases this year, and ""reports of countless other assaults,"" said Assistant Attorney General Kristen Clarke, head of the DOJ's Civil Rights Division.
She also cited a major riot in one prison last year, and disturbances elsewhere in Georgia's correctional system.
Clarke said the investigation was motivated by complaints by inmates, family members and other ""stakeholders"" such as advocacy groups, as well as by ""an extensive review of publicly available information,"" including leaked photos showing gang activity in Georgia prisons.
""We did find sufficient justification to open this investigation,"" said Clarke, who spoke at a Zoom press conference with the acting U.S. attorneys who head prosecutors' offices in all three of Georgia's federal districts.
Clarke said the probe will examine whether Georgia prisons are violating the 8th Amendment rights of inmates. That constitutional amendment bars government authorities from imposing ""cruel and unusual punishments"" on prisoners.
""This is a top priority for the Civil Rights Division of the Justice Department: ensuring lawful and humane conditions in our nation's jails,"" she said.
Clarke said that extreme staffing shortages and high turnover among correctional officers ""are persistent problems in Georgia.""
She noted that ""without adequate supervision"" by prison staff, inmates are at increased risk of harming or killing themselves.
But, Clarke added, ""We've drawn no conclusions yet. This investigation will allow us to go in and investigate the facts.""
Clarke said that if the investigators determine violations by Georgia's prison system, ""we will work with the state to work on mutually acceptable solutions.""
She said the DOJ has ""been looking at Georgia prisons for years.""
""We opened an investigation in 2016. And while I can't comment on the status of an open investigation, we're continuing the work that we initiated,"" Clarke said.
The prior investigation was eyeing the treatment of gay and transgender inmates in Georgia's correction institutions.
That probe was the first DOJ probe to focus on LGBT inmates.
U.S. Sen. Jon Ossoff, D-Georgia, in a statement later Tuesday said, ""Conditions of incarceration in Georgia are unacceptable, and I will continue to drive the attention and resources of the Federal government toward solutions and accountability.""
""I applaud today's announcement by the Department of Justice. It is an important first step toward protecting the human rights of incarcerated people in Georgia's prisons,"" Ossoff said. ""I thank Attorney General [Merrick] Garland and Assistant Attorney General Clarke for listening as I've raised this issue and for taking action.""",,483,21,17,False,CNBC,en,https://www.cnbc.com/2021/09/14/doj-opens-probe-of-violence-against-georgia-prison-inmates.html
2021-09-14 07:00:00,2021-09-14,"Democrat Gavin Newsom easily survives California recall, will remain governor","Gavin Newsom survived a Republican attempt to remove him from office as California's governor, ensuring that the Democrat can serve out the rest of his term as the top official in the nation's most populous state, according to an NBC News projection.
With 70% of the expected vote counted Wednesday, Newsom led with 5.8 million, or 63.9%, against removing him from office, compared with 3.3 million, or 36.1%, in favor of the recall.
Polls for in-person voting closed at 11 p.m. ET on Tuesday. Voters had been submitting mail-in ballots for a few weeks ahead of time.
""'No' is not the only thing that was expressed tonight,"" Newsom said late Tuesday in thanking voters.
""We said yes to science. We said yes to vaccines. We said yes to ending this pandemic. We said yes to people's right to vote without fear of fake fraud or voter suppression. We said yes to women's fundamental, constitutional right to decide for herself what she does with her body and her fate and future,"" he said.
The gubernatorial recall effort was the second in California's history to qualify for the ballot, giving Republicans a chance to seize power in an otherwise deep-blue state.
Voters were asked two questions: should Newsom be replaced, and if he is recalled, who out of his 46 opponents in the election should take his place?
Newsom, who was elected by an overwhelming margin in 2018 to a term that would end in 2023, spent months trying to fend off the Republican-led effort that gained traction last year over allegations that he mishandled the state's response to the coronavirus pandemic.
Nearly 1.5 million Californians signed the recall petition due to frustrations over state-issued health orders and the appearance of a maskless Newsom at a dinner party at a posh Napa Valley restaurant during the height of surging Covid cases.
The recall effort became just one of the several crises that Newsom, steward of the biggest state economy in the United States, had to juggle in the past year, in addition to wildfires, drought, rising costs of living and, of course, the pandemic. Fresh data from the Centers for Disease Control and Prevention show that Covid transmission rates in California are dropping.
President Joe Biden, in a statement released Wednesday, said Newsom's victory is an endorsement of the Democratic leaders' approach to fighting the pandemic.
""This vote is a resounding win for the approach that he and I share to beating the pandemic: strong vaccine requirements, strong steps to reopen schools safely, and strong plans to distribute real medicines — not fake treatments — to help those who get sick,"" the president said.
Polling over the summer showed more of a tight race in the recall election but recently shifted in Newsom's favor.
His campaign drove turnout among complacent Democratic voters, who outnumber Republicans in the state's electorate by 2 to 1, as they gained a colossal lead in early mail-in ballot returns.
The governor had a huge money advantage over his opponents. He had a $70 million campaign war chest and unleashed a flurry of anti-recall ads with prominent Democrats such as former President Barack Obama vouching for him to stay in office.
Newsom received a final push from Biden, who said at a rally Monday that the results of the election will be felt nationally, shaping the country's direction on climate change, the pandemic and even reproductive rights.
Biden also slammed conservative talk show host Larry Elder, the Republican front-runner of the election, describing him as a ""clone"" of former President Donald Trump.
Elder drummed up far more support than any of the challengers vying to succeed Newsom, holding a substantial lead over the rest of the field in recent polling. He vowed to reverse vaccination and mask mandates, and echoed Trump's false claims about widespread voter fraud in the 2020 elections, laying the groundwork for misinformation about the recall election.
A wide variety of personalities made up the other 45 candidates who fell short of gaining support from voters. Republican candidates include Caitlyn Jenner, a former reality TV personality and Olympic athlete, and John Cox, who has traveled to campaign events with a live Kodiak bear.
As for Democratic candidates, Hollywood actor Patrick Kilpatrick and YouTube millionaire Kevin Paffrath ran to succeed Newsom.",,738,30,20,False,CNBC,en,https://www.cnbc.com/2021/09/15/california-recall-election-results.html
2021-09-14 07:00:00,2021-09-14,Sportradar CEO discusses his company's growth opportunities.,"Skip Navigation
Markets
Pre-Markets
U.S. Markets
Europe Markets
China Markets
Asia Markets
World Markets
Currencies
Prediction Markets
Cryptocurrency
Futures & Commodities
Bonds
Funds & ETFs
Business
Economy
Finance
Health & Science
Media
Real Estate
Energy
Climate
Transportation
Investigations
Industrials
Retail
Wealth
Sports
Life
Small Business
Investing
Personal Finance
Fintech
Financial Advisors
Options Action
ETF Street
Buffett Archive
Earnings
Trader Talk
Tech
Cybersecurity
AI
Enterprise
Internet
Media
Mobile
Social Media
CNBC Disruptor 50
Tech Guide
Politics & Policy
White House
Policy
Defense
Congress
Expanding Opportunity
Europe Politics
China Politics
Asia Politics
World Politics
Video
Latest Video
Full Episodes
Livestream
Top Video
Live Audio
Europe TV
Asia TV
CNBC Podcasts
CEO Interviews
Digital Originals
Watchlist
Investing Club
Trust Portfolio
Analysis
Trade Alerts
Meeting Videos
Homestretch
Jim's Columns
Education
Subscribe
PRO
Pro News
Josh Brown
Mike Santoli
Calls of the Day
My Portfolio
Livestream
Full Episodes
Stock Screener
Market Forecast
Options Investing
Chart Investing
Subscribe
Livestream
Menu
Make It
select
USA
INTL
Livestream
Search quotes, news & videos
Livestream
Watchlist
SIGN IN
Create free account
Markets
Business
Investing
Tech
Politics & Policy
Video
Watchlist
Investing Club
PRO
Livestream
Menu
watch now
In this video
SRAD
Share
Share Article via Facebook
Share Article via Twitter
Share Article via LinkedIn
Share Article via Email
Squawk on the Street
Sportradar CEO discusses his company's growth opportunities.
Sportradar CEO Carsten Koerl joins 'Squawk on the Street' to discuss his company on its first day of trading on the Nasdaq index.
Tue, Sep 14 2021
11:24 AM EDT
watch now
watch now
VIDEO
Dan Niles: We're going into a rate hike cycle so don't fight the Fed or the bond market
an hour ago
watch now
watch now
VIDEO
Kevin Hassett: Pres. Trump 'wholeheartedly rejects' government takeover of AI regulation
4 hours ago
watch now
watch now
VIDEO
Watch CNBC's full interview with White House National Economic Council Director Kevin Hassett
5 hours ago
watch now
watch now
VIDEO
Former Cleveland Fed Pres. Mester: No convincing evidence inflation is on downward path back to 2%
5 hours ago
watch now
watch now
VIDEO
Standard Chartered CEO Bill Winters on the ‘reckless path’ that shaped his banking career
watch now
watch now
VIDEO
Dan Niles: We're going into a rate hike cycle so don't fight the Fed or the bond market
an hour ago
watch now
watch now
VIDEO
Kevin Hassett: Pres. Trump 'wholeheartedly rejects' government takeover of AI regulation
4 hours ago
watch now
watch now
VIDEO
Watch CNBC's full interview with White House National Economic Council Director Kevin Hassett
5 hours ago
watch now
watch now
VIDEO
Former Cleveland Fed Pres. Mester: No convincing evidence inflation is on downward path back to 2%
5 hours ago
watch now
watch now
VIDEO
Standard Chartered CEO Bill Winters on the ‘reckless path’ that shaped his banking career
Load More",,475,8,178,False,CNBC,en,https://www.cnbc.com/video/2021/09/14/sportradar-ceo-discusses-his-companys-growth-opportunities.html
2021-09-14 07:00:00,2021-09-14,"Macao kicks off public gaming consultation, sending stocks plunging","Macao begins a 45-day public gaming consultation on Wednesday to gauge consensus ahead of a closely watched rebidding of its multi-billion dollar casinos, with expectations of tighter regulations sending shares in Macao operators plunging.
Lei Wai Nong, secretary for economy and finance in the world's biggest gambling hub, said the government will further promote the ""sustained and healthy development"" of Macao's gambling industry as there were still some deficiencies in industry supervision.
Shares of Hong Kong-listed Macao casinos plunged between 16% to 28% on Wednesday morning, following heavy falls overnight in U.S. casino stocks with Macao operations as investors panicked over potential new regulations.
Macao's casino operators Sands China, Wynn Macau, Galaxy Entertainment, SJM Holdings, Melco Entertainment and MGM China are all required to rebid for their casino licenses when they expire in June 2022. There has been no clarity yet on the process from the government on what is required.
D.S. Kim, an analyst at JPMorgan in Hong Kong, said they were downgrading all Macao gaming names from overweight to neutral or underweight following the briefing due to heightened scrutiny on capital management and daily operations ahead of the license renewal.
""We admit it's only a 'directional' signal, while the level of actual regulation/execution still remains a moot point,"" he said, adding that the announcement would have already planted a seed of doubt in investors' minds.
At a press briefing on Tuesday, Lei detailed nine areas for the consultation, including the number of licenses to be given, increased regulation and protecting employee welfare, as well as introducing government representatives to supervise day-to-day operations at the casinos.
A Chinese special administrative region, Macao has massively tightened scrutiny of casinos in recent years, with authorities clamping down on illicit capital flows from mainland China and targeting underground lending and illegal cash transfers.
Beijing has also intensified a war on cross-border flows of funds for gambling, affecting the financing channels of Macao's junket operators and their VIP casino customers.
In June this year, Macao more than doubled the number of gaming inspectors and restructured several departments to ramp up supervision.
J.P. Morgan's Kim downgraded Macao operators Sands, Wynn and Melco to ""underweight"" from ""overweight"" and shifted Galaxy, SJM and MGM to ""neutral.""
George Choi, an analyst at Citigroup in Hong Kong, said that while the public consultation document offered limited details, the suggested revisions enhance long-term sustainable growth for the industry with ""positive implications on the six casino operators.""
He cautioned, however, that ""we will not be surprised if the market focuses only on the potentially negative implications, given the weak investor sentiment.""
The consultation comes as Macao has struggled with a dearth of travelers because of coronavirus curbs since the start of 2020. While gambling revenues have picked up in recent months, they remain at less than half of 2019 monthly hauls.",,488,16,14,False,CNBC,en,https://www.cnbc.com/2021/09/15/macao-kicks-off-public-gaming-consultation-ahead-of-casino-rebidding.html
2021-09-14 07:00:00,2021-09-14,Consumer prices post smaller-than-expected increase in August,"Prices for an array of consumer goods rose less than expected in August in a sign that inflation may be starting to cool, the Labor Department reported Tuesday.
The consumer price index, which measures a basket of common products as well as various energy goods, increased 5.3% from a year earlier and 0.3% from July. A month ago, prices rose 0.5% from June.
Economists surveyed by Dow Jones had been expecting a 5.4% annual rise and 0.4% on the month.
Stripping out volatile food and energy prices, the CPI rose just 0.1% for the month vs. the 0.3% estimate, and 4% on the year against the expectation of 4.2%.
The 5.3% annual increase still keeps inflation at its hottest level in about 13 years, though the August numbers indicate the pace may be abating.
Markets initially rallied following the release, with stock index futures well off their morning lows. However, the market headed lower after the open.
Energy prices accounted for much of the inflation increase for the month, with the broad index up 2% and gasoline prices rising 2.8%. Food prices were up 0.4%. Energy is up 25% from a year ago and gasoline has surged 42% during the period.
However, excluding those two categories resulted in the slowest monthly CPI increase since February.
Used car and truck prices, which had been a major feeder of the headline inflation gains, fell 1.5% in August but are still up 31.9% year on year. New vehicle prices, though, rose 1.2%.
Transportation services declined 2.3% for the month.
Federal Reserve officials have been watching inflation closely but have largely said they believe this year's burst will be temporary and due to factors that will soon fade. They cite supply chain bottlenecks, shortages of critical products like semiconductors and heightened pandemic-related demand for goods as major contributors that at some point will drift back to normal levels.
Markets largely expect the Fed to start pulling back on some of the unprecedented monetary policy help the central bank has provided during the pandemic. Fed policymakers themselves have indicated that they probably will start slowing the pace of their monthly bond purchases before the end of the year.
Investor fears about inflation have calmed as well. The Bank of America Fund Manager Survey for September indicated that a net level of respondents now expect inflation to fall over the next 12 months. As recently as April, a net 93% were expecting it to increase.
Become a smarter investor with CNBC Pro.
Get stock picks, analyst calls, exclusive interviews and access to CNBC TV.
Sign up to start a free trial today.",,453,26,16,False,CNBC,en,https://www.cnbc.com/2021/09/14/consumer-price-index-august-2021.html
2021-09-14 07:00:00,2021-09-14,SmileDirectClup jumps as Reddit's new rocket,"Skip Navigation
Markets
Pre-Markets
U.S. Markets
Europe Markets
China Markets
Asia Markets
World Markets
Currencies
Prediction Markets
Cryptocurrency
Futures & Commodities
Bonds
Funds & ETFs
Business
Economy
Finance
Health & Science
Media
Real Estate
Energy
Climate
Transportation
Investigations
Industrials
Retail
Wealth
Sports
Life
Small Business
Investing
Personal Finance
Fintech
Financial Advisors
Options Action
ETF Street
Buffett Archive
Earnings
Trader Talk
Tech
Cybersecurity
AI
Enterprise
Internet
Media
Mobile
Social Media
CNBC Disruptor 50
Tech Guide
Politics & Policy
White House
Policy
Defense
Congress
Expanding Opportunity
Europe Politics
China Politics
Asia Politics
World Politics
Video
Latest Video
Full Episodes
Livestream
Top Video
Live Audio
Europe TV
Asia TV
CNBC Podcasts
CEO Interviews
Digital Originals
Watchlist
Investing Club
Trust Portfolio
Analysis
Trade Alerts
Meeting Videos
Homestretch
Jim's Columns
Education
Subscribe
PRO
Pro News
Josh Brown
Mike Santoli
Calls of the Day
My Portfolio
Livestream
Full Episodes
Stock Screener
Market Forecast
Options Investing
Chart Investing
Subscribe
Livestream
Menu
Make It
select
USA
INTL
Livestream
Search quotes, news & videos
Livestream
Watchlist
SIGN IN
Create free account
Markets
Business
Investing
Tech
Politics & Policy
Video
Watchlist
Investing Club
PRO
Livestream
Menu
watch now
Share
Share Article via Facebook
Share Article via Twitter
Share Article via LinkedIn
Share Article via Email
Power Lunch
SmileDirectClup jumps as Reddit's new rocket
CNBC's Kristina Partsinevelos joins Power Lunch to discuss the stock's surge in trading volume. The company is still not profitable, but revenue is on the rise.
Tue, Sep 14 2021
2:31 PM EDT
watch now
watch now
VIDEO
Dan Niles: We're going into a rate hike cycle so don't fight the Fed or the bond market
an hour ago
watch now
watch now
VIDEO
Kevin Hassett: Pres. Trump 'wholeheartedly rejects' government takeover of AI regulation
4 hours ago
watch now
watch now
VIDEO
Watch CNBC's full interview with White House National Economic Council Director Kevin Hassett
5 hours ago
watch now
watch now
VIDEO
Former Cleveland Fed Pres. Mester: No convincing evidence inflation is on downward path back to 2%
5 hours ago
watch now
watch now
VIDEO
Standard Chartered CEO Bill Winters on the ‘reckless path’ that shaped his banking career
watch now
watch now
VIDEO
Dan Niles: We're going into a rate hike cycle so don't fight the Fed or the bond market
an hour ago
watch now
watch now
VIDEO
Kevin Hassett: Pres. Trump 'wholeheartedly rejects' government takeover of AI regulation
4 hours ago
watch now
watch now
VIDEO
Watch CNBC's full interview with White House National Economic Council Director Kevin Hassett
5 hours ago
watch now
watch now
VIDEO
Former Cleveland Fed Pres. Mester: No convincing evidence inflation is on downward path back to 2%
5 hours ago
watch now
watch now
VIDEO
Standard Chartered CEO Bill Winters on the ‘reckless path’ that shaped his banking career
Load More",,473,8,176,False,CNBC,en,https://www.cnbc.com/video/2021/09/14/smiledirectclup-jumps-as-reddits-new-rocket.html
2021-09-14 07:00:00,2021-09-14,"China's retail sales grew 2.5% in August, far slower than 7% expected","China's retail sales grew a disappointing 2.5% in August from a year ago as the country dealt with the worst outbreak of Covid-19 since its initial spread in early 2020.
Data on consumer spending released by the National Bureau of Statistics on Wednesday came in well below the 7% growth forecast by analysts polled by Reuters.
Industrial production growth was also slightly below expectations, up 5.3% in August versus predictions of 5.8% growth.
Fixed asset investment for the first eight months of the year rose 8.9% from a year ago, the data showed.
Mainland China controlled a late July outbreak of the highly contagious delta variant by mid-August. Under Beijing's ""zero tolerance"" policy, authorities had imposed travel restrictions and local lockdowns within the country during a major part of the summer holidays.
""It's hard for retail sales to return to the pre-COVID growth under the zero-tolerance strategy,"" Larry Hu, chief Chinese economist at Macquarie, said in a note Wednesday. ""How long the government would stick to the strategy depends on the vaccination ratio and vaccine efficacy. At this stage, it seems that policymakers will stick to the zero-tolerance strategy at least before the Olympics [this coming] Feb.""
Figures for last month also compare to a higher base than the first half of the year as China had already mostly emerged from the height of the coronavirus pandemic last summer.
National Bureau of Statistics spokesperson Fu Linghui pointed out at a press conference Wednesday that after declining in the wake of the pandemic, retail sales returned to growth in August 2020.
He added in response to a separate question that ""some large-scale real estate companies have encountered some difficulties in the process of production and operations, and the impact to the entire industry needs to be observed."" That's according to a CNBC translation of his Mandarin-language remarks.
Real estate impact
Chinese authorities have sought to limit speculation in the real estate market. The industry, along with related industries such as construction, accounts for more than a quarter of national GDP, Moody's estimates.
More stringent regulation on how property developers can use debt to expand their businesses has particularly hit highly indebted real estate giant China Evergrande. The company warned two times in a month it could default on its debt.
Investment in real estate development from January to August grew by 10.9% from a year ago, a slowdown of 0.3 percentage points from the growth rate of the first seven months of the year, the statistics bureau said Wednesday.
The latest economic data also show that real estate-related consumption remains weak, said Bruce Pang, head of macro and strategy research at China Renaissance. He pointed to low sales in August for furniture and construction and decoration products, and home appliances, which saw sales decline by 5% last month from a year ago.
Pang said that, given a decline in auto sales and the impact of Covid, the overall slowdown in retail sales growth last month does not change his firm's generally cautious view on the Chinese consumer market in the second half of this year.
The unemployment rate in cities remained unchanged from July at 5.1% in August, while that for workers aged 16 to 24 fell slightly to 15.3%.",BEIJING,561,20,16,False,CNBC,en,https://www.cnbc.com/2021/09/15/chinas-retail-sales-grew-far-slower-than-expected-in-august.html
2021-09-14 19:55:59,2021-09-14,The Hilton Honors American Express Card review: Automatic elite status and no annual fee,"Terms apply to American Express benefits and offers. Visit americanexpress.com to learn more.
The Hilton Honors American Express Card is one of four different Hilton cobranded cards offered by American Express. With no annual fee (see rates and fees), this card gives consumers the chance to earn rewards to stay at thousands of Hilton properties with little obligation to maximize every benefit.
Once you earn a sizeable amount of points, you will be able to redeem them for free hotel nights at one of the thousands of Hilton properties around the world. In addition, the card provides complimentary Hilton HonorsTM Silver status, giving you several benefits like no resort fees on award stays.
While this card has no annual fee, is this the right hotel card for you? Select reviews the Hilton Amex card, analyzing its welcome bonus offer, return on spend and more to help you decide if it's the best card for you.
The Hilton Honors American Express Card has no annual fee and you can earn Hilton Honors Gold status through the end of the next calendar year when you spend $20,000 in eligible purchases on your Card in a calendar year.
- No annual fee
- Few valuable ongoing benefits such as statement credits
Highlights
Highlights shown here are provided by the issuer and have not been reviewed by CNBC Select's editorial staff.
- Earn 70,000 Bonus Points plus a Free Night Reward after you spend $2,000 in purchases on the card in the first 6 months of Card Membership. Offer ends 01/13/2027.
- No Annual Fee.
- Earn 7X Hilton Honors Bonus Points for each dollar of eligible purchases charged on your Card directly with a hotel or resort within the Hilton portfolio.
- Earn 5X Hilton Honors Bonus Points for each dollar of eligible purchases on your Card: at U.S. restaurants, at U.S. supermarkets, at U.S. gas stations.
- Earn 3X Hilton Honors Bonus Points for all other eligible purchases on your Card.
- Enjoy complimentary Hilton Honors Silver Status with benefits like a 20% Bonus on Base Points earned on stays, fifth night free on standard room reward stays with 100% Points, and more.
- No Foreign Transaction Fees. Enjoy international travel without additional fees on purchases made abroad.
- Spend $20,000 in eligible purchases on your Card in a calendar year and you can earn Hilton Honors Gold status through the end of the next calendar year. With Gold status, you can enjoy: An 80% Bonus on Base Points you earn on every stay, Space-available room upgrades at select properties, A daily food & beverage credit at select brands in the U.S. and complimentary continental breakfast at select brands outside of the U.S., and Fifth night free when you book a standard room stay with 100% Points.
- Apply with confidence. Know if you're approved for a Card with no impact to your credit score. If you're approved and you choose to accept this Card, your credit score may be impacted.
- Terms Apply.
- See Rates & Fees
The Hilton Honors American Express Card review
Welcome bonus
While many no annual fee cards come with small welcome offers, the Hilton Amex card comes out swinging with a generous bonus: Earn 70,000 Bonus Points plus a Free Night Reward after you spend $2,000 in purchases on the card in the first 6 months of Card Membership. Offer ends 01/13/2027.
Benefits and perks
The Hilton Amex card is a bit slimmer in benefits than the other Hilton Amex cards. The main benefits of the card are:
- Complimentary Hilton HonorsTM Silver status
- No foreign transaction fees*
- Rental car insurance**
- No cost to add additional users
**Eligibility and Benefit level varies by Card. Terms, Conditions and Limitations Apply. Please visit americanexpress.com/benefitsguide for more details. Underwritten by AMEX Assurance Company. Car Rental Loss or Damage Coverage is offered through American Express Travel Related Services Company, Inc.
The main benefit of the card is the complimentary Hilton HonorsTM Silver status. The Silver status gets you several benefits, including fifth night free when you spend your points on five consecutive nights on one reservation. Silver Status also gives you a 20% Bonus on Base Points you earn on every stay.
How to earn and redeem Hilton Honors points
Earning Hilton Honors points
The two best ways to earn Hilton Honors points is by either staying at Hilton hotels or by spending on Hilton co-branded cards.
If you stay at Hilton Hotels regularly, you can easily earn rewards that way. All you need to do is attach your Hilton Honors number to your Hilton reservation and book directly with the hotel (stays booked through third-parties like Expedia often don't earn points), and you will earn points based on that stay. But for most Americans, especially with the slow down of both business and leisure travel during the pandemic, hotel stays have been less frequent.
For most, the more realistic way to earn hoards of Hilton Honors points is by earning a welcome bonus and spending on a Hilton co-branded card like the Hilton Honors American Express Surpass® Card. However, you are not restricted to just one Hilton card. You are able to have more than one Hilton card, and if you are able to meet multiple welcome offer thresholds, you will see your points balance skyrocket.
If you are considering this strategy, here are the other Hilton cobranded cards:
- Hilton Honors American Express Aspire Card: Earn 200,000 Hilton Honors Bonus Points with the Hilton Honors American Express Aspire Card after you spend $6,000 in purchases on the Card within your first 6 months of Card Membership. Offer ends 01/13/2027.
- Hilton Honors American Express Surpass® Card: Earn 130,000 Bonus Points plus a Free Night Reward after you spend $3,000 in purchases on the Hilton Honors American Express Surpass® Card in the first 6 months of Card Membership. Offer ends 01/13/2027.
- The Hilton Honors American Express Business Card: Limited Time Offer: Earn 150,000 Hilton Honors Bonus Points plus a Free Night Reward after you spend $8,000 in purchases on the Hilton Honors Business Card in the first six months of Card Membership. Offer ends 1/13/2027.
You can also earn Hilton points through the hotel's partnership with Lyft and can transfer Amex Membership Rewards points to Hilton at a 1:2 ratio. Earning Amex points with an Amex card can be a good strategy to earn flexible rewards with the option to convert them into Hilton points at a later date.
Redeeming Hilton Honors points
Once you've earned the points, redeeming them is the fun part.
Hilton has over 6,500 properties in 119 countries, at all different price tags and levels of luxury. Some of the most recognizable brands include: Waldorf Astoria, Conrad, DoubleTree, Hampton, Hilton Garden Inn and Hilton Grand Vacations.
Hilton Honors points are also great to earn as they have no blackout dates on when you can redeem points, so you never have to worry about whether you can use them or not. However, Hilton Honors operates on 'dynamic pricing', which means that prices for award nights will fluctuate as demand goes up. This means that one Saturday night could be 40,000 points per night, while the next Saturday night could be 74,000 points for the same room. The amount of points you pay is often associate with the cash price of the room.
This is different than Hyatt and Marriott, which both have an award chart. However, prices can slightly vary based on demand as both hotel chains have award individual charts for off-peak, standard, and peak dates.
However, there are a few things to keep in mind before you redeem your points:
- Estimated value: While there is no confirmed value from Hilton, many travel rewards enthusiasts have estimated the value of Hilton Honors points at 0.5 cents per point. It isn't 'bad' per se to redeem them for less, but it is a good benchmark to keep in mind when redeeming your points.
- Fifth night free: If you have at least Silver status within Hilton Honors, you are able to enjoy a fifth night free when you book five consecutive nights on one reservation using points. This is a great way to stretch the value of your points even farther, since you're essentially getting a 20% discount on five night stays.
- Points + money option: When you're booking a room using points, you may find yourself without enough points to cover the cost of the entire room. Hilton will give you an option to cover the remaining balance with cash. This is a great option if you are just short of enough points for a room.
- Transfer your points to airline or train loyalty programs: You can transfer your Hilton points to a list of different airline and train loyalty programs. However, the value you will realize is pretty low. For example, for every 10,000 Hilton Honors points you will earn a modest 1,000 Delta SkyMiles. In nearly all cases, it is best to use your Hilton Honors points for Hilton nights.
If you are short a small amount of points for a stay, try sending a tweet to Hilton Honors. If you ask kindly that you need a few extra points, they may add the remaining amount to your account as a courtesy to complete the booking. However, your results may vary.
Rates and fees
The card has no annual fee. It does not have any foreign transaction fees*.
If you plan on carrying a balance month to month, this card may not be the best because of its high interest rate*. If you want to avoid accruing interest, consider a card with a 0% introductory APR offer.
Card comparison
The Hilton Honors American Express Card is a solid choice for someone who visits Hilton properties at least once per year, but isn't necessarily loyal to the hotel brand.
Select analyzed three other travel cards to see how they match up with one another.
The Hilton Honors American Express Card vs. Citi Double Cash® Card
The Citi Double Cash® Card is regarded as one of the best cash back credit cards as it earns 2% cash back on every purchase: 1% on all eligible purchases and an additional 1% after you pay your credit card bill. See rates and fees.
However, if you take the spending example above of $22,126 per year, that would equate to $442 in cash back without tracking any spending categories.
And you can take the cash back, and move it to one of several different accounts including a high-yield savings account or a brokerage account to grow your savings.
If you are deciding between these two, you must decide which reward is more valuable to you: cash back or hotel points. It is also important to keep in mind that any type of travel reward points are subject to devaluation.
Cash back offers simplicity and flexibility, while travel rewards takes a bit more planning and strategy. So depending on how much effort you want to put in and how much travel you do, pick the card that matches that.
The Hilton Honors American Express Card vs. Chase Sapphire Preferred® Card
The Chase Sapphire Preferred® Card (See rates and fees) is known as one of the best travel credit cards available because of its transferable and easy-to-redeem rewards. It has a modest $95 annual fee, but it quickly makes up the annual fee cost in excellent benefits including travel insurance and broad spending categories.
As you spend on the card, you will earn:
- 5X points for every dollar spent on travel purchased through Chase TravelSM
- 3X points for every dollar spent on dining, on vacation homes, on gas & EV charging, on top streaming services and online groceries (excluding Walmart, Target, and wholesale clubs)
- 2X points for every dollar spent on other travel purchases
The card is currently offering a welcome offer: 75,000 bonus points after you spend $5,000 on purchases in the first 3 months from account opening.
The hotel partners includes IHG, Marriott and Hyatt, but not Hilton.
So, if you aren't extremely loyal to Hilton and want flexibility to use your points for various redemptions, consider the Sapphire Preferred. If you are loyal to Hilton and want to experience hotel elite status without an annual fee, the Hilton Amex card may be the right choice for you.
Who the Hilton Honors Amex card is best for
The Hilton Amex card is great for travelers who visit Hilton Hotels one to three times per year, and don't crave the experience of extra benefits. Getting hotel rooms for free through hotel points and not paying an annual fee is nothing to scoff at, as hotel rooms can sometimes cost thousands of dollars throughout the duration of a vacation.
Also, if you are brand new to the world of points and miles, starting with a no annual fee card is a great way to get your toes wet. As you earn hotel rewards with the Hilton Amex, you can consider adding on with another Hilton Amex card, or potentially an airline credit card to continue earning more rewards.
If you want to earn Hilton points but still crave flexibility for your rewards, you may be better off with a card that earns Amex Membership Rewards points like the American Express® Gold Card. Membership Rewards points transfer to Hilton at a 1:2 ratio, plus you'll still be able to transfer these points to other rewards programs like Delta SkyMiles or British Airways.
Bottom line
The Hilton Honors American Express Card is a great product to start earning Hilton points with. With no annual fee and complimentary Silver status, you will earn benefits without having to worry about a yearly charge to simply hold the card.
While earning free hotel nights through the Hilton Amex is enticing, handling a credit card responsibly should always be the core responsibility. Spending beyond your means could lead to potential interest charges, negating the value you earn in hotel rewards. So before applying for the Hilton Amex, or any travel rewards card, be sure to evaluate if you are in a financial position to have a card in your wallet.
FAQs
Do you have to pay off Hilton American Express card every month?
You must make a payment each month, or you will be subject to late fees. The best approach is to pay your balance off in full each month so you don't accrue interest charges.
What credit score do you need for Hilton Amex?
To get the Hilton Amex card, you will need at least a good credit score.
Can I upgrade my Hilton Amex card?
If you wish to upgrade your Hilton Amex card to one of the other Hilton cards, simply give American Express a call. However, consider that you may not be eligible to earn the welcome bonus if you upgrade. If you want to earn the welcome offer, simply apply for one of the other three Hilton cards as you can have more than one Hilton card at a time.
How much are Hilton points worth?
Many travel enthusiasts value Hilton points at 0.5 cents per point, so 100,000 Hilton Honors points are worth $500. However, the true value of your points is determined on how you redeem them.
Read more
For rates and fees for the Hilton Honors American Express Card, click here.
For rates and fees for the Hilton Honors American Express Aspire Card, click here.
For rates and fees for the Hilton Honors American Express Surpass® Card, click here.
For rates and fees for the Hilton Honors American Express Business Card, click here.",,2652,127,94,True,CNBC,en,https://www.cnbc.com/select/hilton-honors-amex-credit-card-review/
2021-09-15 07:00:00,2021-09-15,Chevron CEO explains why the oil giant's lower-carbon investments look past wind and solar energy,"Chevron Chairman and CEO Mike Wirth told CNBC on Wednesday the oil company's lower-carbon investments focus on areas such as renewable natural gas and hydrogen because it sees significant potential to create shareholder value.
""One of the things we've chosen not to go into is wind and solar,"" Wirth said in a ""Mad Money"" interview. ""These are technologies that are relatively mature. There is plenty of capital that's available. The returns in wind and solar are actually being bid down, and we've concluded that management in our company can't create value for shareholders by going into wind and solar.""
Instead of committing capital in those areas, Wirth told host Jim Cramer Chevron would rather the money ""go back to our shareholders and let them plant trees, go invest in a wind and solar developer and have the right to do that with a growing dividend that comes out of our company.""
Wirth's comments came one day after Chevron announced it was more than tripling its capital investment in its lower-carbon energy businesses. The company now expects to invest over $10 billion by 2028, up from prior guidance of $3 billion. For reference, Chevron generated $4.49 billion in net income in the first six months of 2021, according to its latest financial report.
Chevron said the investments will help the company meet goals for its new energy businesses, including expanding production capacity for renewable natural gas and renewable fuels. It also plans to ramp up hydrogen production for use by industrial, power and heavy duty transport customers, as well as increase efforts on carbon capture and offsets.
""I am a believer that green hydrogen is going to have a big role to play"" in the energy transition, Wirth told Cramer.
Chevron and its peers in the oil industry are under pressure to reduce their carbon emissions and shift toward more sustainable energy sources as concern about climate change intensifies across the globe.
""We have a strong cash generating core business that allows us to invest in the future, even as we're taking care of shareholders today and taking care of our traditional business,"" Wirth said. ""We've got a track record of disciplined capital allocation in our traditional business, in mergers and acquisitions, and we intend to apply that in our new energies business, as well,"" he added.
Questions for Cramer?
 Call Cramer: 1-800-743-CNBC
Want to take a deep dive into Cramer's world? Hit him up!
 Mad Money Twitter - Jim Cramer Twitter - Facebook - Instagram
Questions, comments, suggestions for the ""Mad Money"" website? madcap@cnbc.com",,438,18,13,False,CNBC,en,https://www.cnbc.com/2021/09/15/chevron-ceo-mike-wirth-on-the-oil-giants-lower-carbon-investments.html
2021-09-15 07:00:00,2021-09-15,"Top general Milley reassured China, others in secret calls as Trump pushed election lies, spokesman says","Chairman of the Joint Chiefs of Staff Gen. Mark Milley placed two phone calls to his Chinese counterpart in the waning months of Donald Trump's presidency to secretly reassure Beijing that the United States would not attack the country, a spokesman for Milley confirmed Wednesday.
The calls were first reported in the forthcoming book ""Peril"" by Washington Post journalists Bob Woodward and Robert Costa.
""His calls with the Chinese and others in October and January were in keeping with these duties and responsibilities conveying reassurance in order to maintain strategic stability,"" said the spokesman, Col. Dave Butler.
All of Milley's calls were coordinated with the rest of the Department of Defense and other relevant agencies, Butler added.
Milley did not tell Trump about the calls.
Woodward and Costa describe how Milley learned in October 2020 that the Chinese had become concerned that Trump would preemptively attack China because Trump was losing the 2020 election and his rhetoric against China was growing increasingly hostile.
Milley again called his Chinese counterpart on Jan. 8, 2021, two days after the attack on the U.S. Capitol, to again reassure him that the American government was stable and not an immediate threat to China.
Milley's spokesman also appeared to confirm that Milley talked with House Speaker Nancy Pelosi in the days following the Jan. 6 attack on the Capitol, to assure her that safeguards were in place to prevent Trump from launching nuclear weapons or ordering the military to somehow try to keep him in power after he lost the election.
He told Pelosi that ""there's not a snowball's chance in hell this president, or any president can launch nuclear weapons illegally, immorally, unethically without proper certification,"" according to the book.
After the call, Milley, who ""felt no absolute certainty that the military could control or trust Trump,"" held a meeting with senior officers of the National Military Command Center to review the procedures for launching nuclear weapons, according to the book.
The revelations sparked outrage among some Republicans, including Trump, who suggested that Milley had committed a crime by going behind the then-president's back to communicate U.S. policy to foreign adversaries.
But they do not appear to have damaged Milley's standing with Trump's successor, President Joe Biden.
When a reporter asked Biden on Wednesday whether Milley did ""the right thing,"" Biden replied: ""I have great confidence in General Milley.""
""Peril"" is set to be released Tuesday.",WASHINGTON,413,19,14,False,CNBC,en,https://www.cnbc.com/2021/09/15/milley-held-secret-calls-with-china-others-as-trump-pushed-election-lies.html
2021-09-15 07:00:00,2021-09-15,Intuit CEO's $20 billion buying spree has put tax software company firmly on tech M&A map,"When Sasan Goodarzi took the helm at Intuit in January 2019, the tax software company had made just one billion-dollar acquisition in its 36-year history.
Goodarzi has since completely rewritten the playbook.
Intuit announced on Monday that it's buying email marketing provider Mailchimp for $12 billion. Nine months earlier, it closed the $8.1 billion purchase of personal finance company Credit Karma. They're both among the 10 biggest U.S. tech deals over that stretch.
Long known for its TurboTax products for individuals and QuickBooks accounting tools for small businesses, Intuit has grown into a $155 billion software company. It's accomplished this both through internal development and by purchasing smaller upstarts, including some that turned into core products. Intuit acquired Chipsoft, the maker of TurboTax, for $225 million in 1993, and bought budget tracker Mint in 2009 for $170 million.
Intuit's largest deal prior to Credit Karma was the $1.3 billion purchase of online banking software provider Digital Insight in 2007. The company sold off that business six years later.
Goodarzi, who started at Intuit in 2004 and was most recently executive vice president of small business, said in an interview on Tuesday that he was working on a new expansion strategy before he became CEO. When he assumed his new role, he took his plans to the board and had a ""hefty dialogue"" about what the next 10 years would look like for Intuit.
The company came up with ""five big bets"" for growth, which were focused on helping people and businesses make smarter and faster decisions with more data and better information. Goodarzi said that Credit Karma addresses bet No. 3: ""Unlock smart money decisions,"" and Mailchimp gets at No. 4: ""Be the center of small business growth.""
Goodarzi said Intuit ran experiments to see what the company could develop in-house and how quickly it could deploy the most critical products. His team concluded that Credit Karma and Mailchimp were so far ahead that it would take five years or more for Intuit to adequately compete. Customers don't have time to wait.
""For us, it's all about time to market,"" said Goodarzi. ""With their capabilities and the assets we have across Intuit, we leaped forward five to 10 years.""
The acquired companies will immediately add a healthy amount of revenue to Intuit's income statement. Mailchimp, whose automated marketing products help businesses reach consumers through email and online channels, generated sales of $800 million in 2020. For Credit Karma, which provides credit reports and helps direct consumers to credit cards, auto loans and home loans, Intuit expects revenue in the current fiscal year to jump at least 56% to a minimum of $1.35 billion.
Intuit factored Credit Karma revenue into its projection for total 2022 sales of $11.05 billion to $11.2 billion, but that was before the Mailchimp purchase.
Both deals are being financed through a combination of cash and stock and, in the case of Mailchimp, some new debt. Intuit's stock market performance is giving Goodarzi much of the ammunition he needs to swing big. The company's market cap has swelled from about $50 billion when he became CEO to $155 billion today.
Mailchimp conversations started about a year ago
Goodarzi said that while he hasn't made any dramatic changes to Intuit's corporate development team, he has ramped up the amount of time he's spent with Anton Hanebrink, the company's chief corporate strategy and development officer.
In scouting out Mailchimp, which had never raised outside funding, Goodarzi was able to call on on Credit Karma CEO Kenneth Lin to provide the company's co-founders and owners intel on what it's like to operate inside of Intuit.
""He's been a very important part of this process for us,"" Goodarzi said.
Conversations between the two companies started about a year ago, he added. Because there were no venture capitalists to call, Intuit relied on a product partnership the companies had been pursuing and the fact that Intuit co-founder Scott Cook had been helpful to Mailchimp CEO Ben Chestnut in the past. Chestnut said on the call with analysts that Cook ""has given me invaluable advice"" over the years.
Goodarzi said Intuit was the first company in the door to express potential takeover interest of Mailchimp. When the process got serious, Mailchimp hired Frank Quattrone's Qatalyst Partners to open discussions more broadly.
""It ended up being a very competitive process,"" Goodarzi said.
Intuit expects the transaction to close within the next six months. When it does, the company will add about 1,200 employees, a similar number that came in with Credit Karma, and a new hub in Atlanta, where Mailchimp is based. As of the end of July, Intuit had about 13,500 employees.
Intuit, which is headquartered in Mountain View, California, plans to invest in Atlanta even as it prepares for a future of hybrid work, Goodarzi said.
As for the possibility of more large acquisitions in the pipeline, Goodarzi suggested that the purchases of Credit Karma and Mailchimp have already addressed its most urgent concerns.
""These two were really essential for us to reposition the company for the future,"" he said.",,878,42,23,False,CNBC,en,https://www.cnbc.com/2021/09/15/intuit-ceo-on-20-billion-buying-spree-with-credit-karma-and-mailchimp.html
2021-09-15 07:00:00,2021-09-15,On co-founder David Allemann on the company's public debut,"Skip Navigation
Markets
Pre-Markets
U.S. Markets
Europe Markets
China Markets
Asia Markets
World Markets
Currencies
Prediction Markets
Cryptocurrency
Futures & Commodities
Bonds
Funds & ETFs
Business
Economy
Finance
Health & Science
Media
Real Estate
Energy
Climate
Transportation
Investigations
Industrials
Retail
Wealth
Sports
Life
Small Business
Investing
Personal Finance
Fintech
Financial Advisors
Options Action
ETF Street
Buffett Archive
Earnings
Trader Talk
Tech
Cybersecurity
AI
Enterprise
Internet
Media
Mobile
Social Media
CNBC Disruptor 50
Tech Guide
Politics & Policy
White House
Policy
Defense
Congress
Expanding Opportunity
Europe Politics
China Politics
Asia Politics
World Politics
Video
Latest Video
Full Episodes
Livestream
Top Video
Live Audio
Europe TV
Asia TV
CNBC Podcasts
CEO Interviews
Digital Originals
Watchlist
Investing Club
Trust Portfolio
Analysis
Trade Alerts
Meeting Videos
Homestretch
Jim's Columns
Education
Subscribe
PRO
Pro News
Josh Brown
Mike Santoli
Calls of the Day
My Portfolio
Livestream
Full Episodes
Stock Screener
Market Forecast
Options Investing
Chart Investing
Subscribe
Livestream
Menu
Make It
select
USA
INTL
Livestream
Search quotes, news & videos
Livestream
Watchlist
SIGN IN
Create free account
Markets
Business
Investing
Tech
Politics & Policy
Video
Watchlist
Investing Club
PRO
Livestream
Menu
watch now
Share
Share Article via Facebook
Share Article via Twitter
Share Article via LinkedIn
Share Article via Email
Squawk Box
On co-founder David Allemann on the company's public debut
David Allemann, co-founder and co-executive chairman of On, joins ""Squawk Box"" to discuss the shoe company's path to IPO.
Wed, Sep 15 2021
7:13 AM EDT
watch now
watch now
VIDEO
Dan Niles: We're going into a rate hike cycle so don't fight the Fed or the bond market
2 hours ago
watch now
watch now
VIDEO
Kevin Hassett: Pres. Trump 'wholeheartedly rejects' government takeover of AI regulation
4 hours ago
watch now
watch now
VIDEO
Watch CNBC's full interview with White House National Economic Council Director Kevin Hassett
5 hours ago
watch now
watch now
VIDEO
Former Cleveland Fed Pres. Mester: No convincing evidence inflation is on downward path back to 2%
5 hours ago
watch now
watch now
VIDEO
Standard Chartered CEO Bill Winters on the ‘reckless path’ that shaped his banking career
watch now
watch now
VIDEO
Dan Niles: We're going into a rate hike cycle so don't fight the Fed or the bond market
2 hours ago
watch now
watch now
VIDEO
Kevin Hassett: Pres. Trump 'wholeheartedly rejects' government takeover of AI regulation
4 hours ago
watch now
watch now
VIDEO
Watch CNBC's full interview with White House National Economic Council Director Kevin Hassett
5 hours ago
watch now
watch now
VIDEO
Former Cleveland Fed Pres. Mester: No convincing evidence inflation is on downward path back to 2%
5 hours ago
watch now
watch now
VIDEO
Standard Chartered CEO Bill Winters on the ‘reckless path’ that shaped his banking career
Load More",,471,7,176,False,CNBC,en,https://www.cnbc.com/video/2021/09/15/on-co-founder-david-allemann-on-the-companys-public-debut.html
2021-09-15 07:00:00,2021-09-15,Hong Kong start-up Prenetics to list in the U.S. through $1.7 billion SPAC deal,"Hong Kong biotech company Prenetics is going public through a merger with Artisan Acquisition — a special purpose acquisition company, or SPAC — in a deal that will value the combined entity at $1.7 billion, the companies announced Thursday.
Confirming CNBC's earlier report, the two companies said the transaction is expected to close as early as the fourth quarter.
This will make Prenetics the first Hong Kong unicorn, or billion-dollar start-up, to become a publicly traded company.
The combined company will be traded on the Nasdaq under a new ticker symbol PRE upon completion.
The merger is expected to provide up to $459 million in cash proceeds, which will go toward strategic acquisitions, geographical expansion and research and development.
Artisan Acquisition is backed by Adrian Cheng, CEO and Executive Vice Chairman of Hong Kong-listed New World Development. Prenetics — a diagnostic and genetic testing company which operates in 10 countries — looks to draw upon Cheng's business portfolio which spans retail, hospitality, health care, and property.
Investing in M&A
Prenetics was picked for several reasons, according to Ben Cheng, CEO of Artisan Acquisition.
The Hong Kong-based start-up is a high-growth company that is disrupting the health-care industry and is led by an established entrepreneur, Cheng told CNBC's ""Squawk Box Asia"" on Thursday.
He was referring to the Artisan's CEO and co-founder, Danny Yeung, who was previously with Groupon.
""We are very confident about his track record,"" Cheng said.
For his part, Yeung told CNBC a top priority for Prenetics would be to use its cash proceeds from the deal for mergers and acquisitions.
""U.S. is a priority market for us, Southeast Asia and the rest of Europe — certainly, we are going to be investing back into growth, manufacturing, product development and R&D,"" he said Thursday.
To date, Prenetics has conducted more than 5 million Covid-19 tests for clients including the Hong Kong government and London Heathrow Airport.
It counts names like Chinese internet company Alibaba, and insurers Ping An and Prudential as strategic investors.
The company has grown significantly since its founding in 2014. It projects 2021 revenue to jump three-fold year-on-year to $205 million and hit $600 million by 2025.",,377,18,16,False,CNBC,en,https://www.cnbc.com/2021/09/16/hong-kong-biotech-start-up-prenetics-to-list-on-nasdaq-through-spac-merger.html
2021-09-15 07:00:00,2021-09-15,"West shouldn’t misinterpret or overstate Beijing’s new tech regulations, ex-Google China exec says","The former president of Google China warned that the West should be careful not to overstate or misinterpret the recently introduced regulations by Beijing that have hurt the likes of Alibaba, Tencent and Didi.
Kai-Fu Lee, who now invests in Chinese start-ups through his venture capital firm Sinovation Ventures, told CNBC Tuesday that China is merely regulating a handful of large internet companies to ensure their significant market position doesn't hurt consumers.
""That's not a lot different from what U.S. and EU have done,"" said Lee, who is currently based in Beijing.
""There should not be an overinterpretation of the intent to limit the scope of large internet companies ... into an overreaching slowdown of the tech economy,"" Lee added. ""That would be a mistaken interpretation.""
The Chinese government is actually ""very big"" on tech, Lee said, pointing to its push on areas like artificial intelligence, semiconductors, and cloud computing.
The Taiwanese-born American computer scientist said he expects 10 to 15 Chinese AI companies to go public in the next year and he argued that it makes sense for investors to take stakes in companies operating in industries being backed by the Chinese government.
""If you choose to believe that the government will have [the] power to make or break a company, then the government is doing everything it can to make these AI, semiconductor and cloud companies. So how can it be wrong to invest in them?"" he said.
Alibaba, Tencent and Didi have seen their share prices slide in recent weeks after China introduced new regulation on data-sharing. Lee said there's probably a case for ""bargain hunting"" as the punishments have now been handed out.
When it comes to regulating technology companies, Lee said China is much more ""action-orientated"" than the U.S.
""The way the U.S. deals with large internet companies is to go through congressional hearings, judicial appeal, and antitrust and justice department,"" he said.
""It takes a long time and usually no action. China is much more action orientated,"" he said, adding that Americans aren't used to the speed.
""Fast decisions, if made correctly, will force these companies to reform and give a chance to smaller companies, which we invest in, to have a chance, creating a healthier ecosystem,"" Lee said.
Ignore China 'at your peril'
Earlier this week, ad guru Martin Sorrell warned that it's unwise for companies to completely ignore China despite the challenges that exist in the country.
""It is the world's second largest economy,"" Sorrell told CNBC's ""Squawk Box Europe"" on Monday. ""It's going to be the world's largest economy in a few years, not on a per capita basis, but on an absolute basis, and you ignore it at your peril.""
Last week, billionaire George Soros criticized Blackrock, the world's largest asset manager, for its investments in China. Writing in The Wall Street Journal, Soros described BlackRock's initiative in China as a ""tragic mistake"" that would ""damage the national security interests of the U.S. and other democracies.""
In response, a BlackRock spokesperson said: ""The United States and China have a large and complex economic relationship.""
They added: ""Total trade in goods and services between the two countries exceeded $600 billion in 2020. Through our investment activity, U.S.-based asset managers and other financial institutions contribute to the economic interconnectedness of the world's two largest economies.""",,575,24,18,False,CNBC,en,https://www.cnbc.com/2021/09/15/west-shouldnt-misinterpret-beijings-regulations-ex-google-china-exec.html
2021-09-15 07:00:00,2021-09-15,"China sees 'Cold War mentality' in U.S., British, Australia security pact","Construction continues on China's embassy in Washington, D.C. on July 17, 2008.
Jay Mallin | Bloomberg | Getty Images
China's Washington embassy reacted to a new security pact announced by the United States, Britain and Australia on Wednesday by saying that countries should ""shake off their Cold-War mentality and ideological prejudice.""
The United States, Britain and Australia said on Wednesday they would establish a security partnership for the Indo-Pacific that will involve helping Australia acquire nuclear-powered submarines, as Chinese influence over the region grows.
Asked to comment, Chinese embassy spokesman Liu Pengyu said countries ""should not build exclusionary blocs targeting or harming the interests of third parties. In particular, they should shake off their Cold-War mentality and ideological prejudice.""",,124,5,5,False,CNBC,en,https://www.cnbc.com/2021/09/16/china-sees-cold-war-mentality-in-us-uk-australia-security-pact.html
2021-09-15 07:00:00,2021-09-15,Southeast Asia's online marketplace Carousell is now a 'unicorn' valued at $1.1 billion,"Southeast Asia's online classifieds business Carousell on Wednesday said it raised $100 million in fresh funds that value the company at more than a billion dollars.
South Korean private equity firm STIC Investments led the investment round.
The Singapore-based Carousell said it is now valued at $1.1 billion — which makes it Southeast Asia's latest unicorn, a start-up worth more than a billion dollars.
""We believe that the accelerated adoption of digital experiences is an opportunity for us to double down on our recommerce efforts with a focus on convenience and trust, to unlock step-change growth in our community,"" said Quek Siu Rui, co-founder and CEO of Carousell, in a statement. Recommerce refers to buying and re-selling previously owned products.
He said the start-up will invest to expand across more categories of pre-owned goods as well as markets, and do strategic acquisitions to scale up the business.
Citing unnamed sources, Bloomberg News reported in June that Carousell was considering a potential U.S. public listing via a merger with a blank-check company.
Like other online classified platforms, the idea behind Carousell is straightforward: Users snap pictures of things they want to sell and list them, with relevant details, on the marketplace for buyers.
As the coronavirus pandemic forced more people to stay at home, experts have said that consumption patterns are permanently shifting.
People are turning more to e-commerce for their shopping needs and that puts companies like Carousell and others in a prime position to tap into Southeast Asia's $300 billion internet economy.
Carousell's other backers include Sequoia Capital India, Golden Gate Ventures as well as South Korean tech company Naver, the creator of messaging app Line.",SINGAPORE,291,12,10,False,CNBC,en,https://www.cnbc.com/2021/09/15/carousell-new-funds-and-valuation-at-1point1-billion-.html
2021-09-16 07:00:00,2021-09-16,Powell orders ethics review after Fed presidents disclosed multimillion-dollar investments,"Federal Reserve Chairman Jerome Powell directed staff to review the central bank's ethics rules for appropriate financial activities after disclosures that several senior central bank officials made multiple multimillion-dollar stock trades in 2020, while others held significant investments.
News of Powell's inquiry broke after Sen. Elizabeth Warren sent 12 letters to the Fed's regional bank presidents demanding stricter ethics from the nation's top central bank officials.
The Massachusetts Democrat called on each Fed president to institute a ban on the ownership and trading of individual stocks by senior officials at each regional office.
Last week, financial disclosures filed by the Fed's 12 regional presidents revealed some had actively traded in 2020, while others held million-dollar financial positions without making changes to their portfolios.
A Fed spokesman told CNBC that Powell last week ordered a ""fresh and comprehensive look at the ethics rules around permissible financial holdings and activities by senior Fed officials.""
Powell ordered the review ""because the trust of the American people is essential for the Federal Reserve to effectively carry out our important mission,"" the spokesman said. ""This review will assist in identifying ways to further tighten those rules and standards. The Board will make changes, as appropriate, and any changes will be added to the Reserve Bank Code of Conduct.""
Documents released last week revealed that Dallas Fed President Robert Kaplan made multiple trades worth $1 million or more last year in individual stocks including Apple, Amazon and Delta Air Lines.
Boston Fed President Eric Rosengren held stakes in four real estate investment trusts and several purchases and sales of similar property-owning vehicles, according to filings. He also held stock in Pfizer, Chevron and AT&T. His investments were in the tens to hundreds of thousands of dollars.
Other Fed presidents, such as Richmond Fed President Thomas Barkin, disclosed little to no trading activity but several financial holdings in excess of $1 million.
His stakes included Coca-Cola stock worth more than $500,000 but less than $1 million. Barkin's largest holdings, worth $1 million or more, included a variety of exchange-traded and mutual funds overseen by outside managers.
He had, for example, a holding worth at least $1 million in Vanguard's Energy Fund Admiral Shares, a mutual fund that invests in energy companies including ConocoPhillips, Marathon Petroleum and BP.
Even the appearance of self-dealing at the Fed could prove problematic to an institution tasked with the impartial oversight of U.S. employment and inflation.
The trades quickly came under scrutiny given the Fed's critical role in managing the U.S. economy as well as its influence over interest rates and liquidity markets.
The Covid-19 pandemic and ensuing recession magnified the Fed's power in 2020. Congress allows the Fed, with the Treasury Department's approval, to embark on a wide range of emergency lending measures to flush the economy with cash during times of crisis.
Rosengren, Barkin and Kaplan serve as presidents of three of the Fed's 12 regional banks that span the country. The regional bank presidents take turns serving on the Federal Open Market Committee, the Fed's policymaking body that sets interest rates across the economy.
Amid the public backlash, both Kaplan and Rosengren have agreed to sell their individual stock holdings.
Separately, Warren sent letters to all of the Fed's regional bank presidents demanding tighter restrictions on the type of financial activity officials can engage in.
Each letter, all dated Sept. 15, was similar to the next except for the two addressed to Kaplan and Rosengren.
""As the Fed took extraordinary actions to address the risks to the economy and the banking and financial systems from the COVID-19 pandemic, you and your colleague Eric Rosengren made extensive trades in individual stocks and real estate investment trusts,"" Warren wrote in her letter to Kaplan.
That trading, she added, ""has prompted concerns about conflicts of interest among high-level officials with far-reaching policymaking influence and extraordinary access to information about the economy.""
The Fed played a leading role in the U.S. economic recovery from the worst of the coronavirus recession.
Economists say that its political independence allowed it to move more quickly than Congress and that its monthly purchase of $120 billion in U.S. debt and mortgage-backed securities helped sustain countless businesses that saw business swoon last year.",,735,32,22,False,CNBC,en,https://www.cnbc.com/2021/09/16/fed-chief-powell-orders-ethics-review-after-multimillion-dollar-trades.html
2021-09-16 07:00:00,2021-09-16,Singapore government announces $1 billion new fund to boost local stock market,"The Singapore government on Friday announced a series of initiatives to lure ""promising high-growth"" companies from around the region to list on the local stock market.
Singapore is a favored listing destination for REITs, or real estate investment trusts. But the city-state has struggled to attract blockbuster initial public offerings from the tech sector, which has been one of the top investment themes in global markets.
""We did have technology companies that came through fully, such as Nanofilm. We clearly want to see more of them,"" Loh Boon Chye, chief executive of the Singapore Exchange, told CNBC in an exclusive interview.
Nanofilm Technologies International, which provides protective coating materials for smartphones and televisions, made its trading debut on the SGX last year. It was the first major non-REIT IPO in years.
New initiatives
Singapore's government announced Friday it will co-invest with state investment firm Temasek in a new fund to help companies raise capital through public listings — whether primary, secondary or dual — in the city-state.
The fund will start with a first tranche of 1.5 billion Singapore dollars ($1.1 billion).
Here are other initiatives that were announced:
- The investment arm of Singapore's Economic Development Board intends to establish a new fund to invest in later-stage companies and work toward an eventual listing in the city-state. The fund will start with up to 500 million Singapore dollars.
- The financial regulator, Monetary Authority of Singapore, will increase its grants to help companies defray the cost of listings.
- The exchange operator, Singapore Exchange, will help high-growth companies to raise funds privately prior to a public listing.
""We know that the initiatives we are launching today are no magic bullet,"" Singapore's Minister for Trade and Industry Gan Kim Yong said in a speech announcing the measures.
""But we believe they will blow new wind into the sails of our public equity market, and make SGX not just a viable but a compelling option for innovative growth companies seeking a public listing,"" he added.
The minister said four local start-ups achieved the status as ""unicorns"" this year after being valued at $1 billion or more. The latest of the four is online marketplace start-up Carousell.
Those companies and others across Asia in high-growth sectors will ""come of age"" and may seek to list on public markets in the coming years, said Gan. So, ""we should strive to anchor these companies in Singapore,"" he added.
SPAC listings
The SGX has in the last few years introduced initiatives to boost IPOs.
Earlier this month, the exchange announced new rules to allow the listing of special purpose acquisition companies or SPACs. The move was seen as a way to revive Singapore's IPO market.
The exchange's CEO told CNBC there's a ""robust pipeline"" of potential SPAC listings — and the first submission could come through in a couple of weeks.
Singapore's stock market has outperformed many of its regional peers this year, with the benchmark Straits Times Index gaining around 7.8% as of Thursday's close.
But initial public offerings on the Singapore Exchange have been lackluster in comparison. In the first half of this year, Singapore drew just three IPOs that raised $200 million in proceeds, while fellow financial hub Hong Kong had 46 listings that raised $27.4 billion.",SINGAPORE,562,26,21,False,CNBC,en,https://www.cnbc.com/2021/09/17/singapore-government-sgx-announce-measures-to-boost-stock-market.html
2021-09-16 07:00:00,2021-09-16,"From Bend, Oregon to Tampa: How these 10 U.S. cities became remote work hotspots","In the wake of the pandemic — as millions of people have quit their jobs and a growing number of companies delay their return to office — remote work has continued to surge in popularity, new data from LinkedIn reveals.
According to the report, 30.2% of all applications to paid U.S. job postings on LinkedIn went to remote work opportunities in August, more than 3x the rate of remote job applications (9.8%) in August 2020, and up nearly 10-fold from January 2020, where remote jobs only made up 2.8% of applications before the Covid-19 pandemic hit the U.S.
Certain cities are emerging as remote work hotspots faster than others. Bend, Oregon topped LinkedIn's list for the small U.S. cities where remote work is the most popular; of all the job applications that people from Bend are submitting on LinkedIn, 41.8% are for remote jobs.
These small cities have the highest proportion of remote work applications:
- Bend, Oregon: 41.8%
- Asheville, North Carolina: 38.7%
- Wilmington, Delaware: 35.9%
- Johnson City, Tennessee: 35.2%
- Eugene, Oregon: 34.9%
""We're seeing booming interest across industries in remote work, a lot of people want that flexibility as the pandemic continues, and companies are going to go where the workers are,"" George Anders, a senior editor at LinkedIn, tells CNBC Make It. ""We've also discovered that the kind of tools we're using for remote work, like Zoom and Slack, make more remote jobs possible, so remote work has ended up being sustainable and productive.""
LinkedIn boasts more than 750 million users in about 200 countries. For this analysis, LinkedIn defined small cities as places with less than 100,000 residents and a minimum of 25,000 remote-job applications. Larger metros were defined as having a population of at least 100,000, along with at least 100,000 applications for remote jobs.
Even before the pandemic, Bend has attracted an unusually high number of remote workers, data from the U.S. Census Bureau shows. Anders notes that many tech employees from San Francisco and Seattle flock to nearby Bend for its beautiful mountain range and abundance of co-working spaces.
""Bend has had a long culture of being a place where people will work from home, it's become a magnet for remote employees,"" Anders says. ""Especially during the pandemic, if you're in a big, crowded city, you need to mask up more often and follow stricter guidelines, but out in the countryside, there's less people to worry about and more outdoor activities to do, so you can enjoy a better work-life balance.
Cape Coral, Florida dominated the larger cities list, with 33.1% of residents' LinkedIn job applications going to remote jobs.
These larger cities have the highest proportion of remote work applications:
- Cape Coral, Florida: 33.1%
- Charleston, South Carolina: 31.6%
- Tampa Bay, Florida: 29.6%
- Jacksonville, Florida: 29.4%
- Orlando, Florida: 29.2%
These metros all have local economies largely dependent on tourism and recreation, which took massive hits during the pandemic, driving longtime residents in these industries to consider other stable, higher paid options, like remote work. ""We tend to focus on the glamorous side of remote work, but there are a lot of people using it just to find a job that pays more than the minimum wage with better hours,"" Anders points out.
San Francisco and New York City tied for last place among the 25 largest metro areas in the U.S., as only 16.4% of applicants in both cities applied for remote jobs on LinkedIn. Both coastal cities, Anders explains, are known for their expensive cost of living as well as high salaries, so the results are hardly surprising. ""If you've gone to all the trouble of coming to San Francisco or New York, you might as well tap into that big, rich economy, as it's unlikely that you're going to find a remote job that pays better than what you could find if you popped onto a bus or subway and traveled a few blocks,"" he says.
This list is a good sign for both younger workers and employers, Anders adds. ""The data shows that working remotely is an option in many different fields, which can be great if you're in a location you like and are unsure about moving to a new city,"" he says. Some of the cities, like Charleston and Jacksonville, are big college towns — which might encourage more recent graduates to work remotely from there and save money while figuring out their next steps.
As for employers, ""if you're not looking for ways to offer remote listings, this data is a great reminder to consider that,"" Anders says. ""There's a whole new pool of candidates outside of your zip code your company can connect with.""
Anders predicts we won't be able to evaluate remote work's long-term impact on the economy for at least another two years. ""Remote work is here to stay, even if the exact number of available remote jobs fluctuates from time to time,"" he says. ""There are still some industries that are warming up to it, while other employers see that listing a job as remote increases their chances of not only filling the role, but attracting candidates they're excited to hire.""
Still, he adds, other questions remain: ""What we don't know yet is, can you keep an organization's collaboration and culture strong in a semi-permanent remote environment? Can you develop a career working completely remote?""
Check out:
The top 6 skills workers want to add to their resumes now
These are the best—and worst—states for work-life balance
Sign up now: Get smarter about your money and career with our weekly newsletter",,976,29,30,False,CNBC,en,https://www.cnbc.com/2021/09/16/linkedin-the-10-us-cities-where-remote-work-is-most-popular.html
2021-09-16 07:00:00,2021-09-16,China's embattled developer Evergrande is on the brink of default. Here's why it matters,"Chinese property giant Evergrande is on the brink of collapse, and analysts warn the potential fallout could have far-reaching implications that spill outside China's borders.
""Evergrande's collapse would be the biggest test that China's financial system has faced in years,"" says Mark Williams, chief Asia economist at Capital Economics.
Here's how bad its problems are, and what's in store for investors.
How did we get here?
After expanding rapidly for years and snapping up assets as China's economy boomed, Evergrande is now snowed under a crushing debt of $300 billion.
The world's most indebted property developer has been scrambling to pay its suppliers, and warned investors twice in as many weeks that it could default on its debts.
On Tuesday, Evergrande said its property sales will likely continue to drop significantly in September after declining for months, making its cash flow situation even more dire.
The Chinese developer is so huge that the fallout from a potential failure could hurt not only the Chinese economy, but spread to markets beyond.
Evergrande's collapse would be the biggest test that China's financial system has faced in years.Mark WilliamsCapital Economics, chief Asia economist
Banks have also responded to its deteriorating cash flow. Some in Hong Kong, including HSBC and Standard Chartered, have declined to extend new loans to buyers of two uncompleted Evergrande residential projects, said Reuters.
Ratings agencies have repeatedly downgraded the firm, citing its liquidity problems. Evergrande's problems intensified last year when China introduced rules to rein in the borrowing costs of developers. Those measures place a cap on debt in relation to a firm's cash flows, assets and capital levels.
Loading chart...
Its share price plunged nearly 80% so far this year, and trading of its bonds was repeatedly halted by Chinese stock exchanges in the past weeks.
What does Evergrande do?
Evergrande is everywhere. Its main business is in real estate, and it's China's second-largest property developer by sales.
- Evergrande owns more than 1,300 real estate projects in over 280 cities in China.
- Its property services management arm is involved in nearly 2,800 projects across more than 310 cities in China.
- The company has seven units dabbling in a wide range of industries, including electric vehicles, health-care services, consumer products, video and television production units and even a theme park.
- The firm says it has 200,000 employees, but indirectly creates more than 3.8 million jobs every year, according to its website.
- Evergrande's shares and bonds are included in indexes and funds across Asia.
Who will be affected?
The pool of affected parties include banks, suppliers, home-buyers and investors.
Evergrande warned this week its escalating troubles could lead to broader default risks.
It said that if it can't repay its debt, it may lead to a situation of ""cross default"" — where a default triggered in one situation may spread to other obligations, leading to broader contagion.
A banking failure triggered by the collapse of major property developers was the single most likely scenario that could lead to a hard landing in China.Mark WilliamsCapital Economics, chief Asia economist
1. Banks
The banking industry would be among the first to be hit if there are any contagion effects on the wider property sector in China, said Williams of Capital Economics.
""A banking failure triggered by the collapse of major property developers was the single most likely scenario that could lead to a hard landing in China. And the fact that financial markets aren't currently signaling alarm doesn't mean they won't,"" Williams wrote in a note last week.
2. Homebuyers and investors
Protests by angry homebuyers and investors broke out in recent days in some cities, and social unrest is among the concerns.
On Monday, around 100 investors turned up at Evergrande's headquarters in Shenzhen, demanding repayment of loans on overdue financial products — forming chaotic scenes, according to Reuters.
In fact, sentiment is already spreading to Asia high yield bonds. Yields on Asian offshore bonds, dominated by property firms, have spiked to an average of 13%, according to TS Lombard.
That also means offshore investors are at the losing end, the research firm said in a note last week.
""The company's guarantee to deliver all pre-sold projects is likely to lead to overseas stakeholders seeing little, if anything, from the ultimate sale of a developer's assets in the event of a bailout,"" said TS Lombard.
""Hence the prospect of an unequal swap, where the interests of on-shore lenders – households and banks – are protected at the expense of equity and off-shore bondholders,"" the note said.
3. Suppliers
The implications of Evergrande's failure could also reverberate through to other industries if suppliers are not paid. According to S&P Global Ratings, Evergrande might be ""trying to persuade"" its suppliers and contractors to accept physical properties as payment — in a bid to preserve cash for loan repayments.
I believe there will be some supporting measures from the central government, or even the central bank, trying to bail out Evergrande.Dan Wangeconomist, Hang Seng Bank
In an August report, S&P estimated that over the next 12 months, Evergrande will have over 240 billion yuan ($37.16 billion) of bills and trade payables from contractors to settle — around 100 billion yuan of that amount is due this year.
A paint supplier to Evergrande, Shanghai-listed Skshu Paint, said in a filing that the real estate firm repaid part of its debt in properties – and uncompleted ones at that.
Ratings agency Fitch said banks may also have indirect exposure to Evergrande's suppliers — the developer's trade payables stood at 667 billion Chinese yuan, according to Fitch analysis.
Is Evergrande too big to fail?
The government is likely to step in due to how important Evergrande is, according to analysts.
""Evergrande is such an important real estate developer, and it would be a strong signal if anything happened to it,"" said Dan Wang, an economist at Hang Seng Bank. ""I believe there will be some supporting measures from the central government, or even the central bank, trying to bail out Evergrande.""
But a restructuring could be more likely, according to other analysts.
""The most likely endgame is now a managed restructuring in which other developers take over Evergrande's uncompleted projects in exchange for a share of its land bank,"" Williams of Capital Economics said in a note last week.
It's likely that the government will prioritize homebuyers and banks over other parties, he said.
""Policymakers' main priority would be the households that have handed over deposits for properties that haven't yet been finished. The company's other creditors would suffer,"" Williams wrote.
Investment bank Natixis said the Chinese government will avoid ""systemic risks"" in the lead-up to the 2022 National Congress of the Chinese Communist Party, given its historical importance.
""However, this would also imply China Evergrande's debt crisis may snowball down the road,"" the bank said in a note, adding that economic growth will not mitigate financial losses as was the case in the past.",,1198,55,50,False,CNBC,en,https://www.cnbc.com/2021/09/17/china-developer-evergrande-debt-crisis-bond-default-and-investor-risks.html
2021-09-16 07:00:00,2021-09-16,Treasury sanctions Colombian drug trafficking queen 'La Patrona',"The Biden administration imposed sanctions Thursday on Zulma Maria Musso Torres, the notorious woman in charge of an international drug trafficking empire based in Colombia.
Musso Torres, 58, is said to control ""strategically located maritime corridors in northern Colombia and collects a per kilogram tax from narcotics traffickers for protection and safe passage of multi-ton shipments of narcotics,"" according to a statement from Treasury.
Also known as ""La Patrona"" or ""La Senora,"" Musso Torres oversees the logistics of transporting cocaine from Colombia to the United States, Europe, the Caribbean, Central America and Mexico.
Treasury also designated her two sons, Washington Antunez Musso and Juan Carlos Reales Britto, as well as her husband, Luis Antonio Bermudez Mejia, for providing material support to her narcotics organization.
Two Colombian entities were also designated on Thursday, agricultural trading company Exclusive Import Export S.A.S. and firearm shooting range Poligono Santa Marta S.A.S., that are believed to be owned, controlled or act on behalf of her sons.
""Office of Foreign Assets Control (OFAC) will continue to work with its interagency partners to identify, target, and disrupt the most significant drug trafficking organizations facilitating the shipment of drugs to the United States,"" OFAC Director Andrea Gacki said in a statement.
""Today's designation of Musso Torres and members of her organization serve as a reminder that Colombian cocaine continues to pose a major threat to the United States,"" Gacki added.
The sanctions come as the Biden administration works to expand counter-drug cooperation throughout the Western Hemisphere while also investing in policies aimed at promoting alternative agricultural livelihoods.",WASHINGTON,266,9,8,False,CNBC,en,https://www.cnbc.com/2021/09/16/treasury-sanctions-colombian-drug-trafficking-queen-la-patrona.html
2021-09-16 07:00:00,2021-09-16,Retail sales post surprise gain as consumers show strength despite delta fears,"Retail sales posted a surprise gain in August despite fears that escalating Covid cases and supply chain issues would hold back consumers, the Census Bureau reported Thursday.
Sales increased 0.7% for the month against the Dow Jones estimate of a decline of 0.8%.
A separate economic report showed that weekly jobless claims increased to 332,000 for the week ended Sept. 11, according to the Labor Department. The Dow Jones estimate was for 320,000.
Economists had expected that consumers cut back their activity as the delta variant continued its tear through the U.S. Persistent supply chain bottlenecks also were expected to hold back spending as in-demand goods were hard to find.
The pandemic's impact did show up in sales at bars and restaurants, which were flat for the month though still 31.9% ahead of where they were a year ago.
However, sales were strong for most areas during the month, when back-to-school shopping generally results in a pickup in activity, especially so this year as schools prepared to welcome back students after a year of remote learning.
The headline number would have been even better without a 3.6% monthly drop in auto-related activity; excluding the sector, sales rose 1.8%, also well above the 0.1% expected gain.
With fears rising over the pandemic, shoppers turned online, with nonstore sales jumping 5.3%. Furniture and home furnishing also saw a healthy 3.7% increase, while general merchandise sales rose 3.5%.
Electronics and appliances stores saw a 3.1% drop, while sporting goods and music stores fell 2.7%.
The numbers overall reflected a more resilient consumer, with sales up 15.1% from the same period a year ago.
The retail upside surprise was tempered slightly with a disappointing read on jobless claims.
Initial filings increased 20,000 from a week ago after posting a fresh pandemic-era low. Still, the four-week moving average, which accounts for weekly volatility, declined to 335,750, a drop of 4,250 that brought the figure to its lowest point since March 14, 2020, at the pandemic's onset.
The claims total came under heavy seasonal adjustments, as the unadjusted figure showed a drop in filings of 23,331 to 262,619.
Continuing claims also declined, falling by 187,000 to 2.66 million, also a new low since Covid hit. The four-week moving average nudged lower to about 2.81 million.
However, those receiving compensation under all programs actually increased just ahead of the expiration of enhanced federal jobless benefits. That total, through Aug. 28 and thus before the expiration, rose by 178,937 to 12.1 million.
In a separate economic report, the Philadelphia Federal Reserve reported its manufacturing activity index rose 11 points to 30.7, representing the percentage difference between firms reporting expanding activity against those seeing contraction. That number was well ahead of the Dow Jones estimate of 18.7.
Become a smarter investor with CNBC Pro.
Get stock picks, analyst calls, exclusive interviews and access to CNBC TV.
Sign up to start a free trial today.",,521,28,19,False,CNBC,en,https://www.cnbc.com/2021/09/16/retail-sales-unexpectedly-rise-0point7percent-in-august-vs-expected-decline-of-0point8percent.html
2021-09-16 07:00:00,2021-09-16,World Bank kills business climate report after ethics probe cites 'undue pressure' on rankings,"The World Bank Group on Thursday said it ended publication of its ""Doing Business"" report on country investment climates after a probe of data irregularities cited ""undue pressure"" by top bank officials, including then-Chief Executive Kristalina Georgieva, to boost China's ranking in 2017.
The World Bank said in a statement that the decision came after internal audit reports had raised ""ethical matters, including the conduct of former Board officials as well as current and/or former Bank staff"" and a board investigation conducted by the law firm WilmerHale.
The Wilmer Hale report cited ""direct and indirect pressure"" from senior staff in the office of then-World Bank President Jim Yong Kim to change the report's methodology to boost China's score, and said it likely occurred at his direction.
It also said that Georgieva, now the managing director of the International Monetary Fund, and a key adviser pressured staff to ""make specific changes to China's data points"" and boost its ranking at a time when the bank was seeking China's support for a big capital increase.
China's ranking in the ""Doing Business 2018"" report published in October 2017, rose seven places to 78th after the data methodology changes were made, compared with the initial draft report.
The Doing Business report assesses regulatory environments, ease of business startups, infrastructure and other business climate measures.
""I disagree fundamentally with the findings and interpretations of the investigation of data irregularities as it relates to my role in the World Bank's Doing Business report of 2018,"" Georgieva said in a statement issued by the IMF. She added that she had met with the IMF's executive board to discuss the matter.
The WilmerHale report also cited irregularities in the data used to determine rankings for Saudi Arabia and Azerbaijan in the ""Doing Business 2020"" report published in 2019, but found no evidence that any members of the bank's Office of the President or executive board were involved in these changes.
""Going forward, we will be working on a new approach to assessing the business and investment climate,"" the World Bank said in a statement.",,358,10,9,False,CNBC,en,https://www.cnbc.com/2021/09/16/probe-found-undue-pressure-from-world-bank-leaders-to-boost-china-business-rankings.html
2021-09-16 07:00:00,2021-09-16,Impulse spending is an issue for many consumers. These tips can help you rein in the habit,"Setting up a household budget and sticking to it can be challenging. Impulse shopping doesn't make it any easier.
About 42% of consumers say they are worsening their financial situation by doing things like making impulse purchases and carrying more debt, according to the recent Real Financial Progress Index by BMO Harris Bank. Half of surveyed respondents said they often spend more money than they know they should, up from 45% in the bank's April survey.
Credit card debt also is rising. After consumers shed about $130 billion worth of such debt between April 2020 (when it was above $1 trillion) and January 2021 (when it was $961 billion), the amount owed has climbed back up to $998.4 billion, according to the latest Federal Reserve data.
Often, the hardest part of financial planning is ""managing a budget and getting cash flows into a surplus,"" said certified financial planner Michael Kelly, founder of Switchback Financial in Madison, Connecticut.
""Impulse spending is one of the biggest hindrances,"" Kelly said.
If you're among those who find such purchases are causing credit card debt to pile up or are limiting you in other ways, there are some steps you can take that may help the situation.
You can start by creating a goals-based budget, said CFP Judson Meinhart, a financial advisor and manager of financial planning for Parsec Financial in Winston-Salem, North Carolina.
""You might be striving for financial independence, or maybe your goals are more immediate and revolve around becoming debt-free or taking a dream vacation,"" Meinhart said.
""Whatever they are, write them down,"" he said. ""You are [far] more likely to act on your goals if you write them down.""
Then, keep goal-oriented money where you're less likely to use it.
""If you want to cut down on impulse buys, put more of your money in the accounts where you're saving for goals, and keep less of it readily available to spend,"" Meinhart said.
It also may be useful to think about why you keep making impulse buys.
""Often the purchase is made not because you have a strong desire for the item itself but to satisfy an emotional need or relieve stress,"" said Kelly, of Switchback Financial.
Writing down your values and making sure your purchases align with them can also help, Kelly said.
Of course, in the moment, all those promises you made to yourself may be forgotten. If you are online and see something you're sure you simply must have, take a deep breath.
""Leave an item in your online shopping cart for at least 24 hours,"" said CFP Jessica Goedtel, founder of Pavilion Financial Planning in Allentown, Pennsylvania.
Leave an item in your online shopping cart for at least 24 hours.Jessica GoedtelFounder of Pavilion Financial Planning
""Let the impulse cool off, and more than likely you'll have forgotten about it by the next day,"" she said.
Goedtel also recommends unsubscribing from marketing emails. ""You won't be tempted by that 50% off sale if you don't know about it,"" she said.
Additionally, you can make it harder for yourself to make unplanned purchases.
""Don't save your credit cards in the apps on your phone,"" said Meinhart, of Parsec Financial. ""And make purchases with a debit card linked to a checking account you have earmarked for your monthly spending.""",,565,26,21,False,CNBC,en,https://www.cnbc.com/2021/09/16/impulse-spending-is-an-issue-for-consumers-how-to-rein-in-the-habit.html
2021-09-17 07:00:00,2021-09-17,"Singapore Exchange could receive its first SPAC listing application within weeks, CEO says","The Singapore Exchange could receive its first application for a SPAC listing in ""the next couple of weeks,"" Chief Executive Loh Boon Chye told CNBC in an exclusive interview.
SGX earlier this month announced new rules allowing SPACs to list on its platform. Loh said the exchange is speaking with potential sponsors and is seeing ""a robust pipeline"" of potential listings.
""We think some of them would come through in terms of seeking out the submission in the next couple of weeks,"" the CEO said.
""But obviously, the market has to hold for them to be on submission, and really list and raise funds,"" he added. ""If the markets continue to go up well, we think some of those pipelines will crystallize into actual IPOs.""
SPACs, or special purpose acquisition companies, are shell companies without any operations. They are created and sponsored — usually by institutional investors — for the sole purpose of raising money through an initial public listing, and eventually acquire another operating business.
SPACs have been around for decades in the U.S. But they've exploded in popularity over the past year as an alternative way for private businesses to list on stock exchanges since they bypass the traditional IPO route which can be a time-consuming and complicated process.
SGX has for years sought to boost IPO activity in Singapore, but has struggled to clinch major tech listings that have been one of the hottest investment trends globally.
On Friday, the Singapore government announced a package of initiatives to lure ""promising high-growth"" companies to list in the city-state.
Attracting tech IPOs
The Covid-19 pandemic has caused economic uncertainty, but it hasn't dented optimism among investors significantly, said Loh. Such sentiment in markets, along with efforts by the government and SGX, could help boost IPO activity in Singapore, said the CEO.
""With the current low interest rate environment, investors need to search for yield, for returns. And that continues,"" he said. ""A low-rate environment generally is positive for equities and, consequently, for capital raising or equity listings.""
In the first half of 2021, SGX had three IPOs with total proceeds of 337 million Singapore dollars ($250.54 million), according to data by Deloitte. That compared with 11 IPOs that raised around 1.34 billion Singapore dollars throughout 2020, the data showed.
While tech stocks have garnered a lot of investor attention in the past year, Loh said companies in ""traditional sectors"" have been resilient through the pandemic.
""Don't forget that these are strong sectors and within that, if they're strong companies, they do reward shareholders,"" said the CEO.
Loading chart...
Singapore's benchmark Straits Times Index is dominated by finance and property stocks. It has outperformed many of its regional peers this year, gaining around 7.8% as of Thursday's close.
As companies in the digital economy sectors grow, it's only ""natural"" that the SGX would see some changes to the mix of its listed companies, said Loh. He told CNBC he hopes the initiatives announced by the government on Friday will bring more tech companies to list on SGX.
""Some of these new economy companies that we talked about ... operating out of Singapore, operating beyond Singapore in this part of the world, we are hopeful that some of these will come to the market.""",SINGAPORE,556,26,18,False,CNBC,en,https://www.cnbc.com/2021/09/17/sgx-ceo-on-initiatives-to-attract-spac-listings-to-singapore-tech-ipos.html
2021-09-17 07:00:00,2021-09-17,Elon Musk praises Chinese automakers as Tesla works to improve company's reputation,"Tesla CEO Elon Musk lauded Chinese automakers Friday, calling them the ""most competitive in the world,"" during a pre-recorded question-and-answer stream at the World New Energy Vehicle Congress, which is hosted in China's Hainan province.
Musk was highly complimentary of the nation that's imperative to his electric vehicle company, and the comments come as Tesla tries to improve its reputation in China.
""I have a great deal of respect for the many Chinese automakers for driving these (EV) technologies,"" Musk said. In the three-minute appearance, Musk said Chinese carmakers are some of the best at software, which he said will ""shape the future of the automobile industry.""
Tesla's electric car maker competitors in China include companies like Nio and Xpeng.
The company broke ground on a major Shanghai factory in 2019 and was seen as a poster child for Beijing's attempts to show it's allowing more foreign businesses into its relatively closed market.
However, negative press about Tesla in China has increased over this past year. One high-profile case occurred in April when a woman, who claimed to be a Tesla customer, protested an alleged brake failure in her car at the Shanghai auto show. A video of the incident went viral on Chinese social networks, and state media said Tesla had an ""arrogant and overbearing stance"" in China.
It's also faced regulatory scrutiny around its privacy and a handful of recalls in China.
""Tesla is fully aware of the severity of the PR crisis"" it faces in China, JL Warren Capital, an equity research firm that focuses on Chinese and U.S. companies with significant exposure in China, wrote earlier this summer. Tesla also reached out to social media influencers in China to try to get them to remove or recant their critical posts, including some by noted automotive experts, according to Bloomberg.
Tesla sold 44,264 China-made vehicles in August, including 31,379 for export. It was an increase from the 32,968 China-made vehicles sold in July and 33,155 units sold in June.",,350,14,9,False,CNBC,en,https://www.cnbc.com/2021/09/17/tesla-ceo-elon-musk-praises-chinese-automakers.html
2021-09-17 07:00:00,2021-09-17,Microsoft GitHub rival GitLab files to go public after annualized revenue tops $200 million,"GitLab, a provider of cloud-based software that allows developers to share code and collaborate on projects, is the latest high-growth tech company to line up for an IPO.
The company said Friday that it plans to list on the Nasdaq under ticker symbol ""GTLB."" GitLab is raising money to take on Atlassian and GitHub, which Microsoft acquired for $7.5 billion in 2018.
GitLab joins the ranks of cloud software companies gearing up to take advantage of an ongoing bull market that values growth above all else. Toast, which sells software and hardware to help restaurants manage orders and move to takeout, is slated to debut next week, along with Freshworks, a smaller competitor to Salesforce in providing software to customer service and sales organizations.
Revenue at GitLab jumped 69% in the latest quarter from a year earlier to $58.1 million, equaling over $230 million on an annualized basis. However, the company's net loss widened to over $40 million from $9.4 million a year ago.
GitLab said its net revenue retention rate, a key metric for subscription software companies because it shows customer success, climbed to 152% in the July period. That would put it among the top publicly traded software companies.
GitLab is widely known as a pioneer in remote work. While companies were forced to adapt to distributed work during the pandemic, GitLab started that way in 2014 and didn't have to alter much of anything. In the header of its prospectus, Gitlab says ""address not applicable.""
""Operating remotely allows us access to a global talent pool that enables us to hire talented team members, regardless of location, providing a strong competitive advantage,"" the filing says. GitLab has 1,350 employees in more than 65 countries.
GitLab was last valued at $6 billion in a secondary financing round that allowed existing shareholders to sell up to 20% of their vested equity. That was up from a $2.7 billion valuation in a late 2019 financing round.
In its ""team handbook"" on its website, GitLab had openly stated its plan to go public by November 2020. After the pandemic hit early last year, roiling the broader economy, the company scrapped the timing for its debut while indicating that a public listing was still on the roadmap.
GitLab co-founder and CEO Sid Sijbrandij is the company's largest stakeholder, with 18.9% ownership of Class B shares, according to the filing. Khosla Ventures owns 14%.",,412,18,10,False,CNBC,en,https://www.cnbc.com/2021/09/17/github-rival-gitlab-files-to-go-public-on-revenue-over-200-million.html
2021-09-17 07:00:00,2021-09-17,The 10 fastest-growing jobs of the next decade—and how much they pay,"The Covid-19 pandemic has radically shifted the work landscape, as millions of Americans switched career paths or said goodbye to the office forever. While U.S. employment will experience stunted growth over the next 10 years, the Bureau of Labor Statistics reports, certain jobs will be soaring in demand.
According to a new analysis from the BLS, the U.S. will add 11.9 million jobs through 2030, many in industries that were hit hardest by the pandemic. Food preparation and service-related jobs including servers, cooks and fast food employees are projected to add about 1.5 million jobs by 2030.
Wind turbine service technicians topped the list for the most in-demand jobs of the next decade, with that group of workers expected to jump by 68.2%. Other jobs in the ranking fall into three categories: renewable energy, data and health care. Interest in wind and solar energy has skyrocketed as installation costs drop and more countries prioritize reducing their carbon emissions, Bureau of Labor Statistics Division Chief Michael Wolf tells CNBC Make It.
Other occupations, such as information security analysts and data scientists, will become more popular as people continue to work from home and online. ""As companies have more of their employees working remotely, they're going to invest more in software and systems that enable them to be productive in that environment,"" Wolf says. ""There's also an increased emphasis on protecting their data and information online.""
While the pandemic has created an unprecedented need for health care, continued demand for jobs in this sector is actually driven by an aging population, Wolf explains. ""The baby boomer generation is much larger than previous generations, and they're starting to enter their 60s and 70s, when people depend on more health care services,"" he says. ""We're going to see a huge increase in the number of people consuming those services.""
Wolf also predicts that the country's labor participation rate will decline as workers age and fewer young people (those between the ages of 16 and 24) pick up jobs. ""We're seeing a higher number of people decide to pursue post-high school or post-secondary education, so people are not entering the labor force as early as they were before,"" Wolf notes. ""It also used to be a lot more common for people to have a part-time job while attending high school or college, but now, a lot more people are deciding to be full-time students and not work in the labor force at the same time.""
Though the long-term projections are promising, the U.S. job market is facing more immediate challenges as a surge in Covid-19 cases disrupts economic recovery. After solid job growth in July, the economy has slowed, adding just 235,000 positions in August, according to the Bureau of Labor Statistics. That number is a lot less than the 720,000 new hires economists had predicted.
Check out:
From Bend, Oregon to Tampa: How these 10 U.S. cities became remote work hotspots
In 2020, top CEOs earned 351 times more than the typical worker
Sign up now: Get smarter about your money and career with our weekly newsletter",,537,21,11,False,CNBC,en,https://www.cnbc.com/2021/09/17/the-10-fastest-growing-jobs-of-the-next-decadeand-how-much-they-pay.html
2021-09-17 07:00:00,2021-09-17,"Pentagon admits killing 10 civilians, including up to 7 children, in Kabul drone strike last month","The Pentagon admitted Friday that a U.S. drone strike in Kabul, Afghanistan last month killed as many as 10 civilians including up to seven children.
""As the combatant commander, I am fully responsible for this strike and its tragic outcome,"" U.S. Marine Corps Gen. Kenneth McKenzie, commander of U.S. Central Command, told reporters.
""I offer my profound condolences to the family and friends of those who were killed,"" McKenzie said.
The drone strike came on the heels of a suicide bomb attack by the terrorist group ISIS-K that resulted in the deaths of 13 U.S. service members and dozens of Afghans near Hamid Karzai International Airport, where colossal evacuation efforts were underway as the U.S. pulled out from Afghanistan.
""This strike was taken in the earnest belief that it would prevent an imminent threat to our forces and the evacuees at the airport, but it was a mistake,"" McKenzie said.
The U.S. is considering reparation payments to surviving family members, the general said. However, McKenzie said making such payments could prove difficult because the U.S. no longer has a presence in Afghanistan.
The Pentagon originally said the strike, which was launched Aug. 29, killed two ISIS-K fighters believed to be involved in planning attacks against U.S. forces in Kabul.
Army Maj. Gen. William Taylor said at the time of the strike that there were no known civilian casualties. Pentagon spokesman John Kirby said the U.S. did not notify nor coordinate with the Taliban ahead of the strike. He added that the Defense Department did not notify other countries in the region nor U.S. lawmakers.
Defense Secretary Lloyd Austin, describing the civilian deaths as a ""horrible mistake,"" ordered a review to determine whether ""accountability measures"" need to be taken and procedures changed.
House Intelligence Committee Chairman Adam Schiff, D-Calif., expressed concern about the Defense Department's transparency immediately after the strike and whether its public statements included all the information the government had available at the time.
""This is an area deserving of additional oversight, and along with my colleagues in Congress, the House Intelligence Committee will continue to press for answers,"" Schiff said.
In April, President Joe Biden ordered the full withdrawal of approximately 3,000 U.S. troops from Afghanistan by Sept. 11. He later updated the timeline to Aug. 31.
In the final weeks of the planned exodus of foreign forces from the country, the Taliban carried out a succession of shocking battlefield gains. On Aug. 15, the group captured the presidential palace in Kabul, triggering Western governments to accelerate evacuation efforts of at-risk Afghan nationals, diplomats and civilians.
Following the Taliban takeover, Biden defended his decision to withdraw U.S. service members from Afghanistan, but ordered the temporary deployment of thousands of U.S. troops to Kabul in order to help with evacuation efforts.
The U.S. military mission in Afghanistan ended on Aug. 31 after the evacuation of approximately 125,000 people. Of that total, about 6,000 were U.S. citizens and their families.",WASHINGTON,513,44,15,False,CNBC,en,https://www.cnbc.com/2021/09/17/us-airstrike-in-kabul-last-month-killed-10-civilians-including-seven-children-pentagon-says.html
2021-09-17 07:00:00,2021-09-17,Student debt can make buying a home feel impossible. Here are your options,"Half of people who haven't yet purchased a home point to their student debt as a reason for the delay.
That's the finding from a new report by the National Association of Realtors, which partnered with Morning Consult to conduct an online poll in June of 1,995 student loan borrowers.
Millennials were the most likely (60%) to say their student debt was making them put off homeownership, although more than a third of baby boomers said the same.
""Housing affordability is worsening, leaving future home buyers with student debt at a severe disadvantage,"" said Charlie Oppler, president of the NAR.
Outstanding student loan debt in the U.S. has surpassed $1.7 trillion and burdens Americans more than credit card and auto debt. Around a third of borrowers are in delinquency or default.
More from Personal Finance:
Here's how to prioritize your financial goals
Here are some tips for beating inflation as prices start to rise
Impulse spending is an issue for many consumers
Your education loans will affect your eligibility for a mortgage in two ways, said Mark Kantrowitz, a higher education expert.
For one, your payment history on the loans will impact your credit score, he said. If you fall behind on your monthly bills to your servicer, expect your score to drop.
""This can reduce your likelihood of loan approval and increase the interest rate you pay,"" Kantrowitz said.
Despite the challenges of student debt, it's still possible for borrowers to become homeowners, experts say.
As you save up for a down payment, or get ready to apply for a mortgage, staying current on your student loans will be crucial.
Housing affordability is worsening, leaving future home buyers with student debt at a severe disadvantage.Charlie Opplerpresident of the National Association of Realtors
Your monthly payment will also be factored into your debt-to-income ratio, which lenders use to measure your ability to keep up with mortgage payments.
“There are limits on the percentage of your income that can be devoted to repaying all debts, including student loans,” Kantrowitz said.
If you're hoping to apply for a mortgage soon, you may want to consider switching to a plan that lowers your monthly bill. Income-driven repayment plans, for example, often do that. (Fannie Mae, the federal mortgage giant, made it easier for student loan borrowers to get a mortgage in 2017, by allowing lenders to consider the lower payments on these plans.)
Kantrowitz recommends borrowers change their repayment plan at least a year before they apply for a mortgage.
Fortunately, owning a house will not impact your monthly student loan payments on an income-driven repayment plan, said Betsy Mayotte, president of The Institute of Student Loan Advisors, a nonprofit that helps student loan borrowers with free advice and dispute resolution.
That's because the plans, Mayotte said, ""are based only on income and family size, not on assets or other debts.""
Various government agencies that back mortgages, from the U.S. Department of Veterans Affairs to the U.S. Department of Agriculture, will use different formulas to calculate how much of a burden your student debt poses.
""It might be helpful to use a mortgage broker who works with all of the different government programs,"" Kantrowitz said.
On the other side of the balance sheet, if you plan to soon buy a house, it's a great time to try to lift your income, ""especially if you think you deserve a raise or promotion,"" said Elaine Griffin Rubin, senior contributor and communications specialist at Edvisors. Others may look at taking a second job.
Avoid deferments or forbearances in your lead-up to homeownership, experts say.
While they'll bring your monthly payment down to zero, they signal financial hardship to lenders, Kantrowitz said.
One important exception, he noted, is the current option to pause payments without interest accruing that the U.S. Department of Education has offered borrowers since the start of the pandemic. (That break will end in January.)
""The eligible federal student loans are reported as current to the three national credit reporting bureaus, so there shouldn't be an impact on applying for a mortgage,"" he said.
If you've defaulted or fallen behind on your student loans, getting a mortgage will be more difficult, Kantrowitz said.
Such borrowers may want to see if a parent can buy the house.
If the property is bought through a trust, the child will inherit the house when the parent dies. (There are also, of course, a number of ways to climb out of the red and become current on your loan again.)
Another option: You can apply for a mortgage with another person. That will show a higher income, and you'll have another credit score to lean on, too.
""It may be worth it to borrow the mortgage with your spouse,"" Griffin Rubin said. ""If you're not married, maybe your significant other, family member or friend may be a choice for you.""
In the end, if you're having a hard time finding a bank that will work with you, ""the answer will be clear,"" Griffin Rubin said. ""Focus on paying down debts.""",,867,38,34,False,CNBC,en,https://www.cnbc.com/2021/09/17/student-debt-is-a-main-obstacle-for-millennials-wanting-to-buy-a-house.html
2021-09-17 07:00:00,2021-09-17,"Russia's authoritarianism and political crackdown could get worse after weekend vote, experts say","Russia will hold elections to the State Duma, the lower house of parliament, from Friday and experts expect the vote to consolidate President Vladimir Putin's power base in the Kremlin.
It's widely expected that the ruling United Russia party will secure a ""convincing victory"" in the vote that takes place between September 17-19, with one analyst noting that the election ""heralds more authoritarianism"" as a result.
""The Kremlin's objective is to retain a constitutional majority, ensure the vote's legitimacy, and avoid large-scale post-election protests. Major changes in the cabinet or the government's policy direction are unlikely after the vote,"" Andrius Tursa, Central and Eastern Europe advisor at Teneo Intelligence, said in a note ahead of the vote.
Around 108 million voters in Russia have a right to elect 450 members of the State Duma for a five-year term. Voting this year is taking place over a three-day period due to the Covid-19 pandemic. United Russia has been the dominant party in the country for decades and it enthusiastically supports Putin although he has run as an independent candidate since 2018.
Adeline Van Houtte, Europe analyst at the Economist Intelligence Unit, noted Wednesday that the vote will be an important test for United Russia given insufficient financial support for businesses and households, together with a weakening labour market that has dented the party's popularity in recent years.
""United Russia is now polling at around 30%, substantially lower than in 2016. Despite its poor ratings, it maintains a comfortable lead over its biggest competitors. We expect United Russia and other pro-Kremlin affiliates to retain a large majority in the Duma.""
Crackdown on opponents
Analysts expect there to be little transparency when it comes to electoral standards given increasingly limited press freedom and efforts to suppress and neutralize political opposition in Russia — most notably, the imprisoned opposition leader Alexei Navalny and his supporters.
Van Houtte said a major crackdown on real and perceived opponents is intensifying ahead of the parliamentary election ""and is likely to continue afterwards.""
Despite imprisoning Navalny earlier this year, Russia's authorities have continued the dismantling of the activist's opposition movement and support base.
In June, three political associations linked to Navalny were outlawed and branded as ""extremist"", meaning that any member of the organizations or supporters of Navalny can face prison terms and be barred from running for public office.
""Considering the limited presence of international observers and a sweeping crackdown on the opposition, independent media, and civic organizations during the past year, the upcoming election will be the least transparent and competitive during President Vladimir Putin's 20+ years in power,"" Tursa said, adding that United Russia was still set to secure an absolute majority of seats and could retain a constitutional majority in the lower chamber despite a recent decline in popularity.
Token opposition
Russia analysts say the election has the appearance of a democratic vote but that, in reality, it is closely controlled by the state and other parties on the ballot paper are token opposition parties approved by the Kremlin.
""So-called systemic opposition parties"" are currently represented in the State Duma, Tursa noted, citing the Communist Party of the Russian Federation, the Liberal Democratic Party of Russia and a Just Russia-For Truth as well as a new party called New People, which is targeting disappointed urban voters. These parties don't represent ""genuine opposition,"" he said.
""As a result, the Duma will remain strongly supportive of the Kremlin,"" Tursa noted.
For the Kremlin, Tursa said there were three objectives. Primarily, ""to reaffirm United Russia's undisputed control of the State Duma by maintaining a constitutional majority, which holds practical and symbolic significance ahead of the 2024 presidential election.""
Secondly, the Kremlin wants ""to maintain legitimacy among political elites and the wider electorate by ensuring good turnout, a credible outcome of the vote, and limited reports of any electoral irregularities""
And thirdly, it wants to avoid widespread protests such as those seen after the 2011 legislative election or in neighboring Belarus last year, Tursa said.
What about the economy?
Major changes in the cabinet or the government's policy direction seem unlikely given that the ruling party's program continues long-standing key policy areas such as the well-being of families, infrastructure development of Russia's regions and the protection of the country's interests abroad, Tursa said.
Liam Peach, emerging markets economist at Capital Economics, agrees that United Russia will hold onto its majority but noted that the ""political backdrop is fragile"" and the government could soon intervene more in the economy.
""Public support for United Russia has dropped sharply over the past five years and President Putin's approval rating is hovering near record lows. The stagnation in real incomes since 2013 may have a played a part in this,"" he said in a note Wednesday.
""A key implication of this tension is that the government has taken an increasingly interventionist approach in the economy in an effort to support households. One strand to this is social welfare provision, which has become a key priority for the government. Cash payments to families, children, pensioners and military personnel have been announced ahead of September's elections.""
Peach said his team believed the emphasis on social support will become permanent in Russia.
""This shift towards higher social spending has its roots before the pandemic and was presented alongside President Putin's plans to amend the constitution. With the depths of the crisis having passed and a rebound in oil prices boosting the public finances, it seems that the government has started to rekindle these plans and bring issues around the standard of living higher up its agenda.""",,959,30,26,False,CNBC,en,https://www.cnbc.com/2021/09/17/russia-state-duma-election-will-boost-authoritarianism-experts-say.html
2021-09-17 07:00:00,2021-09-17,"After years of being 'squeaky clean,' the Federal Reserve is surrounded by controversy","The Federal Reserve has a big meeting on tap next week, one that will be held under the cloud of an ethical dilemma and will be run by a policymaking committee that finds itself with fairly pronounced divisions about the path ahead.
Markets largely expect the Fed to follow the two-day session with no major decisions, but rather just the first but significant nods that the historically easy pandemic-era accommodation is coming to an end soon if slowly.
""Tapering"" will be the word of the day when the post-meeting statement is issued Wednesday, at which time individual officials also will release their forecasts on the future arc of interest rates as well as economic growth and inflation.
All of that will be set against a backdrop of controversy: News reports in recent days indicate that Fed officials have been trading stocks and bonds that could be influenced at least indirectly by their policy decisions.
At the same time, speeches over the past several weeks indicate a schism between those who say the time is now to start tightening policy and those who'd rather wait.
For the normally staid Fed, the present circumstances are unusual and could yield some interesting dynamics.
""I think it's embarrassing for the Fed. It had such a squeaky-clean reputation,"" Greg Valliere, chief U.S. policy strategist at AGF Investments, said of the trading controversy that largely involved regional presidents Robert Kaplan of Dallas and Eric Rosengren of Boston. ""But I don't think it's going to change policy in any regard at all. I think it will be rearview mirror pretty soon, assuming there's no other shoe to drop.""
Valliere did note the issue will help fuel Fed critics such as Sen. Elizabeth Warren, D-Mass., who had been a vocal detractor of the Fed's looser regulatory approach in the years since the 2008-09 financial crisis.
A matter of credibility
More than that, though, the Fed lives on its credibility, and some of the recent problems could dent that.
There's the market credibility issue – Wall Street and investors need to believe that the Fed is at least mostly unified in its monetary policy approach to setting interest rates and associated moves that have market impact. Then there's the public credibility – at a time when faith in Washington's institutions has plunged, ethical missteps only add to that and can have repercussions, especially at such a delicate time.
""The ethics here look bad. They should have known better,"" said Joseph LaVorgna, chief economist for the Americas at Natixis and former chief economist of the National Economic Council during the Trump administration. ""Once you lose that moral authority, it's a problem.""
Rosengren, Kaplan and any other Fed officials who traded stocks didn't violate laws or policies. In fact, that's become part of the criticism leveled in some circles – that following the financial crisis the Fed didn't do a housecleaning when it came to internal rules to make sure it avoided the kinds of conflicts that came to light during the crisis.
""Keep in mind, they already have [trading] rules they imposed on banks, for example, and yet the Fed's governors don't live by those same rules,"" said Christopher Whalen, a Fed veteran and now chairman of Whalen Global Advisors. ""After Dodd-Frank [the post-crisis banking reforms], every agency in Washington tightened up little conflicts like insider trading. And yet the Fed is somehow exempt from those rules? They look ridiculous.""
For its part, the Fed has noted that it is following rules for other government agencies and has supplemental rules as well.
Still, a spokesman for the central bank said Thursday that Chairman Jerome Powell has directed Fed staff ""to take a fresh and comprehensive look at the ethics rules around permissible financial holdings and activities by senior Fed officials.""
""This review will assist in identifying ways to further tighten those rules and standards. The Board will make changes, as appropriate, and any changes will be added to the Reserve Bank Code of Conduct,"" the official added.
The controversy comes against a delicate set of circumstances for the Fed.
The central bank is preparing to take its first steps to normalize policy again, after slashing benchmark interest rates to zero and doubling the size of its balance sheet through more than $4 trillion in bond purchases.
Fed officials are divided on policy: By Goldman Sachs' count, six officials who have spoken publicly on the issue of tapering asset purchases are for it and six are against. On inflation, while Powell has said he expects price pressures to recede fairly soon, at least six Fed officials, including Governor Christopher Waller, have said they anticipate inflation to remain above the central bank's 2% target beyond 2021.
One more complication thrown into the mix is that Powell's term is set to expire in February, and President Joe Biden is expected to announce soon his preferred choice to lead the bank ahead. Most on Wall Street expect Powell to be nominated again, but there's growing sentiment that Biden will move out Randal Quarles as vice chairman in charge of bank supervision and replace him with Governor Lael Brainard, who likely would use a heavier hand in bank regulation.
Amid all those pressures, Powell will have to make sure the Fed gets policy right and is able to clear away some of the contentiousness of late.
""It's not a fait accompli that Jerome Powell is reappointed,"" said LaVorgna, the Natixis economist. ""The administration is understandably going to wait and see how the Fed handles the taper and what the markets do. That could be the determining factor in whether he's reappointed.""
Become a smarter investor with CNBC Pro.
Get stock picks, analyst calls, exclusive interviews and access to CNBC TV.
Sign up to start a free trial today.",,989,37,26,False,CNBC,en,https://www.cnbc.com/2021/09/17/after-years-of-being-squeaky-clean-the-federal-reserve-is-surrounded-by-controversy.html
2021-09-17 07:00:00,2021-09-17,"As stocks enter volatile period, the Fed will attempt to not rock the boat further in the week ahead","The Federal Reserve's much-anticipated meeting next week may not be quite as exciting for markets as some investors had been expecting in the usual choppy month of September.
The meeting is the highlight of the coming week, traditionally a negative time for stocks. Stocks were slightly lower in the past week, with the exception of the small-cap Russell 2000, which ended the week up 0.4%.
Central bank officials begin meeting Tuesday, and end their two-day session with an announcement Wednesday afternoon. That will be followed by a press briefing with Fed Chairman Jerome Powell.
The economic calendar is light, and there is mostly housing data. Starts and permits data are slated for Tuesday, existing home sales numbers are set for Wednesday, with new home sales figures coming out Friday. A handful of companies are reporting earnings, including Costco Wholesale, FedEx and Nike.
The Fed's meeting may not be as eventful as investors once expected. The central bank's move away from its bond-buying program has been expected by some strategists to cause turbulence for stocks. But the Fed is likely to only discuss tapering at the upcoming meeting and, at most, signal it could slow the bond purchases later in the year.
""They've been very clear in my view on the guidance on tapering. I think they get an 'A plus' on communicating their intentions around the balance sheet,"" Bank of America head of U.S. economics Michelle Meyer said. ""They said they want to take baby steps and they have."" She expects an announcement in November and the actual cut in bond purchases to start before year-end.
The unwinding of the $120 billion a month bond buying program is important since it would be the first major move away from the extraordinary policies the Fed used to fight the pandemic. It also takes the Fed a step closer to interest rate hikes.
Debt ceiling risk
""Everybody's been calling for a correction, and it's always hard to see what the catalyst could be. The catalysts for a correction right now are as clear as they've been all year long,"" Morgan Stanley Investment Management head of global macro strategy Jim Caron said.
For now, Caron sees the Fed's communications in the week ahead as less of a risk for markets than other simmering issues, like the debt ceiling, the potential for more taxes and uncertainty surrounding the White House's infrastructure bill.
Congress has until sometime in October to extend the debt ceiling before the government runs out of funds and defaults. Political rhetoric around raising the debt limit, which would allow Treasury to issue more debt, has been building. The White House warned Friday the economy could enter a recession if Congress fails to act.
""I think the Fed wants to stay out of the fight at this point. There's just too much ambiguity,"" Caron said. ""They're not going to announce tapering. Their statement is going to be carefully worded. The bar is really high for them to say anything hawkish right now. Between now and the next meeting, we should have a pretty good idea about the debt ceiling and where the infrastructure stands.""
What the Fed could do
The odds for a September tapering announcement from the Fed fell sharply after August's softer than expected employment report showed just 235,000 jobs were created, about 500,000 less than expected.
Economists now mostly expect a November announcement, but the September meeting could be important for what else the Fed says.
The quarterly forecasts of Fed officials are released along with the 2 p.m. statement Wednesday. They include new economic projections and an updated interest rate forecast.
""I don't think they want to say anything that's slightly hawkish, but the dot plot could come out that way,"" Caron said. The so-called dot plot is the Fed's interest rate forecast, which is the anonymous interest rate targets of Fed officials presented in a chart format.
Some Fed watchers expect the central bank to move its interest rate forecast forward slightly. In June, the dot plot showed two rate hikes for 2023 and none for 2022.
""They are two Fed officials from having a half a hike and they are three Fed officials from getting a full hike penciled in"" for 2022, Bank of America's Meyer said. ""I think the dots will show the first hike is in 2023, but it is possible that shifts. ... I think if it shifts, the problem the Fed will have is to communicate the difference.""
Meyer said Powell has emphasized the asset purchase program's unwinding is not linked to the Fed's move to raise interest rates from the current near-zero level. If the interest rate forecast moves forward, it could suggest to the market that the Fed will wind down its bond program and immediately move on to a rate hike. The bond program is slowly expected to be unwound over the course of six months or more.
September slump
The major indexes ended the past week with slight losses. The S&P 500 was down 0.6% for the week, closing Friday's session at 4,432.99. The Dow lost 0.1% for the week. The Nasdaq Composite dropped nearly 0.5% for the week to 15,043.97. The 10-year Treasury yield was higher on the week, at 1.37%.
September as a whole has been weak for the stock market, with the S&P 500 down just under 2%.
J.P. Morgan technical strategists, however, do not see the big downdraft expected by some analysts.
They note the S&P 500 has held above 4,420 to 4,435 trend support levels and another key level of 4,367.
""As a base-case view, we believe the index holds that support and rallies in the fourth quarter. Even if the market breaks support and sees a near-term increase in realized volatility, we continue to think the 4238-4257 summer-time breakout area will put a floor under the index,"" the strategists wrote.
Earnings
Investors continue to watch for earnings warnings ahead of the third-quarter reporting season, which starts in mid-October. The concern is that supply chain risks will continue to crimp revenues and could hurt margins.
There are a few companies reporting in the week ahead, and they should comment on supply chains and rising costs. FedEx reports Tuesday; General Mills releases earnings Wednesday, and both Nike and Costco report Thursday.
Nike is being watched closely since it is expected that supply chain issues will hurt its profits and it could continue to have issues getting products to sell.
Week ahead calendar
Monday
Earnings: Lennar
10:00 a.m. NAHB survey
Tuesday
Earnings: FedEx, Adobe, AutoZone, Cracker Barrel, Aurora Cannabis, Stitch Fix
FOMC begins 2-day meeting
8:30 a.m. Housing starts
8:30 a.m. Current account
Wednesday
Earnings: General Mills, KB Home, Blackberry, Steecase
10:00 a.m. Existing home sales
2:00 p.m. Federal Reserve statement
2:30 p.m. Fed Chairman Jerome Powell briefing
Thursday
Earnings: Nike, Costco, Vail Resorts, Trip.com, Darden Restaurants, Accenture, Rite Aid, Scholastic
8:30 a.m. Weekly jobless claims
9:45 a.m. Manufacturing PMI
9:45 a.m. Services PMI
10:00 a.m. Leading indicators
Friday
Earnings: Carnival
8:45 a.m. Cleveland Fed President Loretta Mester
10:00 a.m. New home sales
10:00 a.m. Fed Chairman Jerome Powell, Vice Chairman Richard Clarida, Fed Governor Michelle Bowman at Fed Listens event
10:00 a.m. Kansas City Fed President Esther George",,1286,74,56,False,CNBC,en,https://www.cnbc.com/2021/09/17/as-stocks-enter-volatile-period-the-fed-will-attempt-to-not-rock-the-boat-further-in-the-week-ahead.html
2021-09-17 07:00:00,2021-09-17,Donors pledging billions in aid to Afghanistan face a challenge: Navigating the Taliban,"One month after the fall of its U.S.-supported government to the Taliban, Afghanistan faces crises of astronomical levels: millions facing starvation, a nationwide liquidity crunch, suspension of aid and freezing of assets by international donors and fears of brutal human rights abuses.
Policymakers in the West are grappling with whether to engage with Afghanistan's new government of hardline Islamist extremists — which includes wanted terrorists — as the country approaches economic collapse.
Prior to the Taliban takeover, 80% of the Afghan government's budget was funded by the U.S. and other Western donors. Forty percent of its GDP came from international aid. Roughly half of the country lived below the poverty line.
Out of its population of 40 million, 14 million in Afghanistan are food insecure. The U.N.'s World Food Programme says $200 million is needed to sustain its operations in the country until the end of this year.
The Taliban leadership has already outlined policies regarding aid agencies accessing the country. This would be overseen by an authority called the Commission for the Arrangement and Control of Companies and Organisations, which deals with both business and aid organizations.
""This commission will oversee the registration of all aid agencies and will enforce the Taliban code of conduct for these organizations which include aspects like taxation, political neutrality (ensuring that aid workers are not spies), and respect of Afghan culture,"" according to Amer Alhussein, an economist and economic advisor for the post-conflict development initiative Plant for Peace.
'Important to engage with the Taliban'
Earlier this week, international donors at a U.N. conference in Geneva including the U.S. and European states pledged more than $1 billion in aid to war-ravaged Afghanistan. U.N. Secretary-General Antonio Guterres said that ""the people of Afghanistan are facing the collapse of an entire country — all at once.""
He warned that food supplies in the country could run out by the end of September, and stressed that engagement with the Taliban government would be necessary.
""It is impossible to provide humanitarian assistance inside Afghanistan without engaging with the de facto authorities,"" Guterres told the press.
But this presents a fresh dilemma for donors, amid fears of widespread and violent human rights abuses by the Taliban, infamous for their harsh interpretation of Islamic law, and amid concerns over new opportunities for corruption and misuse of donation funds.
That potential for corruption is ""a huge risk,"" said Alex Zerden, an adjunct senior fellow at the Center for a New American Security and former Treasury Department financial attaché at the U.S. embassy in Kabul.
""The Taliban control customs, they control taxation. They were in the extortion business a month ago, I don't think they're going to change,"" he told CNBC via phone on Wednesday. A quarter of the country's banks are state-owned, as is the central bank, meaning those vehicles for moving money around the country are all now under control of the Taliban. Anyone doing business with these banks then also faces the risk of U.S. sanctions.
And while aid organizations may choose to deploy their funds via independent institutions on the ground, those ""may not have the absorptive capacity to responsibly transfer or use a huge influx of funds,"" Zerden said.
A new kind of corruption?
Corruption in Afghanistan is anything but new. The billions poured into the country over the last two decades, especially from the U.S., fueled a class of Afghan millionaire contractors, politicians and warlords whose corruption crippled the country and pushed many into the arms of the Taliban, who have pledged to do away with such behavior.
But the Taliban funded themselves until now via the opium trade, extortion, and illicit mining activities in the country. The group's yearly revenues reached into the hundreds of million, which funded their insurgency over the years — but it falls far short of the more than $5 billion required annually to fund the Afghan government.
Instead of being eradicated, corruption may just take on a different flavor, Alhussein said.
""Given the lack of resources combined with the Taliban's urgent need to stabilize the country and win over the loyalty of local tribal leaders, I believe that a new form of corruption — similar in nature to the one that the country suffered from over the past 20 years, but different in terms of recipients and distribution — is bound to emerge,"" he said.
But donors do have some mechanisms that can go some way in preventing the misuse of funds. One is delivering food, medicine and other basic goods rather than money, which is what states like Qatar, China, Iran and Pakistan have done or pledged to do so far.
Another is working through the U.N. as opposed to the Afghan central bank, or using private banks to deploy capital instead of state banks, Zerden said.
U.S. continuing aid, but not through Taliban
The U.S. will continue to deliver aid to Afghans, but not through the Taliban and despite its own sanctions on the group, Secretary of State Antony Blinken said last week.
""The U.S. Treasury Department has issued specific licenses to allow U.S. government agencies, contractors, and grant recipients to continue to provide critical and lifesaving humanitarian aid to the people of Afghanistan, despite sanctions on the Taliban,"" he said in a statement. ""Consistent with our sanctions, this aid will not flow through the government, but rather through independent organizations.""
The World Food Programme also told CNBC in a statement: ""We have robust monitoring systems in place, guided by global monitoring standards, and we conduct routine monitoring activities to ensure accountability and improve the quality of our programmes.""
It says it is ""100% focused on helping local communities"" and has a network of local partners that enables it to do its work.
Despite the oversight mechanisms tied to aid funds, however, ""foreign and humanitarian aid donated to states will get into the wrong hands,"" warned Andreas Krieg, an associate professor at King's College London. ""Under the [previous Ashraf] Ghani government much of these funds were expropriated to fund a kleptocratic regime.""
""In the developing world funds usually get misused by regimes. The Taliban are just another of these regimes,"" Krieg said, adding, ""The answer is not 'no foreign aid' because that will undermine any effort to reign the Taliban in and moderate them.""",,1068,47,28,False,CNBC,en,https://www.cnbc.com/2021/09/17/aid-funding-for-afghanistan-at-risk-of-taliban-misuse-corruption.html
2021-09-17 07:00:00,2021-09-17,"Fed Chief Powell, other officials owned securities central bank bought during Covid pandemic","(Editor's note: This story has been updated to reflect new information. Fed Chair Powell owned the municipal bonds in question in a joint account over which he had control. Due to incorrect information provided by the Federal Reserve, CNBC reported initially that Powell owned the munis in a family trust over which he had no control.)
Amid an outcry about Federal Reserve officials owning and trading individual securities, an in-depth look by CNBC at officials' financial disclosures found three who last year held assets of the same type the Fed itself was buying, including Chairman Jerome Powell.
None of these holdings or transactions appeared to violate the Fed's code of conduct. But they raise further questions about the Fed's conflict of interest policies and the oversight of central bank officials.
- Powell held between $1.25 million and $2.5 million of municipal bonds. They were just a small portion of his total reported assets. While the bonds were purchased before 2019, they were held while the Fed last year bought more than $5 billion in munis, including one from the state of Illinois purchased by his family trust in 2016.
- Boston Fed President Eric Rosengren held between $151,000 and $800,000 worth of real estate investment trusts that owned mortgage-backed securities. He made as many as 37 separate trades in the four REITS while the Fed purchased almost $700 billion in MBS.
- Richmond Fed President Thomas Barkin held $1.35 million to $3 million in individual corporate bonds purchased before 2020. They include bonds of Pepsi, Home Depot and Eli Lilly. The Fed last year opened a corporate bond-buying facility and purchased $46.5 billion of corporate bonds.
Among those questions: Should the Fed have banned officials from holding, buying and selling the same assets the Fed itself was buying last year when it dramatically widened the types of assets it would purchase in response to the pandemic?
The Fed's own code of conduct says officials ""should be careful to avoid any dealings or other conduct that might convey even an appearance of conflict between their personal interests, the interests of the system, and the public interest.""
In response to CNBC questions asked in the process of our research, a Fed spokesperson released a statement Thursday saying Powell ordered a review last week of the Fed's ethics rules surrounding ""permissible financial holdings and activities by senior Fed officials.""
A Fed spokesperson told CNBC that Powell had no say over the central bank's individual municipal bond purchases but that the bonds were held in a joint account over which he did have control. He decided not to trade muni bonds in 2019.
Barkin declined to comment but he did not appear to have any say over the individual corporate bonds purchased by the Fed.
Rosengren has announced he would sell his individual positions and stop trading while he is president. Dallas Fed President Robert Kaplan, who actively traded millions of dollars of individual stocks, also said he would no longer trade and would sell his individual positions. But he said his trade did not violate Fed ethics rules.
A spokesman for Rosengren told CNBC that he ""made sure his personal saving and investment transactions complied with what was permissible under Fed ethics rules.""
But Dennis Kelleher, CEO of the nonprofit Better Markets, said if some of these Fed actions are not against the rules, the rules need to change.
""To think that such trading is acceptable because it is supposedly allowed by Fed's current policies only highlights that the Fed's policies are woefully deficient,"" Kelleher told CNBC.
While trading by Rosengren and Kaplan was not conducted during the so-called blackout period, when Fed officials are not allowed to talk publicly about monetary policy or trade, Kelleher said during a crisis like last year, ""the whole year should be considered a blackout period"" because Fed officials are constantly talking and crafting policy in response to fast-moving events.",,669,23,16,False,CNBC,en,https://www.cnbc.com/2021/09/17/fed-officials-owned-securities-it-was-buying-during-pandemic-raising-more-questions-about-conflicts.html
2021-09-17 07:00:00,2021-09-17,Debt ceiling vs government shutdown: How they're different and why they matter,"Congress faces two massive tasks over the next month: funding the U.S. government and increasing the debt ceiling.
The two concepts are distinct but often confused, especially when their deadlines are close together as they are in the fall of 2021.
Lawmakers have until the end of this month to fund the government, while Treasury Secretary Janet Yellen has warned that extraordinary measures to stave off the debt limit are likely to run out in October.
Here's how the two issues differ.
Two debates
Failure to fund the government results in a shutdown, but failure to increase the debt ceiling would lead to default.
A government shutdown is the result of lawmakers disagreeing over how much to spend on future bills. Budget debates are forward-looking in the sense that they deal with spending that hasn't been approved.
Republicans and Democrats usually don't disagree that the federal government should continue to pay to ""keep the lights on."" Workers at the departments of Housing and Urban Development, Education, Interior, Labor and Commerce often have to send home the majority of their workers until Congress approves a new budget.
Where partisan gridlock enters is in attempts by either party to include amendments or partisan priorities into a budgetary bill. It's almost always those add-ons that politicians feud over with regular government employees serving as collateral damage.
Debates over the debt ceiling are arguments among politicians over whether they should pay for the spending they already authorized. That could include, for example, trillions in Covid-19 relief or a deficit caused by tax cuts.
Debt ceiling debates, in that sense, are backward-looking.
That being said, politicians in the minority will threaten to not pay the parties the U.S. owes and risk a government default to score future concessions from the majority.
Funding the U.S. government is the more frequent, relatively less calamitous hurdle for lawmakers and has a defined deadline.
Funding the government
Each year, Congress must approve a federal budget that will finance the government for the upcoming 12 months. The federal government's fiscal calendar runs from Oct. 1 to Sept. 30, meaning that a shutdown will occur if lawmakers don't pass a new budget by the end of this month.
If lawmakers don't have a budget in place by the time October begins, the government is required to reduce agency activities and stop nonessential operations.
Government shutdowns have been a regular occurrence over the past decade.
Two government shutdowns happened under former President Donald Trump, with the more recent one between December 2018 and January 2019. That 35-day shutdown set a record as the longest in U.S. history and led to some 300,000 federal workers being furloughed.
The shutdown was so severe that it cut gross domestic product by 0.1% in the fourth quarter of 2018 and 0.2% in the first quarter of 2019, according to analysis from the nonpartisan Congressional Budget Office.
On paper, Democrats and Republicans are actually united in their desire to pass a continuing resolution — a type of appropriations bill — to fund the government.
Senate Minority Leader Mitch McConnell, R-Ky., supports a ""clean"" resolution, said a person familiar with his thinking. ""Clean"" bills are free of any amendments or partisan policies and in general allow the government and its thousands of employees to continue work as usual with budgets that Congress has approved in the past.
The problem, however, is that McConnell and his Republican colleagues are resolved not to help Democrats raise or suspend the all-important, but otherwise unrelated, debt ceiling. McConnell would prefer Democrats link a debt ceiling increase to their $3.5 trillion social policy bill, which is being drafted under budget rules that would allow it to pass with just 51 Senate votes and avoids the threat of a GOP filibuster.
Doing so protects his caucus in the 2022 midterm elections and forces Democrats in toss-up races to defend themselves against accusations of wasteful spending.
Democrats, in turn, want to link a debt ceiling increase to a government funding bill in order to paint Republicans as responsible for the chaos if the GOP opts to filibuster. Using that method, the bill would require 60 votes in a Senate split 50-50 between Democrats and Republicans.
""Democratic leaders are betting that the GOP will be forced to vote for this package in the face of a potential adverse market reaction and voter backlash,"" wrote Solita Marcelli, chief investment officer for the Americas at UBS Global Wealth Management.
""Even if Republicans refuse to supply any votes, and in order to avoid blame, they might choose not to filibuster, letting Democrats pass the CR with only 50 votes,"" she added.
A spokesman for House Speaker Nancy Pelosi, D-Calif., referred CNBC to a recent ""dear colleague"" letter penned by Rep. Steny Hoyer, the House majority leader.
""It would be a disaster for our economy and for tens of millions of American families if Republicans refuse to join Democrats in responsibly addressing the debt limit,"" the Maryland Democrat wrote in the letter dated Sept. 8. ""I urge Senator McConnell to stop playing dangerous games with our economy and the well-being of so many Americans.""
The debt ceiling
As worrying as a government shutdown can be, failure to address the debt ceiling is considered by virtually everyone to be an unequivocal disaster.
The debt ceiling is the amount of debt the U.S. government is legally allowed to carry.
Lawmakers can either vote to increase the borrowing limit to a certain dollar amount or suspend it until a certain date, when the ceiling would be imposed at whatever level the debt is on that day.
A two-year suspension of the debt ceiling that was passed in 2019 expired at the end of July, meaning that the Treasury Department hasn't been able to issue new bonds to finance prior congressional spending.
But therein lies the problem: The debt ceiling prevents the U.S. government from honoring spending that has already occurred. Increasing or suspending the debt ceiling does not authorize new federal spending but allows the Treasury to continue to pay receipts for purchases the government made weeks or months ago.
That hasn't stopped Republicans from conflating the debt ceiling with Democrats' uncertain attempts to pass $4.5 trillion in federal spending. Democrats are scrambling to pass a $1 trillion bipartisan infrastructure bill and a $3.5 trillion effort to expand the nation's safety net opposed by virtually every Republican.
Some members of the GOP contend that voting to increase the debt ceiling is an implicit endorsement of that spending.
The Treasury Department has long likened refusal to increase the debt ceiling to a consumer refusing to pay a credit card bill for purchases he or she made last month.
Unable to float new debt, the Treasury has resorted to ""extraordinary measures"" to pay America's bills. These temporary measures allow it to conserve cash by halting reinvestments in government retirement funds.
The Treasury is expected to exhaust those measures some time in October and reach a ""drop-dead"" date when the U.S. government would default for the first time. When it runs out of those measures, the U.S. will risk missing payments to Social Security, the military and interest on all its approximate $28 trillion of debt.
Even flirting with a default can have drastic implications for the cost of borrowing for everyday Americans.
""A delay that calls into question the federal government's ability to meet all its obligations would likely cause irreparable damage to the U.S. economy and global financial markets,"" Yellen wrote earlier this month in a letter to Pelosi.
""We have learned from past debt limit impasses that waiting until the last minute to suspend or increase the debt limit can cause serious harm to business and consumer confidence, raise short-term borrowing costs for taxpayers, and negatively impact the credit rating of the United States,"" she added.
Republicans, Democrats and economists say the consequences of a default would be catastrophic and likely guarantee a recession.
While missing payments to U.S. troops and Social Security recipients would be bad enough, a default would call into question the nation's ability to make payments in a timely matter and send interest rates soaring across the economy.",,1400,67,44,False,CNBC,en,https://www.cnbc.com/2021/09/17/debt-ceiling-vs-government-shutdown-2021-why-it-matters.html
2021-09-17 07:00:00,2021-09-17,Buildings account for 39% of global greenhouse emissions — that could be an opportunity for investors,"Investing in sustainable buildings could offer a real solution to reducing emissions in one of the world's most polluting sectors, said Taronga Ventures, an investment firm focused on sustainable innovation and tech.
Buildings currently represent 39% of global greenhouse emissions, according to U.N. data. Almost one-third (28%) of the global total is the result of running buildings — referred to as operational emissions, while 11% comes from building materials and construction.
""It is a widely unknown fact,"" Avi Naidu, co-founder and managing director of Taronga Ventures told CNBC's ""Squawk Box Asia"" Friday.
""Many people think that it's transport, it's methane, it's food that is a big driver, but actually it's the built environment,"" said Naidu, whose company invests in innovation within real estate and construction.
Dispelling misconceptions
That lack of awareness, however, presents a ""huge opportunity"" for investors, said Naidu, noting that the technology and appetite for sustainable building solutions are already there.
""There is a misconception in markets and particularly from landlords [that] it will cost more. Absolutely, as technology is first introduced it sits higher on the cost curve, [but] as it gets more widely adopted we see it go further and further down the cost curve,"" he said.
""We're also starting to see consumers and investors pay a premium for products and assets that are ESG aligned and much more sustainable,"" he continued.
Environmental, social and governance — or ESG — investing has grown increasingly popular in recent years, mainly in the wake of the Covid-19 pandemic.
""So a lot of the cost is being increasingly mitigated by the ability to command greater rents, greater asset values, and that's really how landlords should be thinking about it,"" he said.
Decarbonizing the economy
Decarbonizing the economy could be a market opportunity worth up to $30 trillion within the next two decades, according to Goldman Sachs.
For its part, Taronga Ventures is investing in green building solutions ""across the value chain,"" said Naidu. That includes design, construction, and operations, but also the repurposing and ultimate destruction of buildings.
As we build new stock, ""we have an opportunity to think about different materials, different kinds of concrete, different methodologies that make the process safer, smarter and obviously, from a carbon perspective, more efficient,"" he said.
Naidu's comments come ahead of the 26th U.N. Climate Change Conference of the Parties, known as COP26, in Glasgow in November, where world leaders will discuss efforts to combat the climate crisis.",,418,18,15,False,CNBC,en,https://www.cnbc.com/2021/09/17/taronga-group-sustainable-property-a-real-opportunity-for-investors.html
2021-09-19 07:00:00,2021-09-19,Op-ed: Will China's President Xi’s big bet pay off?,"Chinese President Xi Jinping is making the most audacious geopolitical bet of the 21st century.
A head-spinning series of seemingly disparate moves over recent months add up to nothing less than a generational wager that Xi can produce the world's dominant power for the foreseeable future by doubling down on his state-controlled economy, party-disciplined society, nationalistic propaganda, and far-reaching global influence campaigns.
With each week, Xi raises the stakes further, from narrowing seemingly mundane personal freedoms like karaoke bars or a teenager's permitted time for online gaming to three hours weekly to the multimillion U.S. dollar investor hit from his increased controls on China's biggest technology companies and their foreign listings.
It is only in the context of Xi's increased repressions at home and expanded ambitions abroad that one can fully understand Australian Prime Minister Scott Morrison's decision this week to enter a new defense pact, which he called ""a forever agreement,"" with the United States and the United Kingdom.
Much of the news focus was either on the eight nuclear-powered submarines that Australia would deploy or the spiraling French outrage that their own deal to sell diesel submarines to Australia was undermined by what French officials called a ""betrayal"" and a ""stab in the back"" from close allies. France went so far as to recall its ambassador to the United States for the first time in the history of the NATO alliance.
All that noise should not distract from the more significant message of the ground-breaking agreement. Prime Minister Morrison saw more strategic advantage and military capability from the U.S.-U.K. alignment in a rapidly shifting Indo-Pacific atmosphere, replacing his previous stance of trying to balance U.S. and Chinese interests.
""The relatively benign environment we've enjoyed for many decades in our region is behind us,"" Morrison said on Thursday. ""We have entered a new era with challenges for Australia and our partners.""
For China, that new era has many faces: a rapid rollback of economic liberalization, a crackdown on individual freedoms, an escalation of global influence efforts and military buildup, all in advance of the 20th national party congress in October 2022, where Xi hopes to seal his place in history and his continued rule.
Former Australian Prime Minister Kevin Rudd, one of the world's leading China experts, points to Xi's ""bewildering array"" of economic policy decisions in a recent speech as president of the Asia Society.
They started last October with the shocking suspension of Alibaba financial affiliate Ant Group's planned initial public offering in Hong Kong and Shanghai, clearly aimed at Alibaba co-founder Jack Ma. Then in April, Chinese regulators imposed a $3 billion fine on Alibaba for ""monopolistic behavior.""
In July, China's cyber regulator removed ride-hailing giant Didi from app stores, while an investigative unit launched an examination of the company's compliance with Chinese data-security laws.
Then this month, China's Transport Ministry regulators summoned senior executives from Didi, Meituan and nine other ride-hailing companies, ordering them to ""rectify"" their digital misconduct. The Chinese state then took an equity stake in ByteDance, the owner of TikTok, and in Weibo, the micro-blogging platform.
Xi was ready to accept the estimated $1.1 trillion cost in shareholder value wiped from China's top six technology stocks alone between February and August. That doesn't factor in further losses among the education, transportation, food delivery, entertainment and video gaming industries.
Less noticed have been a dizzying array of regulatory actions and policy moves whose sum purpose appears to be strengthening state control over, well, just about everything.
""The best way to summarize it,"" says Rudd, ""is that Xi Jinping has decided that, in the overall balance between the roles of the state and the market in China, it is in the interests of the Party to pivot toward the state."" Xi is determined to transform modern China into a global great power, ""but a great power in which the Chinese Communist Party nonetheless retains complete control.""
That means growing controls as well over the freedoms of its 1.4 billion citizens.
Xi has acted, for example, to restrict the video gaming of school-aged children to three hours a week, and he has banned private tutoring. Chinese regulators have ordered broadcasters to encourage masculinity and remove ""sissy men,"" or niang pao, from the airwaves. Regulators banned ""American Idol""-style competitions and removed from the internet any mention of one of China's wealthiest actresses, Zhao Wei.
""The orders have been sudden, dramatic and often baffling,"" wrote Lily Kuo in the Washington Post. Jude Blanchette of the Center for Strategic and International Studies says, ""This is not a sector-by-sector rectification; this is an entire economic, industry and structural rectification.""
At the same time, President Xi has launched a push to share the virtues and successes of the Chinese authoritarian model with the rest of the world.
""Beijing seeks less to impose a Marxist-Leninist ideology on foreign societies than to legitimate and promote its own authoritarian system,"" Charles Edel and David Shullman, the recently appointed director of the Atlantic Council's new China Global Hub, wrote in ""Foreign Affairs."" ""The CCP doesn't seek ideological conformity but rather power, security, and global influence for China and for itself.""
The authors detail China's global efforts to not remake the world in its image, but rather ""to make the world friendlier to its interests — and more welcoming to the rise of authoritarianism in general.""
Those measures include ""spreading propaganda, expanding information operations, consolidating economic influence, and meddling in foreign political systems"" with the ultimate goal of ""hollowing out democratic institutions and norms within and between countries,"" Edel and Shullman write.
Within President Xi's bold bet lie two opportunities for the U.S. and its allies.
The first is that Xi, by overreaching in his controls at home, will undo just the sorts of economic and societal liberalization China needs to succeed. At the same time, the world's democracies, like Australia, are growing more willing to seek a common cause to address Beijing.
In the end, however, Xi's concerted moves require an equally concerted response from the world's democracies. The French-U.S. crisis following the Australian defense deal this week provides just one example of how difficult that will be to achieve and sustain.
Frederick Kempe is the President and Chief Executive Officer of the Atlantic Council.",,1089,36,26,False,CNBC,en,https://www.cnbc.com/2021/09/19/op-ed-will-chinas-president-xis-big-bet-pay-off.html
2021-09-19 07:00:00,2021-09-19,"S&P 500 falls 1.7% for its worst day since May, Dow sheds 600 points","U.S. stocks began the week deeply in the red as investors continued to flock to the sidelines in September amid several emerging risks for the market.
The S&P 500 fell 1.7% to 4,357.73, posting its worst daily performance since May 12. It was a broad sell-off with each of the main 11 sectors of the benchmark registering losses. The Dow Jones Industrial average lost 614.41 points, or 1.8%, to 33,970.47 for its biggest one day drop since July 19. The tech-heavy Nasdaq Composite dropped 2.2% to 14,713.90.
One optimistic sign from Monday's rout: The Dow closed well off its session low. The 30-stock average was down 971 points at it low for the day.
There were a number of reasons for the sell-off:
- Investors fear a contagion sweeping financial markets from the troubled China property market. Hong Kong equities saw a big sell-off during the Asia trading session on Monday. The benchmark Hang Seng index plunged 4% with embattled developer China Evergrande Group on the brink of default.
- The Federal Reserve begins a two-day meeting Tuesday and investors are worried the central bank will signal it's ready to start pulling away monetary stimulus amid surging inflation and improvement in the job market.
- Covid cases because of the delta variant remain at January levels as colder weather approaches in North America.
- September has the worst track record of any month, averaging a 0.4% decline, according to the Stock Trader's Almanac. History shows the selling tends to pick up in the back half of the month.
- Investors are also concerned about brinkmanship in DC as the deadline to raise the debt ceiling approaches. Congress returned to Washington from recess rushing to pass funding bills to avoid a government shutdown.
Monday's sell-off briefly pushed the S&P 500 5% below its last record on an intraday basis. It's been a long time since the market has faced a sell-off of this magnitude as investors continued to buy the dip with fiscal and monetary stimulus backstopping the markets. The index closed the session 4.1% below its record high from Sept. 2.
Stocks linked to global growth led the broad-based sell-off Monday. Ford lost more than 5%. General Motors and Boeing fell 3.8% and 1.8%, respectively. Steel producer Nucor shed 7.6%
Energy stocks tumbled as WTI crude oil fell nearly 2% on concerns about the global economy. The energy sector slid 3%, becoming the worst-performing group among the 11 S&P 500 groups. APA shed more than 6%, while Occidental Petroleum and Devon Energy both dropped over 5%.
Bond prices gained as investors sought safety. The move pushed the 10-year Treasury yield down by 6 basis points to 1.31%. (1 basis point equals 0.01%)
Big bank stocks took a hit as the falling rates may crimp profits. Bank of America and JPMorgan Chase dropped 3.4% and 3%, respectively.
""We think the mid-cycle transition will end with the rolling correction finally hitting the S&P 500,"" wrote Mike Wilson, Morgan Stanley's chief U.S. equity strategist. ""We point to downside risk to earnings revisions, consumer confidence and PMIs.""
Wilson said he believes a ""destructive outcome"" is looking more likely that results in a pullback of 20% or more. On Friday, University of Michigan's September consumer sentiment index came in at 71, just slightly above the August level that was the lowest in 9 years.
The Cboe Volatility index, Wall Street's fear gauge, jumped above the 28 level on Monday, the highest since May.
""We are in an information vacuum at the moment,"" said Jamie Cox, managing partner at Harris Financial Group. ""Stalemates in Congress on the debt ceiling, worries on policy changes or mistakes in monetary policy, and a litany of proposed tax increases have dampened the mood for investors. When this occurs, corrections happen.""
Stocks have struggled so far in September in line with historical trends. For the month, the Dow is off 3.9%. The S&P 500 is lower by 3.7% and the Nasdaq Composite has fallen 3.6%.
On Friday, the Dow Jones Industrial Average turned in three straight weeks of losses for the first time since September 2020. The S&P 500 saw its biggest trading volume Friday since July 19, more than doubling its 30-day average volume.
Friday coincided with the expiration of stock options, index options, stock futures and index futures — a quarterly event known as ""quadruple witching."" History shows volatility tends to pick up around this event.
Fed Chair Jerome Powell will hold a press conference Wednesday at the conclusion of the two-day meeting. Powell has said the so-called tapering could occur this year, but investors are waiting for more specifics, particularly after mixed economic data released since Powell's last comments.
Some investors believe this is just normal market action that can occur in September.
""The reasons for drop this morning are the same as last week: China concerns (Evergrande, regulation, COVID), Fed tapering and possible tax hikes, but nothing new occurred this weekend to justify [Monday's] declines,"" Tom Essaye, founder of Sevens Report, said in a note.
Other risky assets declined on Monday. Bitcoin lost as much as 10% to below $43,000.
Most commodities were in the red. Gold was among the few assets in the green, adding 0.7% to $1,764.
— With assistance from CNBC's Nate Rattner",,931,53,27,False,CNBC,en,https://www.cnbc.com/2021/09/19/stock-market-futures-open-to-close-news.html
2021-09-20 07:00:00,2021-09-20,Fintech firm Wise launches feature that lets users spend money invested in stocks,"British financial technology firm Wise debuted an investments feature Tuesday that lets users invest in stocks through multiple currencies and spend their holdings.
The new feature, called Assets, allows customers to invest in BlackRock's iShares World Equity Index Fund, which tracks a basket of 1,557 of the world's biggest public companies. The fund's holdings include Apple, Amazon and Alphabet.
Users will also be able to instantly spend up to 97% of the invested money in their accounts with a Wise debit card, or send funds overseas. The idea is that customers can hold their funds in stocks, but also still spend and send the money in real time.
""Holding money in various currencies can be hard to manage efficiently,"" said Kristo Käärmann, Wise's CEO and co-founder.
""Assets is seeking to solve that problem, by providing an opportunity for customers to earn a return on their money with us, in a host of different currencies, all in one place.""
Wise says it is holding back 3% of users' invested cash as a ""buffer"" in case of any large market fluctuations, to prevent customers' balances from dipping into negative territory.
The company is initially launching Assets for personal and business customers in the U.K. but plans to roll out the product in Europe at a later date.
Formerly known as TransferWise, Wise began life as a platform offering cheaper currency exchange. It has since expanded its range of products to include multi-currency accounts linked to a debit card.
Now, Wise is rolling out investment accounts after having secured authorization from U.K. regulators last year.
The company says its customers now hold a total of £4.3 billion ($5.9 billion) in their balances globally.
Retail investor boom
Wise's investing feature is different to that of other fintech platforms like Robinhood and Revolut, which let users trade a variety of different stocks, often without paying commission fees.
With Assets, Wise users will get exposure to hundreds of stocks and can use their holdings to pay for goods or send money abroad in a number of different currencies.
Wise charges an annualized 0.55% service fee and a 0.15% fund fee on the value of a user's assets, which is taken monthly in arrears.
The launch of Assets comes after a surge in retail investors participating in the stock market, as consumers searched for alternative ways to earn a return on their savings.
Earlier this year, amateur traders inspired by a Reddit forum flocked to GameStop, the video game retailer, helping to fuel wild swings in its stock price.
It's the first major product update since Wise went public in London earlier this year. Rather than raising money in an initial public offering, the firm's employees and investors sold their shares directly to the public.
The debut was viewed as a big win for the U.K., where the government is looking to reform London's listing regime to make it more attractive for tech companies following Brexit.",LONDON,508,22,18,False,CNBC,en,https://www.cnbc.com/2021/09/20/wise-launches-investing-feature.html
2021-09-20 07:00:00,2021-09-20,"Dow, S&P 500 see worst day in months. Four market analysts share their strategies","Seasonal September selling is in full swing.
The S&P 500, Dow Jones Industrial Average and Nasdaq Composite sustained significant losses on Monday amid looming risks in the Chinese market, a key Federal Reserve meeting, high Covid-19 case counts and an approaching debt ceiling deadline.
It was the S&P's worst day since May and the Dow's worst since July.
Market analysts largely saw the selling as a chance to buy despite the risks in play. Here's what four of them told CNBC on Monday:
Ashraf Haque, senior portfolio manager at Sands Capital, still saw opportunity:
""We've had some success in some sectors and we've struggled with others, particularly in the China tech space. What we look at is the fundamentals of these businesses, and if you look at a business like BABA, the core e-commerce business still has a lot of growth and there's other growth drivers like cloud which are pretty early on. And then when you compare them to the valuations of what their peers in the developed world trade at, they're trading at huge discounts, so the market is doing a good job of discounting the risk appropriately and again, focusing on the businesses. We still think there's a lot of opportunity in some of the tech mega caps. So, where possible, we are looking for more opportunities in that space.""
Tom Lee, managing partner and head of research at Fundstrat Global Advisors, also saw the recent selling as a chance to buy:
""I think that markets are sort of seeing this gigantic wall of worry ... and I know people are talking about Evergrande and the spillover being like Lehman, but when I look at what yields are doing, they're being quite tame and the VIX isn't really as jumpy as it could be. I'm in the camp that this is going to prove to be a really good buying opportunity. Now, I heard Michael Santoli and I agree with him. I don't think that means stocks find their bottom today or even tomorrow. But is the recovery that [we're] only one year into over or has the pent-up demand been exhausted because of some property woes in Asia? I would say no. So I would look at sell-offs like this or just sort of broad-based selling as a time to add incrementally wholly knowing that it may not be bottoming today.""
David Lebovitz, global market strategist at J.P. Morgan Asset Management, expected the volatility to last for several weeks and eventually give way to a strong 2022:
""I think the first thing to recognize is that when it comes to potential for a pullback, effectively, we are due. The largest peak-to-trough pullback that we've seen in the S&P 500 so far year to date is a mere 4% versus a long-run average of more than 14%. And so when I think about volatility, volatility to me, rising volatility, just represents a wider distribution of potential outcomes. And I think that that's what you're seeing investors grapple with in the current environment. Not only are they worried about the potential for both infrastructure packages to be passed, not only are they worried about the debt ceiling, they're concerned about the Fed and what the dot plot this week might signal about the future trajectory of rates. And then you have Evergrande, which is very much the icing on the cake. And so, I think it's difficult to pinpoint any one thing in particular, but I do believe that we're in for some chop here over the course of the next couple of weeks. That said, despite some of the cuts we've seen to earnings guidance as of late, the picture for 2022 still looks very strong and we remain constructive on risk assets over the course of the medium term.""
Rick Rieder, BlackRock's chief investment officer of global fixed income, said that while investors shouldn't ignore looming risks in the Chinese market, they could still add to their positions:
""I think you've got to respect the news. ... If you said to me, 'What are the risks in the world today?' China's big. The growth is slowing in the economy, the nature of the financial system and what happened and you've got to respect this news. Listen, at the end of the day, one of the things that's happening in the markets is clearing prices is really hard. The conviction level in markets is low today and so you get a piece of news like this, you have to factor it in. And that being said, will we buy some stuff today? I think you can add a little bit of paper on this market pressure.""",,815,31,12,False,CNBC,en,https://www.cnbc.com/2021/09/20/stocks-see-worst-day-in-months-four-experts-share-their-strategies.html
2021-09-20 07:00:00,2021-09-20,Covid is officially America's deadliest pandemic as U.S. fatalities surpass 1918 flu estimates,"Covid-19 is officially the most deadly outbreak in recent American history, surpassing the estimated U.S. fatalities from the 1918 influenza pandemic, according to data compiled by Johns Hopkins University.
Reported U.S. deaths due to Covid crossed 675,000 on Monday, and are rising at an average of more than 1,900 fatalities per day, Johns Hopkins data shows. The nation is currently experiencing yet another wave of new infections, fueled by the fast-spreading delta variant.
The 1918 flu – which came in three waves, occurring in the spring of 1918, the fall of 1918; and the winter and spring of 1919 – killed an estimated 675,000 Americans, according to the Centers for the Disease Control and Prevention. It was considered America's most lethal pandemic in recent history up until now.
""I think we are now pretty well done with historical comparisons,"" said Dr. Howard Markel, a physician and medical historian at the University of Michigan. He added it is time to stop looking back to 1918 as a guide for how to act in the present and to start thinking forward from 2021.
""This is the pandemic I will be studying and teaching to the next generation of doctors and public-health students,"" he said.
To be sure, a direct side-by-side comparison of raw numbers for each pandemic doesn't provide all of the contexts, considering the vast technological, medical, social and cultural advances over the past century, Markel and other health experts say.
It's important to consider population when talking about outbreaks or disasters, health experts and statisticians say.
In 1918, for example, the U.S. population was less than a third of today's with an estimated 103 million people living in America just before the roaring 1920s. Today, there are nearly 330 million people living in the U.S. That means the 1918 flu killed about 1 in every 150 Americans, compared with 1 in 500 who have died from Covid so far.
The 1918 virus also tended to kill differently than Covid, experts say. With World War I, there was a massive movement of men across all of America and Europe. While the coronavirus can be especially severe for the elderly and those with underlying health conditions, the 1918 virus was unusual in that it killed many young adults.
Globally, the 1918 flu killed more people, an estimated 20 million to 50 million, according to the World Health Organization. Covid has taken the lives of approximately 4.7 million people worldwide so far, according to Johns Hopkins data.
Unlike today, there was no vaccine for the 1918 flu. There was also no CDC or national public health department. The Food and Drug Administration existed but consisted of a very small group of people. Additionally, there were no antibiotics, intensive care units, ventilators or IV fluids.
Scientists hadn't even seen a virus under a microscope. They didn't have the technology and they knew almost nothing of virology, which was considered a nascent science because viruses are physically smaller under a microscope and more difficult to identify than bacterial infections.
""Obviously, we have much better advantages now, 100 years later,"" Dr. Paul Offit, who advises the FDA on Covid vaccines, said, adding he is ""frustrated.""
The U.S. is worse off now than it was a year ago as a large portion of the nation's population remains unvaccinated, he added.
""I can tell you that we see a lot of children hospitalized as well, who have high-risk conditions and the problem is not that they didn't get their third dose. The problem is that they are unvaccinated,"" said Offit, also director of the Vaccine Education Center at Children's Hospital of Philadelphia.
Markel agreed that the U.S. has made advancements, saying, ""the reality is we have no historical precedent for the moment we're in now.""",,651,35,16,False,CNBC,en,https://www.cnbc.com/2021/09/20/covid-is-americas-deadliest-pandemic-as-us-fatalities-near-1918-flu-estimates.html
2021-09-20 07:00:00,2021-09-20,85 Americans have left Afghanistan since U.S. completed its withdrawal,"A commercial flight carrying 21 Americans and 48 lawful permanent U.S. residents departed Kabul, Afghanistan, over the weekend, the State Department confirmed Monday.
In total, at least 85 American citizens and 79 lawful permanent residents have left Afghanistan since the U.S. ended a massive humanitarian evacuation and completed the withdrawal of its troops in August, according to State Department figures.
""We are thankful to Qatari authorities, who continue to coordinate these flights with the Taliban,"" State Department spokesman Ned Price said Monday. The Biden administration is still working to help American citizens, lawful permanent residents and vulnerable Afghans leave, Price added.
The Taliban's rapid takeover of Afghanistan last month prompted a chaotic effort by the U.S. and its allies to get their citizens and vulnerable Afghans out of the country. By Aug. 31, approximately 125,000 people, including about 6,000 U.S. citizens and their families, were evacuated out of the country.
However, not everyone was able to make it out in time. Secretary of State Antony Blinken told lawmakers last week that approximately 100 U.S. citizens are still seeking evacuation from Afghanistan.
Blinken blamed the Trump administration for America's chaotic exit from its longest war, saying: ""We inherited a deadline; we did not inherit a plan.""
""There had not been a single interview in the Special Immigrant Visa program in Kabul for nine months, going back to March of 2020. The program was basically in a stall,"" Blinken said on Sept. 13.
""We made the right decision in ending America's longest war, we made the right decision in not sending a third generation of Americans to fight and die in Afghanistan,"" Blinken said.
President Joe Biden has defended his decision to withdraw U.S. troops from Afghanistan, despite the Taliban takeover. Biden was forced to order the temporary deployment of thousands of U.S. troops to Kabul in order to help with evacuation efforts last month.
Thirteen U.S. service members and dozens of Afghans died in an ISIS-K suicide bombing at Kabul's airport during the evacuation. A subsequent U.S. drone strike in Kabul killed as many as 10 civilians in what the Pentagon has described as a tragic mistake.",WASHINGTON,372,26,10,False,CNBC,en,https://www.cnbc.com/2021/09/20/85-americans-have-left-afghanistan-since-us-withdrawal.html
2021-09-20 07:00:00,2021-09-20,"Canadian Prime Minister Trudeau's Liberals win Canada election, but miss majority","Canadians gave Prime Minister Justin Trudeau's Liberal Party a victory in Monday's parliamentary elections, but his gamble to win a majority of seats failed and the result was remarkably similar to the election two years ago.
The Liberals won the most seats of any party. The 49-year-old Trudeau channeled the star power of his father, the Liberal icon and late Prime Minister Pierre Trudeau, when he first won election in 2015 and has led his party to the top finish in two elections since.
Trudeau's Liberals were leading or elected in 157 seats — exactly the same number they won in 2019, 13 short of the 170 needed for a majority in the House of Commons.
The Conservatives were leading or elected in 121 seats, the same number they won in 2019. The leftist New Democrats were leading or elected in 29, a gain of five seats, while the Quebec-based Bloc Québécois was down three at 28 and the Greens remained at two seats.
Trudeau entered the election leading a stable minority government that wasn't under threat of being toppled.
The opposition was relentless in accusing Trudeau of calling an unnecessary early vote — two years before the deadline — for his own personal ambition.
""Trudeau lost his gamble to get a majority so I would say this is a bittersweet victory for him,"" said Daniel Béland, a political science professor at McGill University in Montreal.
""Basically we are back to square one, as the new minority parliament will look like the previous one. Trudeau and the Liberals saved their skin and will stay in power, but many Canadians who didn't want this late summer, pandemic election are probably not amused about the whole situation,"" he said.
Trudeau bet Canadians didn't want a Conservative government during a pandemic. Canada is now among the most fully vaccinated countries in the world and Trudeau's government spent hundreds of billions of dollars to prop up the economy amid lockdowns. Trudeau argued that the Conservatives' approach, which has been skeptical of lockdowns and vaccine mandates, would be dangerous and says Canadians need a government that follows science.
Conservative leader Erin O'Toole didn't require his party's candidates to be vaccinated and would not say how many were unvaccinated. O'Toole described vaccination as a personal health decision, but a growing number of vaccinated Canadians are increasingly upset with those who refuse to get vaccinated.
Trudeau supports making vaccines mandatory for Canadians to travel by air or rail, something the Conservatives oppose. And Trudeau has pointed out that Alberta, run by a Conservative provincial government, is in crisis.
Alberta Premier Jason Kenney, an ally of O'Toole, said the province might run out of beds and staff for intensive care units within days. Kenney apologized for the dire situation and is now reluctantly introducing a vaccine passport and imposing a mandatory work-from-home order two months after lifting nearly all restrictions.
""Hubris led Trudeau to call the election. He and the Liberals won the election but lost the prize they were seeking. This is only a great night for the Liberals because two weeks ago it appeared they would lose government outright something they could not fathom before they gambled on an election,"" said Nelson Wiseman, a political science professor at the University of Toronto.
Wiseman said the Conservatives were hurt by the situation in Alberta. ""The explosion of the pandemic in Alberta in the past 10 days undermined O'Toole's compliments of the Alberta Conservatives on how they had handled the pandemic and reinforced Trudeau's argument for mandatory vaccinations,"" he said.
A Conservative win would have represented a rebuke of Trudeau against a politician with a fraction of his name recognition. O'Toole, 47, is a military veteran, former lawyer and a member of Parliament for nine years.
""Canadians did not give Mr. Trudeau the majority mandate he wanted,"" O'Toole said.
O'Toole said he was more determined than ever to continue but his party might dump him after it dumped the previous leader who failed to beat Trudeau in 2019.
O'Toole advertised himself a year ago as a ""true-blue Conservative."" He became Conservative Party leader with a pledge to ""take back Canada,"" but immediately started working to push the party toward the political center.
O'Toole's strategy, which included disavowing positions held dear by his party's base on issues such as climate change, guns and balanced budgets, was designed to appeal to a broader cross section of voters in a country that tends to be far more liberal than its southern neighbor.
The son of a long-time politician has faced criticism he will say and do anything to get elected.
Whether moderate Canadians believed O'Toole is the progressive conservative he claims to be and whether he alienated traditional Conservatives became central questions of the campaign.
Adrian Archambault, a 53-year-old Vancouver resident, voted Liberal and said he didn't mind the election was held during a pandemic. He noted provincial elections have also happened during the pandemic.
""Everybody has been so preoccupied with Covid the last few years it wasn't maybe a bad thing to sort of do a re-check,"" he said.
Trudeau's legacy includes embracing immigration at a time when the U.S. and other countries closed their doors. He also legalized cannabis nationwide and brought in a carbon tax to fight climate change. And he preserved free trade deal with the U.S. and Mexico amid threats by former U.S. President Donald Trump to scrap the agreement.
Former U.S. President Barack Obama and ex-Democratic Party nominee Hillary Clinton tweeted support for Trudeau. There wasn't a Trump endorsement of O'Toole. Conservative campaign co-chair Walied Soliman said there is no alignment whatsoever between O'Toole and Trumpism. Soliman said earlier in the day holding Trudeau to a minority government would be a win for O'Toole.",,1002,48,25,False,CNBC,en,https://www.cnbc.com/2021/09/21/canadian-pm-justin-trudeau-projected-to-win-in-parliamentary-elections.html
2021-09-20 07:00:00,2021-09-20,Bill Gates secures hundreds of millions from U.S. firms for climate fight,"Bill Gates has raised hundreds of millions from seven large U.S. companies to develop clean technologies that could play a key role in the fight against climate change.
Breakthrough Energy, a non-profit founded by Gates in 2016, announced Monday that it has secured investments from Microsoft, BlackRock, General Motors, American Airlines, Boston Consulting Group, Bank of America and ArcelorMittal.
The overall size of the investments was not disclosed but they reportedly amount to over $1 billion. Breakthrough Energy did not immediately respond to a CNBC request for comment.
The Washington-headquartered firm said the money will be used to fund its ""Breakthrough Energy Catalyst,"" a project launched earlier this year that's aiming to finance, produce, and buy the new solutions that will help underpin a zero-carbon economy.
Gates said in a statement that a ""new industrial revolution"" is required if the world is going to avoid a climate disaster.
""Half the technology needed to get to zero emissions either doesn't exist yet or is too expensive for much of the world to afford,"" said the Microsoft co-founder. ""Catalyst is designed to change that and provide an effective way to invest in our clean technology future.""
He added: ""By working with this growing community of private and public partners, Catalyst will take a global view of the energy innovation landscape – the key technologies, leading-edge companies, financing partners, and pivotal policies – and fund the projects that will have the greatest positive impact for our planet.""
The program will initially focus on direct air capture, green hydrogen, long-duration energy storage, and sustainable aviation fuel.
BlackRock has pledged $100 million over five years through its charitable foundation, while Microsoft, American Airlines and ArcelorMittal have committed the same amount. The others did not disclose the size of their investments.
Corporate giants back climate action
Larry Fink, the CEO and chairman of BlackRock, said in a statement that the transition to a net-zero world is ""the shared responsibility of every citizen, corporation, and government,"" adding that a global energy transition will require $50 trillion.
Despite what world leaders and CEOs say, the so-called energy transition is not actually happening just yet. Global fossil fuel use is accelerating and it's set to get even worse, exacerbating the risk of a climate catastrophe.
""It is absolutely the case that the transition is moving too slowly from the climate perspective, but what is important to recognize is that it is primarily a matter of political will and economic choices,"" Carroll Muffett, chief executive at the non-profit Center for International Environmental Law, told CNBC in April.
A highly anticipated report by the U.N.'s climate panel warned in August that limiting global warming to close to 1.5 degrees Celsius or even 2 degrees Celsius above pre-industrial levels ""will be beyond reach"" in the next two decades without immediate, rapid and large-scale reductions in greenhouse gas emissions.
""Our partnership with the Catalyst program represents a five-year philanthropic commitment to invest in cutting-edge science that will help bring vital clean energy solutions forward,"" Fink said.
Aditya Mittal, CEO of ArcelorMitta, the largest steel manufacturer in North America, said in a statement that initiatives like Breakthrough Energy Catalyst are ""critical"" for the company and the wider steel industry.
""The steel industry knows how to decarbonize – essentially what is missing is the availability of clean energy at competitive prices that provides the foundation for us to really accelerate,"" he said.
Gates isn't the only tech billionaire trying to tackle climate change. Elsewhere, Amazon founder Jeff Bezos has set up the $10 billion Bezos Earth Fund, while Tesla CEO Elon Musk pledged to invest $100 million in new carbon capture technologies.
Some argue that it's the least the tech billionaires can do as they themselves are one of the leading causes of climate change. Others have questioned whether they're focusing their climate change mitigation efforts on the right areas.
— Additional reporting by CNBC's Sam Meredith.",,672,24,20,False,CNBC,en,https://www.cnbc.com/2021/09/20/bill-gates-secures-cash-from-microsoft-blackrock-for-climate-fight-.html
2021-09-20 07:00:00,2021-09-20,The latest in the disappearance of Gabby Petito,"Skip Navigation
Markets
Pre-Markets
U.S. Markets
Europe Markets
China Markets
Asia Markets
World Markets
Currencies
Prediction Markets
Cryptocurrency
Futures & Commodities
Bonds
Funds & ETFs
Business
Economy
Finance
Health & Science
Media
Real Estate
Energy
Climate
Transportation
Investigations
Industrials
Retail
Wealth
Sports
Life
Small Business
Investing
Personal Finance
Fintech
Financial Advisors
Options Action
ETF Street
Buffett Archive
Earnings
Trader Talk
Tech
Cybersecurity
AI
Enterprise
Internet
Media
Mobile
Social Media
CNBC Disruptor 50
Tech Guide
Politics & Policy
White House
Policy
Defense
Congress
Expanding Opportunity
Europe Politics
China Politics
Asia Politics
World Politics
Video
Latest Video
Full Episodes
Livestream
Top Video
Live Audio
Europe TV
Asia TV
CNBC Podcasts
CEO Interviews
Digital Originals
Watchlist
Investing Club
Trust Portfolio
Analysis
Trade Alerts
Meeting Videos
Homestretch
Jim's Columns
Education
Subscribe
PRO
Pro News
Josh Brown
Mike Santoli
Calls of the Day
My Portfolio
Livestream
Full Episodes
Stock Screener
Market Forecast
Options Investing
Chart Investing
Subscribe
Livestream
Menu
Make It
select
USA
INTL
Livestream
Search quotes, news & videos
Livestream
Watchlist
SIGN IN
Create free account
Markets
Business
Investing
Tech
Politics & Policy
Video
Watchlist
Investing Club
PRO
Livestream
Menu
watch now
Share
Share Article via Facebook
Share Article via Twitter
Share Article via LinkedIn
Share Article via Email
The News with Shepard Smith
The latest in the disappearance of Gabby Petito
CNBC's Valerie Castro joins Shep Smith to report on the discovery of a body matching Gabby Petito's description.
Mon, Sep 20 2021
7:09 PM EDT
watch now
watch now
VIDEO
Dan Niles: We're going into a rate hike cycle so don't fight the Fed or the bond market
2 hours ago
watch now
watch now
VIDEO
Kevin Hassett: Pres. Trump 'wholeheartedly rejects' government takeover of AI regulation
4 hours ago
watch now
watch now
VIDEO
Watch CNBC's full interview with White House National Economic Council Director Kevin Hassett
5 hours ago
watch now
watch now
VIDEO
Former Cleveland Fed Pres. Mester: No convincing evidence inflation is on downward path back to 2%
5 hours ago
watch now
watch now
VIDEO
Standard Chartered CEO Bill Winters on the ‘reckless path’ that shaped his banking career
watch now
watch now
VIDEO
Dan Niles: We're going into a rate hike cycle so don't fight the Fed or the bond market
2 hours ago
watch now
watch now
VIDEO
Kevin Hassett: Pres. Trump 'wholeheartedly rejects' government takeover of AI regulation
4 hours ago
watch now
watch now
VIDEO
Watch CNBC's full interview with White House National Economic Council Director Kevin Hassett
5 hours ago
watch now
watch now
VIDEO
Former Cleveland Fed Pres. Mester: No convincing evidence inflation is on downward path back to 2%
5 hours ago
watch now
watch now
VIDEO
Standard Chartered CEO Bill Winters on the ‘reckless path’ that shaped his banking career
Load More",,469,7,176,False,CNBC,en,https://www.cnbc.com/video/2021/09/20/the-latest-in-the-disappearance-of-gabby-petito.html
2021-09-20 07:00:00,2021-09-20,The global economy could feel the effects of China's Evergrande crisis. Here's what investors should know,"A liquidity crisis at a large Chinese property developer has shaken global markets, and strategists say it could send ripples across the global economy.
But they also say the issue will likely be contained by the Chinese government before it wreaks damage in the banking system, and it is not expected to lead to a broader global financial contagion.
The critical question for investors is how and when do leaders in Beijing handle the situation and whether they launch a restructuring of China Evergrande Group, as many market pros expect.
Investors have worried that Beijing is likely to let the company fail, wounding stockholders and domestic bondholders. Evergrande faces a debt payment on its offshore bonds on Thursday, after it said last week it was facing unprecedented difficulties.
""Everyone was expecting the government would have some kind of resolution, given that Evergrande is a systemically important company,"" said Jimmy Chang, chief investment officer at Rockefeller Global Family Office. ""It has $300 billion in outstanding debt. There is a contagion issue if China Evergrande is not resolved. I think it will end up having some deep-pocketed state-owned enterprises to take over.""
Market pros don't think that Evergrande could lead to the next financial crisis, but it could lead to more volatility.
""The hard thing about particularly understanding China is that it is an opaque system and oftentimes you don't have answers until you get answers,"" said Rick Rieder, chief investment officer of global fixed income at BlackRock.
""The banking system tends to be controlled by the government,"" Rieder added. ""There is government intervention that presumably would come in. I think for a period of time, when you wrap this into everything else there, there's near-term financing questions around some of the other property entities, and when that happens then it can create some volatility and some financial contagion. My sense is the government will act, and my sense is it will stabilize.""
Rieder said there could be some caution around Chinese property companies and multidisciplinary companies for a period of time.
There is concern the already slowing China economy will be affected further and that could flow into other economies.
Chang said the Chinese government needs to act quickly since Evergrande is beginning to affect sentiment, after being ignored by global markets.
""It could be a self-fulfilling prophecy. This liquidity issue — real estate is so important to the Chinese economy and the financial well-being of so many Chinese families. Homeownership is over 90%,"" said Chang. ""So many people buy apartments as an investment, so if this thing is not contained, it could become a real black swan.""
The fact that China's economy is so large could affect the rest of the world, Chang added. ""If China were to have a serious economic issue because of China Evergrande, the rest of the global economy would have contagion from it.""
The Dow Jones Industrial Average ended Monday's trading session down more than 600 points after steep stock market declines in Europe and Hong Kong and other parts of Asia. The 10-year Treasury yield, which moves opposite price, slid as low as 1.297% as investors sought safety in bonds.
Protecting the broader financial system
""I think ultimately the Chinese authorities will step in to make sure at least the wider financial system doesn't run into crisis,"" said Mark Williams, chief Asia economist at Capital Economics. ""If you're a property developer you're facing a few bleak months ahead. The key distinction I think is policymakers will allow property developers to suffer considerable pain, but they'll step in to make sure the banking system is okay.""
Jim Chanos, president and founder of Kynikos Associates, said it's a critical moment for the Chinese leadership, which has been carrying out a regulatory crackdown on internet companies, education companies, gaming and other industries.
Chanos said it will be key to see how Beijing responds to Evergrande.
""We are seeing a different change in tone ... the way the government is treating business, business leaders, Western investors. How will they handle a bailout that everyone thinks is coming, in some way, shape or form?"" he said on CNBC. ""Will Western bondholders be bailed out? Will it only go to property owners who are owed apartments that are not yet constructed by Evergrande? Will banks take a haircut?""
Pain in the Chinese property market?
China has tried to stem the speculation in its property market four times since 2011, Chanos noted. ""In each of those cases, the economy hit stall speed really quickly, and the authorities took their foot off the brakes and hit the accelerator again,"" he said.
He said that the residential property market equals 20% of China's GDP, while real estate activity in general is about 30% of GDP.
""These are just the off-the-chart kind of numbers, and they've gotten worse under President Xi [Jinping], not better. We don't think it's systemic to the Western financial markets,"" said Chanos, who has shorted China stocks.
Capital Economics' Williams said there are about 1.4 million property owners who have paid deposits and await delivery of Evergrande properties. ""We don't know whether they can build the houses, but it seems unlikely,"" he said, noting that some residences are already underway and at different stages of construction.
The risk is if there is also trouble at other property companies, property values will suffer and there could be turmoil in the housing market. The consumer is a large factor in the Chinese economy, and a hit on housing could hurt consumption.
That would also bleed into other regional and global markets through a weakening in the Chinese imports market as well as a slowing of demand for all sorts of raw materials.
""When you couple it with some of the regulatory changes in China, the clear slowdown in growth, the clear slowdown in commodity demand alongside that growth, there's some reason to pause and be patient about what's happening in the region,"" said Rieder.
""But the growth of China economically and the intertwined nature of China in the global economy is massive, and so China as an important focus of the markets isn't going away anytime soon,"" he said.",,1053,44,28,False,CNBC,en,https://www.cnbc.com/2021/09/20/chinas-evergrande-crisis-could-inflict-pain-on-the-world-economy.html
2021-09-21 07:00:00,2021-09-21,U.S. Treasury yields bounce slightly after Monday’s big sell-off in equities,"U.S. government debt prices were higher on Tuesday as investors navigated the Evergrande-led sell-off in equities and awaited details from the Federal Reserve's two-day meeting this week.
At 4:00 p.m. ET, the yield on the benchmark 10-year Treasury note rose 1.4 basis points to trade at 1.323% and the yield on the 30-year Treasury bond rose less than 1 basis point to trade at 1.854%. Yields move inversely to prices.
""The bond market is still skeptical that we are not out of the woods,"" said Rob Daly, Glenmede Investment Management's director of fixed income. ""The risks have not gone anywhere. We still have the issues in China, potential global growth fears, the debt ceiling overhang, and a belief the Fed might continue to be dovish and moving slower in the face of these issues.""
On Monday, the 10-year Treasury yield dropped below 1.31% as investors crowded into bonds.
The market sell-off that started Monday comes after China's second-largest developer, Evergrande, is on the brink of collapse. This has raised wider concerns about high levels of debt.
Furthermore, investors are waiting to hear from Fed Chairman Jerome Powell on Wednesday after a two-day meeting. The central bank is expected to give indications about its future rate path.
""The result of the Fed meeting is a huge event tomorrow that could swing bond prices the other way, but the bond market is taking a cautious approach as investors look to the safe haven in the face of these pressures,"" Daly added.",,268,13,7,False,CNBC,en,https://www.cnbc.com/2021/09/21/us-government-debt-prices-amid-sell-off-in-equities.html
2021-09-21 07:00:00,2021-09-21,"Discord CEO on raising $500 million in latest funding round, privacy","Skip Navigation
Markets
Pre-Markets
U.S. Markets
Europe Markets
China Markets
Asia Markets
World Markets
Currencies
Prediction Markets
Cryptocurrency
Futures & Commodities
Bonds
Funds & ETFs
Business
Economy
Finance
Health & Science
Media
Real Estate
Energy
Climate
Transportation
Investigations
Industrials
Retail
Wealth
Sports
Life
Small Business
Investing
Personal Finance
Fintech
Financial Advisors
Options Action
ETF Street
Buffett Archive
Earnings
Trader Talk
Tech
Cybersecurity
AI
Enterprise
Internet
Media
Mobile
Social Media
CNBC Disruptor 50
Tech Guide
Politics & Policy
White House
Policy
Defense
Congress
Expanding Opportunity
Europe Politics
China Politics
Asia Politics
World Politics
Video
Latest Video
Full Episodes
Livestream
Top Video
Live Audio
Europe TV
Asia TV
CNBC Podcasts
CEO Interviews
Digital Originals
Watchlist
Investing Club
Trust Portfolio
Analysis
Trade Alerts
Meeting Videos
Homestretch
Jim's Columns
Education
Subscribe
PRO
Pro News
Josh Brown
Mike Santoli
Calls of the Day
My Portfolio
Livestream
Full Episodes
Stock Screener
Market Forecast
Options Investing
Chart Investing
Subscribe
Livestream
Menu
Make It
select
USA
INTL
Livestream
Search quotes, news & videos
Livestream
Watchlist
SIGN IN
Create free account
Markets
Business
Investing
Tech
Politics & Policy
Video
Watchlist
Investing Club
PRO
Livestream
Menu
watch now
Share
Share Article via Facebook
Share Article via Twitter
Share Article via LinkedIn
Share Article via Email
Squawk Box
Discord CEO on raising $500 million in latest funding round, privacy
Discord CEO Jason Citron talks with CNBC's Andrew Ross Sorkin about the company's valuation, funding, privacy, outlook and more.
Tue, Sep 21 2021
6:47 AM EDT
watch now
watch now
VIDEO
Dan Niles: We're going into a rate hike cycle so don't fight the Fed or the bond market
2 hours ago
watch now
watch now
VIDEO
Kevin Hassett: Pres. Trump 'wholeheartedly rejects' government takeover of AI regulation
4 hours ago
watch now
watch now
VIDEO
Watch CNBC's full interview with White House National Economic Council Director Kevin Hassett
5 hours ago
watch now
watch now
VIDEO
Former Cleveland Fed Pres. Mester: No convincing evidence inflation is on downward path back to 2%
5 hours ago
watch now
watch now
VIDEO
Standard Chartered CEO Bill Winters on the ‘reckless path’ that shaped his banking career
watch now
watch now
VIDEO
Dan Niles: We're going into a rate hike cycle so don't fight the Fed or the bond market
2 hours ago
watch now
watch now
VIDEO
Kevin Hassett: Pres. Trump 'wholeheartedly rejects' government takeover of AI regulation
4 hours ago
watch now
watch now
VIDEO
Watch CNBC's full interview with White House National Economic Council Director Kevin Hassett
5 hours ago
watch now
watch now
VIDEO
Former Cleveland Fed Pres. Mester: No convincing evidence inflation is on downward path back to 2%
5 hours ago
watch now
watch now
VIDEO
Standard Chartered CEO Bill Winters on the ‘reckless path’ that shaped his banking career
Load More",,470,7,176,False,CNBC,en,https://www.cnbc.com/video/2021/09/21/discord-ceo-on-raising-500-million-in-latest-funding-round-privacy.html
2021-09-21 07:00:00,2021-09-21,"Biden vows a new era of 'relentless diplomacy' as the world contends with Covid, climate change and China","President Joe Biden defended his decision to end America's war in Afghanistan in his debut address to the United Nations on Tuesday, saying the move will allow the U.S. to pivot to other global challenges such as the Covid pandemic, climate change and an ambitious China.
Biden's address to the 193-member body, his first since he took office in January, comes as he strives to rebuild alliances that crumbled under the reign of his predecessor and reclaim a global leadership position. He addressed a gathering of the 76th United Nations General Assembly that was scaled down because of the Covid-19 pandemic, with the majority of leaders delivering prerecorded remarks.
""As the United States turns our focus to the priorities and the regions like the Indo-Pacific that are most consequential today and tomorrow we'll do so with our allies and partners through the cooperation of multilateral institutions like the United Nations to amplify our collective strength and speed,"" Biden said from the green speaker's rostrum.
""Instead of continuing to fight the wars of the past, we are fixing our eyes and devoting our resources to challenges that hold the keys to our collective future,"" the president said.
That collective future is strained by a continuing pandemic, uncertainties of climate change, as well as rising tensions not only with China, but within the NATO alliance itself. Last week's decision by the U.K. and the U.S. to strike a military deal with Australia left France on the sidelines, creating a diplomatic row.
Still, Biden tried to strike a positive tone. ""As we close this period of relentless war, we're opening a new era of relentless diplomacy,"" Biden said.
Biden explained that U.S. military power ""must be our tool of last resort, not our first. It should not be used as an answer to every problem we see around the world.""
Under Biden's eye, the withdrawal of approximately 3,000 U.S. troops from Afghanistan at the end of the U.S.' longest war ended in disaster as the Taliban carried out a succession of shocking battlefield gains. Despite being vastly outnumbered by the Afghan military, which has long been assisted by U.S. and NATO coalition forces, the Taliban seized the presidential palace in Kabul on Aug. 15.
Biden ordered the deployment of thousands of U.S. troops to Kabul to help evacuate U.S. Embassy staff and secure the perimeter of the airport. Meanwhile, thousands of Afghans swarmed the tarmac at the airport desperate to flee Taliban rule.
The Biden administration has since placed blame for America's rushed exit from the country on the Trump administration and rapid collapse of the Afghan national government.
Last week, Secretary of State Antony Blinken told lawmakers: ""We inherited a deadline; we did not inherit a plan,"" referencing Trump's 2020 deal with the Taliban to leave the country. ""There had not been a single interview in the Special Immigrant Visa program in Kabul for nine months, going back to March of 2020. The program was basically in a stall.""
""We made the right decision in ending America's longest war. We made the right decision in not sending a third generation of Americans to fight and die in Afghanistan,"" Blinken said.
In another blunder, the Pentagon admitted last week that a U.S. drone strike in Kabul amid evacuation efforts killed as many as 10 civilians including up to seven children.
The strike came on the heels of a suicide bomb attack by the terrorist group ISIS-K that resulted in the deaths of 13 U.S. service members and dozens of Afghans near Hamid Karzai International Airport.
The Pentagon originally said the strike, which was launched Aug. 29, killed two ISIS-K fighters believed to be involved in planning attacks against U.S. forces in Kabul.
Defense Secretary Lloyd Austin, describing the civilian deaths as a ""horrible mistake,"" ordered a review to determine whether ""accountability measures"" need to be taken and procedures changed.
Biden tried to turn attention to security measures of the future as he addressed the assembly, stating that the U.S. would focus on defeating terror with strategic precision while avoiding major combat initiatives.
""I stand here today for the first time in 20 years that the United States is not at war. We've turned the page,"" Biden said.
""All the unmatched strength, energy, commitment, will and resources of our nation is now squarely focused on what's ahead of us. Not what was behind.""
'We stand, in my view, at an inflection point in history'
Biden called on global leaders to address the ongoing Covid-19 pandemic, which has claimed the lives of more than 4.5 million people.
""We've lost so much to this devastating pandemic,"" Biden said. ""Our shared grief is a poignant reminder that our collective future will hinge on our ability to recognize our common humanity and to act together,"" he said, urging leaders to rally their citizens to get the coronavirus vaccine.
""Will we work together to save lives, defeat Covid-19 everywhere and take the necessary steps to prepare ourselves for the next pandemic?"" Biden asked. ""Or will we fail to harness the tools at our disposal as the more virulent, dangerous variants take hold?""
""Bombs and bullets cannot defend against Covid-19 or its future variants. To fight this pandemic, we need a collective act of science and political will,"" Biden said. ""We need to act now to get shots in arms as fast as possible and expand access to oxygen, tests and treatments to save lives around the world,"" he added.
The president reaffirmed the U.S. commitment to ending the pandemic, saying his administration has invested more than $15 billion toward the global Covid-19 response.
""We've shipped more than 160 million doses of Covid-19 vaccines to other countries. This includes 130 million doses from our own supply,"" he said.
Reported U.S. deaths from the coronavirus crossed 675,000 on Monday, and are rising at an average of more than 1,900 fatalities per day, due in part, to the delta variant, according to Johns Hopkins University data show.
The coronavirus pandemic has surpassed the 1918 influenza outbreak as the most deadly health crisis in recent American history.
Allies are 'essential and central' to America's prosperity
Biden has previously vowed to repair alliances through diplomacy and restore Washington's leadership position on the global stage following years of ""America First"" policies pursued by his Republican predecessor, Donald Trump.
""Over the last eight months, I prioritized rebuilding our alliances, revitalizing our partnerships and recognizing they're essential and central to America's enduring security and prosperity,"" Biden told the gathering Tuesday.
""We will lead not just for the example of our power but, God willing, with the power of our example,"" he added.
His remarks come less than a week after his administration infuriated France, America's oldest ally.
Biden on Wednesday announced a new security partnership between the U.S., U.K. and Australia aimed at countering China's ambitious military buildup and Beijing's efforts to ignore the international rules and norms that govern trade, security, defense, labor and human rights.
The AUKUS agreement ushered in a new arms pact that effectively scrapped one of the largest French military contracts.
The move reopened old wounds between Washington and Paris and resulted in French President Emmanuel Macron recalling his ambassadors to the U.S. and Australia.
French officials slammed Biden's decision, calling it a ""betrayal"" and a ""stab in the back.""
A White House official said Monday that Biden has asked to speak with Macron, but the French president has yet to agree to such a call.
""President Biden has asked to be able to speak with President Macron to talk about the way forward, to talk about his deep commitment to the U.S. alliance with France, an alliance that has fostered security, stability and prosperity around the world for decades,"" the official said.
""We understand the French position. We don't share their view in terms of how this all developed, but we understand their position. And we will continue to be engaged in the coming days on this,"" the official added.
""The president feels very good about the path forward and about how American foreign policy can play a vital role in rallying the world, and especially rallying like-minded democracies, to solve the great challenges of our time,"" the White House official added.",WASHINGTON,1428,71,41,False,CNBC,en,https://www.cnbc.com/2021/09/21/biden-vows-a-new-era-of-relentless-diplomacy-as-the-world-contends-with-covid-climate-change-and-china.html
2021-09-21 07:00:00,2021-09-21,"Surging gas prices are the 'transition premium' in the push toward renewables, OPEC chief says","DUBAI, United Arab Emirates — Soaring gas prices are the cost of the attempted shift to renewable energy sources, OPEC Secretary General Mohammed Barkindo told CNBC on Tuesday.
""I have talked about a new premium that is emerging in the energy markets that I term the transition premium,"" Barkindo told CNBC's Dan Murphy at the Gastech conference in Dubai.
The long-time head of the oil cartel criticized what he believed was an overly emotional approach to energy policies and climate change, though he did not point a finger at specifically who was to blame for what he described as a ""misrepresentation of facts.""
Barkindo contended that there was ""distortion of facts and the science, and the misrepresentation of these facts in the conversation, which is not healthy, because climate change and the energy transition are supposed to be guided by the science.""
""The intergovernmental panel on climate change is supposed to be the most authoritative body with regard to both climate change and the transition,"" he said. ""And we in OPEC believe they are doing a great job, they are producing very very important, seminal reports, but unfortunately these reports are being set aside and the discussions ensuing at the moment, more or less being driven by emotions rather than the great work that this scientific body is producing for all of us.""
Tripled gas prices
The OPEC chief's words reflect a growing debate among policymakers and energy executives about the future of energy, renewables, and the climate. Many governments around the world and particularly in the West are pushing for a shift away from fossil fuel use, while those in the industry argue that a rapid transition attempt will disrupt markets, harm consumers, and is ultimately unrealistic.
Global gas prices have tripled this year alone, sending ripples through markets and raising concerns that prices of the commodity will only continue to rise.
The roots of the price increase lie in higher demand and lower supply, as higher summer temperatures in the U.S. stoked demand for air conditioning, and longer periods of cold in the U.K. other parts of Europe in the spring meant increased needs for heating.
This has all led to lower gas supplies for the coming winter months, meaning we are likely to see a greater squeeze on supplies and higher prices to come.
Gas prices had remained very low since the onset of the coronavirus pandemic, at around $2 per one million British thermal units, or mmBtus. But the reopening of economies and restart of travel as vaccination campaigns expand have jolted demand upward.
'A burden on many countries'
United Arab Emirates Energy Minister Suhail Al Mazrouei, speaking to CNBC at the same event, contended that while gas prices appear high, they came from a very low level to begin with.
""It was coming from a very low environment,"" Al Mazrouei said of the gas price situation. ""I think the current prices, if they continue they will be a burden on many countries and will not see the demand side on a longer term be ready to take such prices.""
The energy minister said that ""the right balance is the balance between the affordability of the consumers and the fact that we are seeing a reasonable return for the developers and the producing countries,"" but added, ""We're not there yet.""
The costs, regulations and financing needs surrounding new energy projects are a barrier to any return to lower prices, Al Mazrouei noted.
""This is a situation that is responding to a low gas environment that happened before,"" he continued. ""Now, what is sustainable, I think the market will dictate it. There are challenges, financing new projects, especially for the IOCs (international oil companies), and we need to have a realistic view on easing such restrictions for them to finance new projects.""
""That's what I think we will be discussing between the industry, the companies and the consumers and some of the developers as well, and hopefully, during the discussions of the event, they could announce new projects that could balance the prices in the future,"" he added.",,687,18,18,False,CNBC,en,https://www.cnbc.com/2021/09/21/surging-gas-prices-are-transition-premium-to-renewables-opec-chief.html
2021-09-21 07:00:00,2021-09-21,The first test for Evergrande's debt crisis comes this week,"The first test for Evergrande's debt crisis comes this week — investors will be watching to see if the embattled Chinese property developer is able to pay out its interest due on a bond, or default on it.
The firm is due to pay interest worth $83 million on Thursday, according to data from S&P Global Ratings.
Evergrande's 5-year, U.S.-dollar denominated bond, had an initial issue size of around $2 billion, according to market data provider Refinitiv Eikon – although the price has plummeted now.
Yields on this bond have skyrocketed to 560%, from just over 10% earlier this year, according to Refinitiv Eikon. The bond is due to mature in March 2022.
Another interest payment on a 7-year U.S. dollar bond is due next Wednesday.
""What happens on Thursday promises to be a seminal event for markets, one way or the other, bigger perhaps than the FOMC outcome which will have occurred just a few hours before,"" Ray Attrill, head of foreign exchange strategy at the National Australia Bank, told CNBC. He was referring to the U.S. central bank's meetings which are closely watched by investors.
Analysts and market watchers largely expect Evergrande to miss the interest payment on Thursday. However, it will not technically default unless it fails to make that payment within 30 days.
S&P Global Ratings said Monday that a default was ""likely.""
""Fact is, Evergrande is already in technical default having missed bank interest payment,"" said Vishnu Varathan, head of economics and strategy at Mizuho Bank. He was referring to reports that the Chinese government told major banks that the real estate giant will not be able to pay interest on its loans that were due earlier this week on Monday.
""With risks of missing a bond coupon later this week, the capacity to spook capital markets remains significant; considering Evergrande accounts for ~11% of all Asia high-yield bonds,"" Varathan wrote in a note on Tuesday.
Foreign investors, offshore bonds may be hit first
If these initial defaults happen, institutional and other foreign investors will likely be more affected compared to domestic investors in China, analysts said.
It's possible that onshore, yuan-denominated bonds may take priority over offshore, dollar denominated bonds. Offshore bonds are mostly held by institutional or foreign investors, whereas domestic retail investors in China are more likely to own onshore bonds.
""Clearly, the optics of bond investors getting paid when retail wealth management product holders and home-buyers are a long way off clarity, much less, resolution, do not sit well,"" Varathan told CNBC in an email.
The case for treating the obligations owed to retail investors of wealth management products more favorably is therefore ""strong given the social stability angles on this,"" he said.
Protests by angry homebuyers and investors have broken out in recent week in some cities, and social unrest is a key concern.
Last week, around 100 investors turned up at Evergrande's headquarters in Shenzhen, demanding repayment of loans on overdue financial products — forming chaotic scenes, according to Reuters.
The priority on domestic investors will therefore have implications on the default risks for offshore dollar-denominated bonds — mostly held by institutional or other foreign investors — versus onshore bonds, mostly held by domestic investors.
""An additional point of interest though is whether the coupon due on offshore bonds will get a less preferential treatment to onshore bond coupons — especially given the asymmetric arrangement whereby offshore default does not trigger cross-default (whereas onshore default triggers cross-default for offshore),"" Varathan told CNBC. A cross default occurs when a default triggered in one situation spreads to other obligations, leading to a broader contagion.
""In other words, will Evergrande choose to just default on offshore bonds while honouring onshore commitments?"" Varathan asked.
That prediction may well ring true. On Wednesday, Evergrande unit Hengda Real Estate said it would make an interest payment for an onshore bond — worth $35.88 million — that's due on Thursday, according to Reuters. This bond is set to mature in September 2025.
No mention has yet been made to whether the developer will pay out the interest due on the March 2022 offshore bond on Thursday, which investors are keenly watching.
Which funds own Evergrande bonds?
UBS, HSBC and Blackrock have been accumulating Evergrande bonds over the past few months, according to Morningstar Direct data.
""We've seen a few funds adding to China Evergrande between July and August 2021, given widening spreads and attractive valuations,"" said Patrick Ge, manager research analyst at Morningstar.
Here are the top funds with the highest exposure to Evergrande bonds, according to Morningstar.
- Fidelity Asian High-Yield Fund
- UBS (Lux) BS Asian High Yield (USD)
- HSBC Global Investment Funds - Asia High Yield Bond XC
- Pimco GIS Asia High Yield Bond Fund
- Blackrock BGF Asian High Yield Bond Fund
- Allianz Dynamic Asian High Yield Bond",,817,35,32,False,CNBC,en,https://www.cnbc.com/2021/09/21/evergrande-debt-crisis-interest-payments-on-bondsimpact-on-investors.html
2021-09-21 07:00:00,2021-09-21,"House passes bill to avoid government shutdown, suspend debt limit — but it faces Senate roadblocks with deadlines near","The House passed a bill Tuesday that would both prevent a government shutdown and suspend the debt limit in a step toward preventing possible economic calamity.
The chamber approved the plan in a 220-211 vote. All Democrats voted for it and all Republicans opposed it.
As the bill heads to the Senate, Republicans are threatening to block it, which could leave Democrats scrambling to find another way to avoid a federal funding lapse — or even a first-ever default on U.S. debt. Worries about a looming default and the economic damage it would cause contributed to a U.S. stock market drubbing on Monday.
Congress has to pass a funding plan by Sept. 30 to prevent a shutdown. Separately, the U.S. will exhaust all of its options to keep paying its bills sometime in October, Treasury Secretary Janet Yellen has told congressional leaders.
The House-passed plan would keep the government running through Dec. 3. It would also suspend the debt ceiling into Dec. 2022.
The bill would put $28.6 billion toward natural disaster relief and $6.3 billion toward resettlement of Afghan refugees.
Senate Minority Leader Mitch McConnell, R-Ky., has said Republicans will vote for a standalone funding bill but not legislation with a debt limit suspension attached.
While Democrats have pointed out that the GOP signed off on huge emergency coronavirus relief bills since the last debt ceiling suspension, Republicans have said their counterparts should move to prevent default on their own as they prepare to pass a mammoth spending bill without the GOP.
Ahead of the House vote, Senate Majority Leader Chuck Schumer, D-N.Y., warned Republicans that failure to raise the debt ceiling could wreak havoc on the economy and critical government benefits such as Social Security.
""This is playing with fire. Playing games with the debt ceiling is playing with fire and putting it on the back of the American people,"" he said Tuesday.
It is unclear how Democrats would proceed if the legislation fails in the Senate.
They could attach a debt ceiling suspension to their $3.5 trillion budget reconciliation bill. Doing so would add more steps to an already chaotic and time-consuming process.
The proposal, the centerpiece of President Joe Biden's domestic agenda, would make massive investments in the social safety net and climate policy. Republicans want Democrats to tie the debt limit suspension to the sprawling bill, which Democrats want to pay for through tax increases on corporations and the wealthy.
In a statement Tuesday night, Biden's Office of Management and Budget endorsed the House-passed bill. The administration also tried to pressure Senate Republicans to support the legislation.
""Having led and passed legislation authorizing these expenses, these same bipartisan majorities should honor the obligation to fund them,"" the OMB said of the coronavirus relief bills. ""Suspending the debt limit allows the Treasury to finance spending Congress has already authorized and to keep its commitments without causing disruption or harm to our economy and families.""",,503,30,15,False,CNBC,en,https://www.cnbc.com/2021/09/21/government-shutdown-house-passes-funding-debt-ceiling-bill.html
2021-09-21 07:00:00,2021-09-21,U.S. committee is reviewing Zoom's $14.7 billion deal for Five9 on national-security grounds,"A U.S. government committee is reviewing Zoom's agreement to acquire cloud contact center software company Five9 for $14.7 billion on national-security grounds.
According to a letter dated Aug. 27, the Federal Communications Commission was asked to refer the case to the Committee for the Assessment of Foreign Participation in the United States Telecommunications Service Sector. Attorney General Merrick Garland is chair of the committee.
Zoom announced the deal with Five9 in July, marking the video-chat company's first billion-dollar-plus acquisition. Zoom ballooned in value during the pandemic and, with Five9's technology, is trying to expand into adjacent markets.
Zoom is based in San Jose, California, and founder and CEO Eric Yuan, a native of China, is a U.S. citizen. The company has a significant research and development hub in China, and last year House Speaker Nancy Pelosi of California referred to Zoom as ""a Chinese entity"" during an MSNBC interview.
""USDOJ believes that such risk may be raised by the foreign participation (including the foreign relationships and ownership) associated with the application, and a review by the Committee is necessary to assess and make an appropriate recommendation as to how the Commission should adjudicate this application,"" David Plotinsky of the Justice Department wrote in the letter to the FCC.
Zoom still expects the acquisition to close in the first half of 2022, a company spokesperson told CNBC in an email.
""We have made filings with the various applicable regulatory agencies, and these approval processes are proceeding as expected,"" the representative said. A Five9 spokesperson declined to comment.
The Wall Street Journal reported on the letter to the FCC earlier Tuesday.
The committee that sent the letter was formalized in 2020 through an executive order by former President Donald Trump. Formerly known as Team Telecom, the committee provides advice to the FCC regarding potential threats to telecommunications networks. It's separate from the Committee on Foreign Investment in the United States (CFIUS), which has blocked Chinese entities from buying U.S. companies.
In its latest earnings report in August, Zoom acknowledged that the business could face risks related to Five9's operations in Russia.
""We will need to manage the international operations of Five9, including engineering personnel and operations in Russia, which may pose regulatory, economic and political risks as well as additional challenges if the relationship between Russia and the United States worsens significantly, or if either Russia or the United States imposes or implements new or augmented economic sanctions, supply chain restrictions or other restrictions on doing business,"" Zoom said in the report.
Zoom executives said they expect 31% revenue growth in the current quarter, down from from growth above 300% last year. Five9 reported 44% growth in the most recent quarter.",,462,23,12,False,CNBC,en,https://www.cnbc.com/2021/09/21/us-committee-reviews-zooms-planned-14point7-billion-five9-acquisition.html
2021-09-21 07:00:00,2021-09-21,Former Theranos patient testifies blood test gave her false miscarriage diagnosis,"SAN JOSE, CALIF. --- The first patient to take the stand in trial of former Theranos CEO Elizabeth Holmes said that the company's blood test inaccurately showed she was suffering a miscarriage when in fact she had a healthy pregnancy.
Brittany Gould, who had already miscarried three times testified on Tuesday that in September 2014 she took a Theranos blood-test at a Walgreens store in Arizona after learning that she was pregnant.
After reviewing the results of the Theranos hCG test, which measured a pregnancy hormone, Gould's nurse practitioner, Audra Zuchman, delivered some alarming news.
""She told me your numbers are falling, unfortunately, and that I was miscarrying,"" Gould said, getting emotional on the stand.
Two Theranos hCG blood-tests indicated Gould was miscarrying. However, tests taken two and four days later through a different lab, Quest Diagnostics, confirmed that Gould was still pregnant. She eventually had a healthy baby.
""I remember communicating to Brittany that it was looking as though this was a non-viable pregnancy which would make it her fourth loss,"" Zuchman testified, later adding ""there isn't a medical explanation in a pregnancy loss for the value to go from 100 way back into the thousands or to go up at all really.""
After filing a complaint with Theranos, Zuchman said she stopped sending patients there. ""I felt very uncertain of the validity of the results and felt uncomfortable as a provider continuing to have my patients use it,"" she recalled.
Gould testified that after giving birth, she never used a Theranos product again. ""You can't provide accurate patient care with inaccurate results,"" she said.
Holmes is facing a dozen charges of wire fraud and conspiracy to commit wire fraud in connection with what prosecutors call a multi-million dollar scheme to defraud investors and patients. She has pleaded not guilty.
The one-time wunderkind of Silicon Valley dropped out of Stanford at 19 years old with the idea of revolutionizing healthcare. With Theranos, she promised to run hundreds of tests with just a finger-prick of blood. In 2015 a series of damning reports by former Wall Street Journal reporter John Carreyrou exposed the blood-testing technology fell short.
Among the government's next witnesses is Justin Offen, an employee from PricewaterhouseCoopers, who will testify about private text messages between Holmes and Balwani. Prosecutors said they have obtained 12,000 messages between the two but plan to show a small portion to the jury.
Cross examination of former scientist
Earlier in the day, during cross examination of Surekha Gangakhedkar, a longtime senior scientist at Theranos, Holmes' defense attorneys brought up a September 2013 email that Sunny Balwani, Theranos COO and for a time Holmes' romantic partner, sent to her team and Holmes.
The email suggested Gangakhedkar's team wasn't working hard enough.
""Please note that the software team was here till 3:07am - and is already here now at 10am..."" Balwani wrote, adding that the Edison devices were ""all sitting idle.""
""In the email he essentially boasts about the oppressive hours his team was working as though that was a badge of honor or something,"" said Lance Wade, an attorney for Holmes. ""He's trying to make you feel guilty about the fact that you weren't working, wasn't he?""
""Yes,"" replied Gangakhedkar.
""And he was trying to make your whole team feel guilty,"" said Wade.
""Yes"" she testified.
""Were you aware that Mr. Balwani criticized Ms. Holmes about that since she was the supervisor?"" asked Wade.
It was the first time during witness testimony that Holmes' attorneys began shifting blame to Balwani.
Gangakhedkar worked in a Theranos lab for eight years and reported directly to Holmes. She quit in 2013 over increasing concerns about the Edison blood-testing technology capabilities. Gangakhedkar testified that she repeatedly flagged the inaccuracy issues and her concerns to Holmes yet the CEO pushed ahead with the rollout in Walgreens stores.
""In research and development sometimes you have to fail before you can succeed, right?"" Wade asked.
""Yes,"" Gangakhedkar said.",,675,34,24,False,CNBC,en,https://www.cnbc.com/2021/09/21/theranos-test-gave-false-miscarriage-diagnosis-witness-testifies.html
2021-09-21 07:00:00,2021-09-21,Jon Najarian on how to play the markets post-sell-off,"Skip Navigation
Markets
Pre-Markets
U.S. Markets
Europe Markets
China Markets
Asia Markets
World Markets
Currencies
Prediction Markets
Cryptocurrency
Futures & Commodities
Bonds
Funds & ETFs
Business
Economy
Finance
Health & Science
Media
Real Estate
Energy
Climate
Transportation
Investigations
Industrials
Retail
Wealth
Sports
Life
Small Business
Investing
Personal Finance
Fintech
Financial Advisors
Options Action
ETF Street
Buffett Archive
Earnings
Trader Talk
Tech
Cybersecurity
AI
Enterprise
Internet
Media
Mobile
Social Media
CNBC Disruptor 50
Tech Guide
Politics & Policy
White House
Policy
Defense
Congress
Expanding Opportunity
Europe Politics
China Politics
Asia Politics
World Politics
Video
Latest Video
Full Episodes
Livestream
Top Video
Live Audio
Europe TV
Asia TV
CNBC Podcasts
CEO Interviews
Digital Originals
Watchlist
Investing Club
Trust Portfolio
Analysis
Trade Alerts
Meeting Videos
Homestretch
Jim's Columns
Education
Subscribe
PRO
Pro News
Josh Brown
Mike Santoli
Calls of the Day
My Portfolio
Livestream
Full Episodes
Stock Screener
Market Forecast
Options Investing
Chart Investing
Subscribe
Livestream
Menu
Make It
select
USA
INTL
Livestream
Search quotes, news & videos
Livestream
Watchlist
SIGN IN
Create free account
Markets
Business
Investing
Tech
Politics & Policy
Video
Watchlist
Investing Club
PRO
Livestream
Menu
watch now
Share
Share Article via Facebook
Share Article via Twitter
Share Article via LinkedIn
Share Article via Email
Worldwide Exchange
Jon Najarian on how to play the markets post-sell-off
Jon Najarian, Co-Founder of MarketRebellion and a CNBC Contributor, joins Worldwide Exchange to discuss his market outlook.
Tue, Sep 21 2021
8:13 AM EDT
watch now
watch now
VIDEO
Dan Niles: We're going into a rate hike cycle so don't fight the Fed or the bond market
2 hours ago
watch now
watch now
VIDEO
Kevin Hassett: Pres. Trump 'wholeheartedly rejects' government takeover of AI regulation
4 hours ago
watch now
watch now
VIDEO
Watch CNBC's full interview with White House National Economic Council Director Kevin Hassett
5 hours ago
watch now
watch now
VIDEO
Former Cleveland Fed Pres. Mester: No convincing evidence inflation is on downward path back to 2%
5 hours ago
watch now
watch now
VIDEO
Standard Chartered CEO Bill Winters on the ‘reckless path’ that shaped his banking career
watch now
watch now
VIDEO
Dan Niles: We're going into a rate hike cycle so don't fight the Fed or the bond market
2 hours ago
watch now
watch now
VIDEO
Kevin Hassett: Pres. Trump 'wholeheartedly rejects' government takeover of AI regulation
4 hours ago
watch now
watch now
VIDEO
Watch CNBC's full interview with White House National Economic Council Director Kevin Hassett
5 hours ago
watch now
watch now
VIDEO
Former Cleveland Fed Pres. Mester: No convincing evidence inflation is on downward path back to 2%
5 hours ago
watch now
watch now
VIDEO
Standard Chartered CEO Bill Winters on the ‘reckless path’ that shaped his banking career
Load More",,467,7,176,False,CNBC,en,https://www.cnbc.com/video/2021/09/21/jon-najarian-on-how-to-play-the-markets-post-sell-off.html
2021-09-21 07:00:00,2021-09-21,"Rowing start-up Hydrow scores fresh financing from Lizzo, Justin Timberlake, as at-home fitness competition heats up","Hydrow, the maker of a connected rowing machine, said Tuesday it has secured nearly $200 million in financing after its latest funding round with celebrity backers including Lizzo and Justin Timberlake.
Founder and Chief Executive Bruce Smith said a portion of the funding will be used to make sure it has enough product to meet the anticipated demand this holiday season. Hydrow's machines sell for $2,295, and the company offers on-demand fitness classes including pilates and yoga and rowing instruction through a monthy subscription fee.
The company didn't disclose its latest valuation, but Bloomberg reported in August that Hydrow is in talks to go public through a merger with special purpose acquisition company Sandbridge X2 Corp., in a deal that would value the combined entity at more than $1 billion.
Smith declined to comment on the report.
""This puts us in the same category as the other leaders in the fitness industry,"" he said. ""Until now, we might have been a little bit under the radar because people thought of us as a smaller company. But we're actually very ambitious.""
Hydrow is raising fresh capital at a time when more consumers are returning to gyms and in-person fitness classes, forcing connected-fitness makers to sweat harder to find new users. There are also more at-home options than ever, from Peloton's cycles and treadmills, to Lululemon's Mirror, to Tonal, to portable boxing machines. Meantime, Peloton is rumored to be working on its own rowing device, which could bring Hydrow even more competition.
According to a monthly tracking by the Wall Street research firm Jefferies, foot traffic to fitness centers has been gradually returning to normalized levels over the summer, as pandemic restrictions ease. As of earlier this month, Jefferies found gym visits back to about 90% of January 2020 levels, and down just 1% from the same period in 2019.
People are returning to gyms most consistently in Georgia, Florida and Texas, Jefferies said, while visits across New Jersey and New York lag the rest of the country.
Among the top players in digital fitness, Peloton has held its spot as the most-visited platform in August, followed by BeachBody, Jefferies added.
""Although last year saw a rise in digital and at-home fitness, we believe this medium will continue to see a drop in utilization as things normalize and will serve as an accompaniment to the traditional gym experience going forward,"" Jefferies analyst Randal Konik said in a research note.
Hydrow, which offers on-demand rowing classes, was founded in 2017 by Smith, a former USA Rowing national team coach. Comedian Kevin Hart was an early backer and recently was named creative director.
Last year, the company raised $25 million from investors including LVMH-backed private equity firm L Catterton and Rx3 Ventures, which was co-founded by Green Bay Packers quarterback Aaron Rodgers.
Smith said Hydrow's sales surged more than 500% in 2020, as consumers looked for ways to workout from home during the Covid pandemic. Through June of this year, sales rose 300% from the same period in 2020, he said.
Moving forward, however, Smith emphasized Hydrow is a commercial-grade product that can be added to hotel gyms, apartment complexes and other business settings. That's a strategy Peloton has pursued. It announced this week a new platform for hospitality customers to shop its products, as people begin to leave their homes and Peloton looks for ways to keep building its member base.
""As the economy reopens, that also opens up additional sales for us,"" Smith said. ""And we're really determined to be everywhere that our customers are.""
Hydrow is also looking to expand its presence internationally. It plans to use its latest financing to create more live and on-demand content for users, to keep them engaged.",,642,26,16,False,CNBC,en,https://www.cnbc.com/2021/09/21/rowing-start-up-hydrow-scores-fresh-financing-from-lizzo-timberlake.html
2021-09-21 07:00:00,2021-09-21,Silicon Valley's quest to live forever could benefit humanity as a whole — here's why,"All things must die, according to the poet Alfred Lord Tennyson, but that could be about to change.
A growing number of tech billionaires have decided they want to use their enormous wealth to try to help humans ""cheat death.""
Amazon's Jeff Bezos, Alphabet's Larry Page, Oracle's Larry Ellison and Palantir's Peter Thiel are just a few of the super-rich who have taken a keen interest in the fast-emerging field of longevity, according to interviews, books and media reports.
While breakthroughs are far from guaranteed, they hope that various medicines, therapies and other life science technologies will enable humans to live well beyond 100 years old and possibly to 200, 300, or even longer.
But are their efforts going to benefit humanity as a whole or just an elite few? It's a tricky question that divides opinion.
The filter down effect
""Technologies that initially are only affordable to the rich typically become more widely available with time,"" Stefan Schubert, a researcher at the London School of Economics and Political Science who specializes in ""effective altruism,"" told CNBC. Indeed, this is true of everything from air travel to smartphones and medicine.
Tech investor Jaan Tallinn, the co-founder of Skype, told CNBC that Silicon Valley's quest to live forever will eventually benefit humanity as a whole.
""I think involuntary death is clearly morally bad, which makes the quest for longevity a morally noble thing to engage in,"" Tallinn said. ""Early adopters always tend to pay more and take larger risks than the 'mass market,' so if therapies start off on the expensive/risky side, that's to be expected.""
Tallinn added that he thinks it's ""counterproductive"" to require that a new service be available to everyone before anyone is allowed to use it, but he said he understands the instinct.
Sean Ó hÉigeartaigh, co-director of Cambridge University's Center for the Study of Existential Risk, told CNBC that many advances in longevity science could have broad benefits, adding that they could reduce the occurrence or severity of older age-related diseases including dementia and heart health.
""Extending max lifespan significantly in the near-term seems unlikely to me; but identifying and arresting aging-related factors that increase preponderance and severity of age-related conditions is more plausible,"" Ó hÉigeartaigh said.
Some are concerned that the Earth's finite resources could come under strain if people live longer, healthier lives.
However, by the time meaningful life extension advances are made, Ó hÉigeartaigh expects population numbers to be more stable in more parts of the world thanks to progress in women's empowerment and other factors.
""The challenges of our unsustainable resource footprints will need to be addressed long before science solves aging,"" Ó hÉigeartaigh added. ""We have many more pressing things to worry about than the risks of life extension, such as climate change in the coming century.""
What about climate change?
While some believe that billionaires should be able to spend their money on what they see fit, not everyone thinks tech billionaires should be using their money to fund life extension research.
Jon Crowcroft, a computer science professor at Cambridge University, told CNBC they'd be better off pumping more of their billions into climate change mitigation technologies instead of longevity research.
""It's a bit pointless living forever on a dying planet,"" said Crowcroft.
But Tallinn told CNBC he finds the tech billionaire's efforts to support longevity research ""commendable.""
""I think it's generally unfair to pit good causes against each other in a world where most resources are wasted on morally unimportant or even reprehensible things,"" Tallinn said.
Billionaire's chasing immortality
Bezos, the second richest man in the world behind Elon Musk, has invested some of his $199 billion into a new ""rejuvenation"" start-up called Altos Labs, according to a report from MIT Technology Review earlier this month.
The anti-ageing start-up, which is said to be pursuing biological reprogramming technology, is reportedly also backed by Russian-Israeli venture capitalist Yuri Milner, who made a fortune as an early investor in Facebook.
Elsewhere, Oracle founder Ellison has donated more than $370 million to research about aging and age-related diseases, according to The New Yorker.
Meanwhile, Google founders Sergey Brin and Larry Page helped launch Calico, a secretive venture that's tracking mice from birth to death in the hope of finding markers for diseases like diabetes and Alzheimer's, according to a report in The New Yorker. Calico is part of Alphabet, the holding company that also owns Google.
One of the biggest advocates for life extension among the tech billionaires is Thiel, who co-founded PayPal and Palantir and backed Donald Trump's 2016 presidential campaign.
In 2006, he donated $3.5 million to support anti-ageing research through the non-profit Methuselah Mouse Prize foundation. ""Rapid advances in biological science foretell of a treasure trove of discoveries this century, including dramatically improved health and longevity for all,"" he said at the time. Thiel had upped his investment in Methuselah Mouse Prize foundation to $7 million by 2017, according to Time.
According to The New Yorker, Thiel and Bezos have both invested in San Francisco-based Unity Biotechnology, a company whose founder reportedly said he wants to ""vaporize a third of human diseases in the developed world.""
Life extension stocks?
On the other side of the Atlantic, British billionaire Jim Mellon told CNBC last September that he was planning to take Juvenescence, his own life extension company, public in the next six to 12 months.
It's yet to happen, but Juvenescence is continuing to invest in a wide range of anti-ageing therapies that it thinks have the potential to extend the human life.
One of those investments is Insilico Medicine, which aims to use artificial intelligence for drug discovery. Juvenescence has also backed AgeX Therapeutics, a California-headquartered firm trying to create stem cells that can regenerate ageing tissue, and LyGenesis, which wants to develop a technology that uses lymph nodes as bioreactors to regrow replacement organs.
Other billionaires, including Mike Cannon-Brookes, the co-founder of Australian software firm Atlassian, and NEX Group founder Michael Spencer, have invested in Juvenescence.",,1041,35,34,False,CNBC,en,https://www.cnbc.com/2021/09/21/silicon-valleys-quest-to-live-forever-could-benefit-the-rest-of-us.html
2021-09-21 19:01:23,2021-09-21,"Bilt Mastercard announces new rewards structure: Simplifies earning on rent payment, adds dining and travel bonuses","*The Bilt Mastercard® has been discontinued
Bilt Rewards introduced a revamped rewards program which allows you to earn bonus points in new spending categories and simplifies earning points on the largest expense for many Americans, rent.
Here's everything you need to know about the Bilt Rewards program, and what to consider before you apply for the *Bilt Mastercard®.
Bilt Rewards unveils new rewards structure
When Bilt first unveiled its credit card in June, it's primary feature was that it allowed you to earn rewards points on your monthly rent payment without paying any transaction fees. However, the rewards structure was convoluted and didn't allow for everyday spenders to earn many points on their rent, plus the card had no bonus categories and only earned 1x points on all other purchases.
To start, the Bilt Mastercard still has no annual fee (see rates and fees) and will now earn rewards based on the following structure:
- 1X points per dollar spent on rent payments (up to $100,000 each year)
- 2X point per dollar spent on travel (when booked directly with an airline, hotel, car rental or cruise company)
- 3X point per dollar spent on dining
And you will earn 1X points per dollar on all purchases that don't fall under those categories. Cardholders must use the card 5 times each statement period to earn points.
New cardholders will have an extra boost to their earnings from the start, as they can earn 2X points per dollar spent on all eligible purchases for the first 30 days of card membership.
In many cases, landlords will charge you a processing fee if you pay your rent with a credit card — making it costly to earn rewards. However, if you pay your rent through the Bilt app, Bilt will cover transaction fees (usually around 3%) and send your landlord a check on your behalf. This way, you're earning rewards without any additional transaction fees.
Status levels
And based on how many points you earn, you will also earn status with the Bilt Rewards program which grants you access to a variety of benefits. The status levels are:
- Blue: anyone enrolled in Bilt Rewards with under 25,000 points
- Silver: 25,000 points earned per year
- Gold: 50,000 points earned per year
- Platinum: 100,000 points earned per year
All of these metrics are based on points earned throughout a calendar year, and based on which status level you are, you can access these benefits:
Earn interest on unused points (Silver, Gold, Platinum) - Instead of having rewards collecting dust, they will actually earn you interest. This will be paid to you each month (in the form of points) — the interest rate is based on the FDIC national savings rate.
Use points towards a down payment, along with homebuyer concierge service (Gold, Platinum) - You can still opt to use your rewards towards a down payment on a home. Now, you will have a personalized concierge service to help guide you through the home buying process.
Bonus points for new leases or renewals - You can earn up to 50% bonus points for signing new tenant leases and lease renewals. The bonus rate will depend on status level.
Bilt Collection gift (Platinum) - Once you reach Platinum, Bilt will send you a curated gift, such as decor or artwork for your home.
What to know about the Bilt Mastercard
Bilt has already partnered with dozens of property management companies, accounting for over two million homes across the country. You can see if your management company is part of the Bilt Rewards Alliance by entering your address into the Bilt app, which is available on iOS and Android.
Card benefits
Along with the ability to earn rewards on your spending and rent payments with no annual fee, the card also comes with Mastercard World Elite benefits. This includes:
- Cellular Telephone Protection up to $800 a year in coverage per claim as long as you use the Bilt Mastercard to pay your cell phone bill. Subject to $25 deductible (See rewards/benefits)
- Purchase Security (theft and damage protection)*
- Concierge service*
- Auto Rental Collision Damage Waiver*
- Travel benefits including Trip Cancellation and Interruption Protection* and Trip Delay Reimbursement*
- Up to $60 of Lyft credit per year when you take 3 rides per month.
- No foreign transaction fees (see terms and conditions)
* Please review the Bilt Mastercard® Guide to Benefits for details.
Redeeming rewards
So what can you do with Bilt Rewards? You can redeem them for:
- Transfers to a long list of travel partners, including: Air Canada Aeroplan, IHG Hotels, World of Hyatt, Turkish Miles&Smiles, Air France/KLM Flying Blue, Emirates Skywards, Hawaiian Airlines HawaiianMiles or Virgin Points.
- Fitness classes at gym studios such as Soulcycle or Y7 Studio
- Towards a down payment on your home
- A future rent payment
- Home decor, art or apparel in the Bilt Collection
You can transfer Bilt Points to its travel partners. The transfer partners list isn't as extensive as Chase Ultimate Rewards® or American Express Membership Rewards, but the partners themselves can provide some incredible value. World of Hyatt, Air Canada Aeroplan and Turkish all have great award charts allowing for many high-value redemptions. For example, you can transfer 7,500 Bilt Points to Turkish and book a flight one-way flight on United Airlines to anywhere in the U.S., including Hawaii and Alaska.
Overall, the benefits of the card are excellent for a no-annual-fee credit card.
And if you are trying to save toward a down payment on a home, this card gives you a great opportunity to stash away some ""cash"" passively.
Bottom line
The Bilt Rewards program is an extremely innovative program as it incentivizes paying the most major bill in many American's budgets — rent. The newly restructured programs allows cardholders to earn bonus points on dining and travel expenses, and makes it clearer and easier for everyday spenders to earn points on rent payments.
If saving money for a home is your top priority or you enjoy the unique Bilt transfer partners, you may want to consider this card as your primary credit card. At the very least, consider getting the Bilt Mastercard just so you can earn points on your monthly rent payment.
Read more
Select rates/fees to learn more about the product features, terms, and conditions of the Bilt Mastercard.",,1065,37,50,False,CNBC,en,https://www.cnbc.com/select/bilt-mastercard-new-credit-cards-rewards/
2021-09-22 07:00:00,2021-09-22,"First Women's Bank CEO on launch, getting capital to entrepreneurs","Skip Navigation
Markets
Pre-Markets
U.S. Markets
Europe Markets
China Markets
Asia Markets
World Markets
Currencies
Prediction Markets
Cryptocurrency
Futures & Commodities
Bonds
Funds & ETFs
Business
Economy
Finance
Health & Science
Media
Real Estate
Energy
Climate
Transportation
Investigations
Industrials
Retail
Wealth
Sports
Life
Small Business
Investing
Personal Finance
Fintech
Financial Advisors
Options Action
ETF Street
Buffett Archive
Earnings
Trader Talk
Tech
Cybersecurity
AI
Enterprise
Internet
Media
Mobile
Social Media
CNBC Disruptor 50
Tech Guide
Politics & Policy
White House
Policy
Defense
Congress
Expanding Opportunity
Europe Politics
China Politics
Asia Politics
World Politics
Video
Latest Video
Full Episodes
Livestream
Top Video
Live Audio
Europe TV
Asia TV
CNBC Podcasts
CEO Interviews
Digital Originals
Watchlist
Investing Club
Trust Portfolio
Analysis
Trade Alerts
Meeting Videos
Homestretch
Jim's Columns
Education
Subscribe
PRO
Pro News
Josh Brown
Mike Santoli
Calls of the Day
My Portfolio
Livestream
Full Episodes
Stock Screener
Market Forecast
Options Investing
Chart Investing
Subscribe
Livestream
Menu
Make It
select
USA
INTL
Livestream
Search quotes, news & videos
Livestream
Watchlist
SIGN IN
Create free account
Markets
Business
Investing
Tech
Politics & Policy
Video
Watchlist
Investing Club
PRO
Livestream
Menu
watch now
Share
Share Article via Facebook
Share Article via Twitter
Share Article via LinkedIn
Share Article via Email
Squawk Box
First Women's Bank CEO on launch, getting capital to entrepreneurs
CNBC's ""Squawk Box"" team discusses women-owned small businesses with Marianne Markowitz, CEO of The Women’s First Bank.
Wed, Sep 22 2021
6:59 AM EDT
watch now
watch now
VIDEO
Dan Niles: We're going into a rate hike cycle so don't fight the Fed or the bond market
2 hours ago
watch now
watch now
VIDEO
Kevin Hassett: Pres. Trump 'wholeheartedly rejects' government takeover of AI regulation
4 hours ago
watch now
watch now
VIDEO
Watch CNBC's full interview with White House National Economic Council Director Kevin Hassett
5 hours ago
watch now
watch now
VIDEO
Former Cleveland Fed Pres. Mester: No convincing evidence inflation is on downward path back to 2%
5 hours ago
watch now
watch now
VIDEO
Standard Chartered CEO Bill Winters on the ‘reckless path’ that shaped his banking career
watch now
watch now
VIDEO
Dan Niles: We're going into a rate hike cycle so don't fight the Fed or the bond market
2 hours ago
watch now
watch now
VIDEO
Kevin Hassett: Pres. Trump 'wholeheartedly rejects' government takeover of AI regulation
4 hours ago
watch now
watch now
VIDEO
Watch CNBC's full interview with White House National Economic Council Director Kevin Hassett
5 hours ago
watch now
watch now
VIDEO
Former Cleveland Fed Pres. Mester: No convincing evidence inflation is on downward path back to 2%
5 hours ago
watch now
watch now
VIDEO
Standard Chartered CEO Bill Winters on the ‘reckless path’ that shaped his banking career
Load More",,469,7,176,False,CNBC,en,https://www.cnbc.com/video/2021/09/22/first-womens-bank-ceo-on-launch-getting-capital-to-entrepreneurs.html
2021-09-22 07:00:00,2021-09-22,Omi in a Hellcat indicted in cable piracy scheme,"Skip Navigation
Markets
Pre-Markets
U.S. Markets
Europe Markets
China Markets
Asia Markets
World Markets
Currencies
Prediction Markets
Cryptocurrency
Futures & Commodities
Bonds
Funds & ETFs
Business
Economy
Finance
Health & Science
Media
Real Estate
Energy
Climate
Transportation
Investigations
Industrials
Retail
Wealth
Sports
Life
Small Business
Investing
Personal Finance
Fintech
Financial Advisors
Options Action
ETF Street
Buffett Archive
Earnings
Trader Talk
Tech
Cybersecurity
AI
Enterprise
Internet
Media
Mobile
Social Media
CNBC Disruptor 50
Tech Guide
Politics & Policy
White House
Policy
Defense
Congress
Expanding Opportunity
Europe Politics
China Politics
Asia Politics
World Politics
Video
Latest Video
Full Episodes
Livestream
Top Video
Live Audio
Europe TV
Asia TV
CNBC Podcasts
CEO Interviews
Digital Originals
Watchlist
Investing Club
Trust Portfolio
Analysis
Trade Alerts
Meeting Videos
Homestretch
Jim's Columns
Education
Subscribe
PRO
Pro News
Josh Brown
Mike Santoli
Calls of the Day
My Portfolio
Livestream
Full Episodes
Stock Screener
Market Forecast
Options Investing
Chart Investing
Subscribe
Livestream
Menu
Make It
select
USA
INTL
Livestream
Search quotes, news & videos
Livestream
Watchlist
SIGN IN
Create free account
Markets
Business
Investing
Tech
Politics & Policy
Video
Watchlist
Investing Club
PRO
Livestream
Menu
watch now
Share
Share Article via Facebook
Share Article via Twitter
Share Article via LinkedIn
Share Article via Email
The News with Shepard Smith
Omi in a Hellcat indicted in cable piracy scheme
CNBC's Contessa Brewer joins Shep Smith to report on the arrest of YouTube star Omi in a Hellcat for a multimillion dollar piracy scheme.
Wed, Sep 22 2021
7:45 PM EDT
watch now
watch now
VIDEO
Dan Niles: We're going into a rate hike cycle so don't fight the Fed or the bond market
2 hours ago
watch now
watch now
VIDEO
Kevin Hassett: Pres. Trump 'wholeheartedly rejects' government takeover of AI regulation
4 hours ago
watch now
watch now
VIDEO
Watch CNBC's full interview with White House National Economic Council Director Kevin Hassett
5 hours ago
watch now
watch now
VIDEO
Former Cleveland Fed Pres. Mester: No convincing evidence inflation is on downward path back to 2%
5 hours ago
watch now
watch now
VIDEO
Standard Chartered CEO Bill Winters on the ‘reckless path’ that shaped his banking career
watch now
watch now
VIDEO
Dan Niles: We're going into a rate hike cycle so don't fight the Fed or the bond market
2 hours ago
watch now
watch now
VIDEO
Kevin Hassett: Pres. Trump 'wholeheartedly rejects' government takeover of AI regulation
4 hours ago
watch now
watch now
VIDEO
Watch CNBC's full interview with White House National Economic Council Director Kevin Hassett
5 hours ago
watch now
watch now
VIDEO
Former Cleveland Fed Pres. Mester: No convincing evidence inflation is on downward path back to 2%
5 hours ago
watch now
watch now
VIDEO
Standard Chartered CEO Bill Winters on the ‘reckless path’ that shaped his banking career
Load More",,475,7,176,False,CNBC,en,https://www.cnbc.com/video/2021/09/22/omi-in-a-hellcat-indicted-in-cable-piracy-scheme.html
2021-09-22 07:00:00,2021-09-22,The $432 million Mega Millions jackpot has a winner. Here's how much will go to taxes,"Whoever is holding the winning ticket for the $432 million Mega Millions jackpot is about to discover what a huge tax bill really looks like.
A single Mega Millions ticket sold in New York City matched all six numbers in Tuesday night's drawing to nab the top prize. While the windfall will be a life-changing bonanza, the advertised amount isn't what the winner will actually end up with.
Winners get to choose between taking their prize as either a lump sum or an annuity paid over 30 years. For the $432 million Mega Millions jackpot, the cash option — which most people go with — is about $315 million.
However, before it reaches the winner, 24% — $75.6 million — will be withheld for federal taxes. More would likely be due at tax time (April 2022 for 2021 wins), due to the current top marginal income tax rate of 37%. (Be aware that there is an effort in Congress to increase that to 39.6%).
Then there are state and local taxes. In New York state, the win would be subject to a 10.9% rate — which would mean another $34.3 million for those taxes. Additionally, New York City grabs 3.876% — $12.2 million — for its own coffers.
After those taxes, the winner would be left with about $192.9 million, not counting any additional amount due at tax time.
Despite the sizeable share that goes to taxes, the windfall is more than most people see in a lifetime. This makes it important to get professional guidance before heading to lottery headquarters. In New York, you get a year to claim your prize.
Generally speaking, the first call should be to an attorney experienced in assisting lottery winners, experts say. Other professionals also should be brought in to help, including a tax advisor and a financial advisor.
Be aware that although New York does not allow full anonymity when big lottery prizes are won, the winner may be able to set up a trust or limited liability company to claim the windfall, thereby keeping their name out of the public eye.
More from Personal Finance:
Before quitting your job, do these four things
Here are tips for reining in impulse spending
How to avoid buying a flood-damaged car
The winner also should make a copy of their ticket and store the original in a safe place (i.e., a lockbox or a bank safe deposit box). Additionally, it's worth sharing the news with as few people as possible, experts say.
Meanwhile, the Powerball jackpot is approaching the half-billion-dollar mark. For Wednesday night's drawing, the top prize is an estimated $490 million ($355.1 million cash). The Mega Millions jackpot has reset to $20 million ($14.5 million) for the next drawing, set for Friday night.
Your chance of hitting either game's jackpot with a single ticket is miniscule. For Mega Millions, it's 1 in 302 million and for Powerball, 1 in 292 million.
(Correction: An earlier version of this story had the wrong withholding rate for New York state.)",,518,26,17,False,CNBC,en,https://www.cnbc.com/2021/09/22/mega-millions-432-million-jackpot-has-a-winner-heres-the-tax-bill.html
2021-09-22 07:00:00,2021-09-22,Biden and Macron plan to meet as the U.S. and France try to smooth things over in their submarine saga,"President Joe Biden spoke Wednesday with French President Emmanuel Macron as the leaders sought to smooth tensions following a messy arms deal with Australia that triggered a diplomatic row resulting in France – America's oldest ally – recalling its ambassador to the U.S.
""The two leaders agreed that the situation would have benefitted from open consultations among allies on matters of strategic interest to France and our European partners. President Biden conveyed his ongoing commitment in that regard,"" according to a joint White House and Elysee statement.
""They will meet in Europe at the end of October in order to reach shared understandings and maintain momentum in this process,"" the statement added.
Macron has also agreed to send France's ambassador to the United States, Philippe Etienne, back to Washington next week. France had recalled the ambassador to protest an arms deal in which the U.S. and the U.K. agreed to assist Australia in acquiring nuclear-powered submarines.
The deal effectively ended a longstanding submarine contract between Australia and France. French Foreign Minister Jean-Yves Le Drian called the arms deal a ""stab in the back.""
""This exceptional decision is justified by the exceptional gravity of the announcements made on 15 September by Australia and the United States,"" Le Drian said last week when he announced that France would recall its ambassadors to Australia and the U.S.
French officials had also canceled a gala at their sprawling embassy compound in Washington commemorating the decisive role France's navy played in the American Revolutionary War.
The submarine deal is part of a new security partnership between the U.S., Australia and the U.K. in the Indo-Pacific region. Prime Ministers Scott Morrison of Australia and Boris Johnson of the U.K. joined Biden virtually for the announcement of the partnership last week.
The leaders said the security partnership would seek to strengthen stability in the Indo-Pacific as China expands its military might and influence. The submarine deal will allow Australia's navy to help counter Chinese nuclear-powered vessels.
Biden on Wednesday also agreed to reinforce support for counterterrorism operations in the Sahel, a region in Africa where approximately 5,100 French service members are deployed.
""The United States also recognizes the importance of a stronger and more capable European defense, that contributes positively to transatlantic and global security and is complementary to NATO,"" the White House said in Wednesday's joint statement.",WASHINGTON,407,19,11,False,CNBC,en,https://www.cnbc.com/2021/09/22/biden-and-macron-to-meet-in-europe-after-dispute-over-australian-sub-deal.html
2021-09-22 07:00:00,2021-09-22,Discord CEO Jason Citron on its growth amid the pandemic,"Skip Navigation
Markets
Pre-Markets
U.S. Markets
Europe Markets
China Markets
Asia Markets
World Markets
Currencies
Prediction Markets
Cryptocurrency
Futures & Commodities
Bonds
Funds & ETFs
Business
Economy
Finance
Health & Science
Media
Real Estate
Energy
Climate
Transportation
Investigations
Industrials
Retail
Wealth
Sports
Life
Small Business
Investing
Personal Finance
Fintech
Financial Advisors
Options Action
ETF Street
Buffett Archive
Earnings
Trader Talk
Tech
Cybersecurity
AI
Enterprise
Internet
Media
Mobile
Social Media
CNBC Disruptor 50
Tech Guide
Politics & Policy
White House
Policy
Defense
Congress
Expanding Opportunity
Europe Politics
China Politics
Asia Politics
World Politics
Video
Latest Video
Full Episodes
Livestream
Top Video
Live Audio
Europe TV
Asia TV
CNBC Podcasts
CEO Interviews
Digital Originals
Watchlist
Investing Club
Trust Portfolio
Analysis
Trade Alerts
Meeting Videos
Homestretch
Jim's Columns
Education
Subscribe
PRO
Pro News
Josh Brown
Mike Santoli
Calls of the Day
My Portfolio
Livestream
Full Episodes
Stock Screener
Market Forecast
Options Investing
Chart Investing
Subscribe
Livestream
Menu
Make It
select
USA
INTL
Livestream
Search quotes, news & videos
Livestream
Watchlist
SIGN IN
Create free account
Markets
Business
Investing
Tech
Politics & Policy
Video
Watchlist
Investing Club
PRO
Livestream
Menu
watch now
Share
Share Article via Facebook
Share Article via Twitter
Share Article via LinkedIn
Share Article via Email
Squawk Box
Discord CEO Jason Citron on its growth amid the pandemic
CNBC's Andrew Ross Sorkin discusses Discord's outlook, growth and gaming with Discord CEO Jason Citron.
Wed, Sep 22 2021
9:23 AM EDT
watch now
watch now
VIDEO
Dan Niles: We're going into a rate hike cycle so don't fight the Fed or the bond market
2 hours ago
watch now
watch now
VIDEO
Kevin Hassett: Pres. Trump 'wholeheartedly rejects' government takeover of AI regulation
4 hours ago
watch now
watch now
VIDEO
Watch CNBC's full interview with White House National Economic Council Director Kevin Hassett
5 hours ago
watch now
watch now
VIDEO
Former Cleveland Fed Pres. Mester: No convincing evidence inflation is on downward path back to 2%
5 hours ago
watch now
watch now
VIDEO
Standard Chartered CEO Bill Winters on the ‘reckless path’ that shaped his banking career
watch now
watch now
VIDEO
Dan Niles: We're going into a rate hike cycle so don't fight the Fed or the bond market
2 hours ago
watch now
watch now
VIDEO
Kevin Hassett: Pres. Trump 'wholeheartedly rejects' government takeover of AI regulation
4 hours ago
watch now
watch now
VIDEO
Watch CNBC's full interview with White House National Economic Council Director Kevin Hassett
5 hours ago
watch now
watch now
VIDEO
Former Cleveland Fed Pres. Mester: No convincing evidence inflation is on downward path back to 2%
5 hours ago
watch now
watch now
VIDEO
Standard Chartered CEO Bill Winters on the ‘reckless path’ that shaped his banking career
Load More",,465,7,176,False,CNBC,en,https://www.cnbc.com/video/2021/09/22/discord-ceo-jason-citron-on-its-growth-amid-the-pandemic.html
2021-09-22 07:00:00,2021-09-22,This 34-year-old is on the fast track to reach a $1 million net worth: '7 money habits to adopt before you turn 40',"In my early 20s and 30s, I took big swings in my career and developed smart money strategies that helped maximized my income.
At 34, I have a net worth of more than $700,000 (mostly from my earnings, retirement accounts, home equity, savings and investing accounts). I am currently on track to have a net worth of $1 million by my 40th birthday.
Changing my financial routine was key to getting to where I am today — and it can help you, too. Here are seven money habits to adopt before you turn 40:
1. Save and invest at the same time
As a recession-era graduate, I was nervous about investing my money, for fear of losing it to another market crash.
But I realized that even though keeping all my money in a savings account felt ""safer,"" it would stifle my chances of growing wealth faster.
So I came up with a plan that would allow me to save, invest and still sleep soundly: I set up automatic transfers for each pay period — 10% of my paycheck towards my employer-sponsored 401(k), and another 10% into a high-yield savings account.
2. Don't be afraid to quit your job for a higher-paying one
Once I got into the habit of investing and saving 20% of my take-home pay, I focused on increasing my salary so that I could invest and save even more.
That meant pursuing promotions, asking for a raise, or leaving a job altogether for one that paid more or offered more opportunities for career advancement. Nearly every time I quit a job for a new one, I was able to increase my salary by at least 30%. (Of course, this isn't the right move for everyone; always make sure you take into account your situation and career goals.)
At 24, I was earning $45,000 a year, so a 10% investing rate meant putting about $4,500 into my 401(k). But five years and a few job changes later, my income was well over $150,000, and I was able to max out my 401(k) for the first time.
Budgeting and cutting back on expenses alone wouldn't have helped me reach that milestone.
3. Avoid lifestyle inflation
When you're young, every pay raise feels like an excuse to get a bigger apartment with more amenities or take more vacations.
But I was intentional about keeping my living expenses low. I set a rule to not spend more than 30% of my monthly pay on rent, which meant still having roommates even though I could afford living alone.
And when we needed to save money for our wedding, my then-fiancé and I moved into his parent's house for six months. It wasn't easy, but we were able to save $11,000 for our big day.
4. Don't create a rigid budget that you can't live up to
My first budgeting plan was very aggressive; I wanted to save as much money as possible. But I constantly ended up disappointing myself by spending on things like dining out and holiday gifts.
I ultimately realized that having a rigid budget plan wasn't doing me any good, and that I was feeling guilty for purchases that I didn't consider irresponsible at all.
So I instead focused on automating all my bill payments, including any investment and savings contributions. That way, every dollar that went into my bank account on payday was a dollar I knew I could afford to spend.
5. Build professional relationships early on in your career
As an introvert, I dread going to big conferences and networking events. I am much better at nurturing relationships one-on-one, which I believe is just as effective as trying to socialize with a ton of strangers at once.
I still keep in touch with friends, as well as current and former colleagues. I follow their work online and share it on social media often. I'll sometimes send an email or text just to check in and send good energy their way.
When I see a job posting that I think someone might enjoy, I'll forward it to them. They do the same in return, which puts me in a great position to learn about new job opportunities. It's also a good way to stay on top of salary trends in my industry and ensure that I'm getting paid a fair market rate.
6. Keep tabs on your credit report every month
A $12,000 brush with credit fraud in my early 20s sparked an obsession with checking my credit report for any fraudulent activity.
I use tools like Discover Scorecard or Credit Karma to receive potential fraud alerts. I look out for suspicious activities like accounts I don't recall opening, spelling errors in my name and repeated declined transactions.
If I find evidence of fraud, I report it immediately to the three credit bureaus and file disputes. With the rise of credit card fraud during the pandemic, it's never been more important to make this part of your financial routine.
7. Hire a financial advisor if you need help tackling big challenges
Not everyone needs a financial advisor to start building wealth. I knew how to invest, save and manage my expenses.
But what I didn't know was how to align my financial goals with my husband's, especially early on in our relationship. We had similar money habits, but very different opinions about how to spend our hard-earned money.
For example, he would have been perfectly happy foregoing our honeymoon in Italy for a brand new Tesla, and while I wanted to keep renting indefinitely, he wanted to buy a home.
Hiring a financial advisor helped us work through those conversations and keep our collective goals in mind. (And yes, we did end up buying a Tesla!)
Mandi Woodruff-Santos is a personal finance expert, award-winning journalist, content strategist and co-host of the podcast Brown Ambition. Follow her on Instagram and Twitter.
Don't miss:",,1024,52,35,False,CNBC,en,https://www.cnbc.com/2021/09/22/millennial-who-is-on-track-to-reach-1-million-net-worth-shares-her-top-money-habits.html
2021-09-22 07:00:00,2021-09-22,Here's why the Evergrande crisis is not China's 'Lehman moment',"Property developer China Evergrande's debt woes are not likely to cause the same fallout as the collapse of U.S. investment bank Lehman Brothers in 2008, analysts said.
Evergrande's Hong Kong-listed shares have tumbled nearly 90% since July 2020, as the Chinese government cracked down on speculation in the real estate market.
The stock has lost more than 20% in the last five trading days, and investors are watching to see if the highly indebted real estate giant will be able to make millions of dollars in interest payments on U.S. dollar-denominated bonds in the coming days. The jitters have contributed to global stock market declines this week.
Evergrande holds physical assets
However, when it comes to the scale of potential impact on international financial markets, analysts point to a major difference between the Evergrande crisis and the Lehman collapse: Evergrande holds land, while Lehman held financial assets.
Evergrande has cash flow problems, but talk of systemic risks is ""a bit overdone, frankly,"" Rob Carnell, regional head of research for Asia-Pacific at ING, said Wednesday on CNBC's ""Squawk Box Asia.""
""Let's face it, this is not Lehman's, this is not LTCM,"" Carnell said, referring to American hedge fund Long-Term Capital Management, which failed in the 1990s. and spurred a panic. ""It's not a hedge fund with massive leveraged positions or a bank whose financial asset prices are hurtling towards zero. It's a property development firm with quite a lot of debt, you know, 300 billion plus thereabouts in dollar terms.""
He expects that if Evergrande can get some cash flow into its physical assets, the company can finish its development projects, sell them and start paying down debt.
On Wednesday, the company's real estate group announced it would pay the interest on time on a mainland-traded bond denominated in yuan.
No Lehman-style contagion story makes sense here and therefore no Lehman Moment will there be.China Beige Book
""Evergrande is facing a liquidity crunch although it owns a large land bank,"" Larry Hu, chief China economist at Macquarie, said in a report Tuesday. He noted that the developer's assets consist primarily of land and housing projects that are worth just over 1.4 trillion yuan ($220 billion).
The collapse of Lehman Brothers led to a crash in financial derivatives — credit-default swaps and collateralized-debt obligations — ""causing the market to doubt the health of other banks,"" Hu said.
""But it's quite unlikely that the Evergrande saga would cause the land price to crash,"" he said. ""After all, the value of land is simply more transparent and stable than financial instruments. It's especially so in China, where local government monopolizes the land supply.""
""As the result, [the] local government has a strong incentive to stabilize land price. In the worst-case scenario, local government could even buy back land, as they did in 2014-15,"" he added.
Strong government control
Another critical difference in Evergrande's case is the greater level of government control and involvement in China's real estate industry.
""Chinese banks and many other entities are government arms first, intermediators a distant second,"" analysts at research firm China Beige Book said in a report Monday. ""Even non-state financials can be controlled to an extent rarely seen outside China. Commercial bankruptcy is a state choice.""
""Beijing says lend, so you lend; when or even whether you get your money back is secondary,"" the report said. ""No Lehman-style contagion story makes sense here and therefore no Lehman Moment will there be.""
The legendary U.S. investment bank collapsed 13 years ago this month in an iconic moment of the global financial crisis. The bank underwrote tens of billions of dollars' worth of securities backed by risky mortgages during a U.S. housing bubble. The U.S. government ultimately allowed Lehman to fail, while bailing out other financial institutions.
In China's case, Beijing has tried to allow the market to play a greater role in the economy by letting more state-owned enterprises's loans default.
Authorities will be patient in Evergrande's case as they have two goals of preventing excessive risk-taking and maintaining stability in the property market, said Macquarie's Hu.
""Policymakers would choose to wait first, then step in later to ensure an orderly debt restructuring,"" he said. ""A wholesale bailout is not very likely and shareholders/lenders might take a big loss. But the government would make sure that the pre-sold apartments get done and delivered to homebuyers.""
Hu also pointed to the Chinese government's recent track record in restructuring giants such as Anbang Insurance, Baoshang Bank, HNA Group and China Huarong Asset Management. ""China's banking system has an annual profit of 1.9 [trillion yuan] and a provision of 5.4 [trillion yuan], which could easily absorb the loss from Evergrande,"" he said.
'China has the tools,' IMF says
In Evergrande's case, the property developer has more direct ties to foreign investors than the bulk of China's economy.
The company has about $19 billion in total offshore bonds outstanding, equivalent to about 9% of U.S. dollar-denominated Chinese bonds, according to investment bank UBS. Evergrande's total liabilities of about $313 billion is about 6.5% of the total liability of China's property sector, the report said.
The UBS analysts expect Evergrande to restructure its debt, and predict that bond prices will recover from their lows and limit contagion.
The analysts also laid out a range of possible spillover effects if Evergrande were to enter the less likely scenario of full liquidation, such as the failure of exposed banks and selling across emerging market credit.
International Monetary Fund Chief Economist Gita Gopinath told Reuters this week the organization believes ""China has the tools and the policy space to prevent this turning into a systemic crisis.""
The IMF can organize bailouts for countries or regions in financial stress.
Even though public government statements in recent months have called for preventing major financial risks, Chinese authorities' intervention is not a given.
Loading chart...
Chinese officials have so far made few major public statements about Evergrande.
At a press conference last week, a National Bureau of Statistics spokesman said the department is monitoring the difficulties of some large real estate companies and the potential impact on the economy.
China's real estate market and related industries such as construction account for more than a quarter of national GDP, according to Moody's estimates.
Bets that property prices would only rise ultimately forced many Chinese households to take out mortgages to afford homes. In the last few years, the government has tried to cool the market with measures such as restrictions on the level of debt developers can take on.",BEIJING,1140,49,36,False,CNBC,en,https://www.cnbc.com/2021/09/22/heres-why-the-evergrande-crisis-is-not-chinas-lehman-moment.html
2021-09-22 07:00:00,2021-09-22,"Investors believe it's time to get very conservative in the stock market, CNBC survey shows","Wall Street investors believe it's time to take some risk off the table as concerns continue to pile up this month, according to the new CNBC Delivering Alpha investor survey.
We polled about 400 chief investment officers, equity strategists, portfolio managers and CNBC contributors who manage money about where they stood on the markets for the rest of 2021 and next year. The survey was conducted this week.
More than three-quarters of the respondents said now is a time to be very conservative in the stock market when asked what kind of market risk they are willing to accept for themselves and their clients.
(CNBC's Delivering Alpha will take place on Sept 29. Details and registration are available at DeliveringAlpha.com)
A confluence of uncertainties has emerged in the market, threatening to derail stocks' record-setting recovery rally. On Monday, the S&P 500 suffered its worst sell-off since May as investors grew concerned about China's troubled real estate sector and the Federal Reserve's likely rollback of its massive stimulus. Meanwhile, fears of slowing economic growth amid high inflation — so-called stagflation — have also crept back nearly two years since the coronavirus pandemic began.
While holding a more cautious view on the market right now, investors still believe stocks could grind higher over the next 12 months. About half of the survey respondents said the S&P 500 will rise more than 5% over the next year. Forty-four percent said the equity benchmark will be fairly flat, while only 5% said it will fall in the next 12 months.
After this week's pullback, the S&P 500 is about 4.2% off its record high from early September. The benchmark is still up about 16% this year following eight consecutive months of gains. Many believe the market is experiencing seasonal weakness in a historically choppy month of September.
""There seems to be a change in market sentiment over the past couple of weeks that favors the bears,"" said Brian Price, head of investment management at Commonwealth Financial Network. ""After a relatively quiet summer where the path of least resistance for equities was steadily higher it seems as though market participants are looking to fade this year's rally.""
Some notable strategists are sticking to their bullish calls on the market. Widely followed Tom Lee of Fundstrat believes the stock market's Monday rout is a buying opportunity for investors. JPMorgan's quant guru Marko Kolanovic also called the sell-off overdone.
However, Morgan Stanley's Mike Wilson, one of the biggest bears on Wall Street, sees a ""destructive"" scenario where the S&P 500 suffers a 20% correction as some economic indicators have started to deteriorate.
For investors focusing on yield, the best strategy right now is private credit, according to the survey result. Only 2% of the respondents believes Treasurys could offer attractive income.
Government bonds are quickly becoming one of the most hated asset classes as their safe haven appeal dampened amid the economic recovery. Meanwhile, the Fed, which has been buying $120 billion in Treasurys and mortgage-backed securities through its quantitative easing program, may soon embark on its taper process.
Onetime bond king Bill Gross recently called Treasurys trash, saying the 10-year yield will trade around 2% for the next 12 months. Billionaire investor Leon Cooperman last week said bonds are ""totally overpriced,"" calling a big decline in prices.
Enjoyed this article?
For exclusive stock picks, investment ideas and CNBC global livestream
Start your free trial now",,590,27,16,False,CNBC,en,https://www.cnbc.com/2021/09/22/investors-believe-its-time-to-get-very-conservative-in-the-stock-market-cnbc-survey-shows.html
2021-09-22 07:00:00,2021-09-22,"Treasury Department sanctions 8 members of the notorious Sinaloa drug cartel, which was once run by 'El Chapo'","The Biden administration imposed sanctions Wednesday on eight members of the notorious Mexican Sinaloa cartel, largely recognized as the most powerful drug trafficking organization in the Western Hemisphere.
The Treasury Department designated Sergio Valenzuela Valenzuela, 52, for his role overseeing a major drug trafficking corridor where ""multi-ton quantities of illicit drugs including, methamphetamine, heroin and fentanyl"" are smuggled from Mexico into the United States.
According to Treasury, Valenzuela reports directly to the current leader of the Sinaloa cartel, Ismael Zambada Garcia, also known as ""El Mayo.""
""Treasury's action against Sergio Valenzuela Valenzuela demonstrates Office of Foreign Assets Control's (OFAC) commitment to targeting high-level Sinaloa Cartel operatives, particularly those who traffic or facilitate the delivery of synthetic opioids to the United States,"" wrote OFAC Director Andrea Gacki in a statement.
The cartel, which is based in the city of Culiacan in northwest Mexico, was once led by kingpin Joaquin ""El Chapo"" Guzman, who is serving a life sentence in U.S. federal prison for multiple crimes, including murder, kidnapping and conspiracy. Sinaloa's annual revenue was estimated to be as high as $3 billion in 2012, according to a nonpartisan research report from 2018.
Treasury on Wednesday also designated Valenzuela's right-hand man, Leonardo Pineda Armenta, and six cartel lieutenants: Gilberto Martinez Renteria, Jaime Humberto Gonzalez Higuera, Jorge Damian Roman Figueroa, Luis Alberto Carrillo Jimenez, Meliton Rochin Hurtado and Miguel Raymundo Marrufo Cabrera.
Two companies in Mexico were also designated for being owned or controlled by cartel members, Acuaindustria Narciso Mendoza, S.C. de R.L. de C.V. and Club Indios Rojos de Juarez, S.A. de C.V.
El Chapo's legacy
The Sinaloa cartel controls wide swaths of Mexico's key drug-trafficking regions, particularly its southern border and Pacific coast. It also exerts its often-ruthless power along the southwestern U.S. border with Mexico, according to authorities. The cartel is allegedly responsible for waves of murders, kidnappings and assassinations.
Guzman, who was reputed to be a billionaire, pulled off a series of Houdini-like escapes from Mexican prisons beginning in 2001 and evaded capture for more than a decade.
In 2016, Guzman was arrested and later extradited to the United States. After a three-month trial, the drug kingpin was sentenced to life in prison on numerous charges.
Earlier this year, Emma Coronel Aispuro, Guzman's wife, was arrested by federal authorities at Dulles International Airport in Virginia on drug charges. She pleaded guilty in June to helping Guzman run the cartel. She is a dual citizen of the United States and Mexico.
Coronel, 31, a former beauty queen, has twin daughters with the Sinaloa cartel boss. She faces a minimum of 10 years in prison or a maximum of life in prison.
Previous sanctions
Last week, Treasury imposed sanctions on Zulma Maria Musso Torres, the infamous woman in charge of an international drug trafficking empire based in Colombia.
Musso Torres, 58, is said to control ""strategically located maritime corridors in northern Colombia and collects a per kilogram tax from narcotics traffickers for protection and safe passage of multi-ton shipments of narcotics,"" according to a statement from Treasury.
Also known as ""La Patrona"" or ""La Senora,"" Musso Torres oversees the logistics of transporting cocaine from Colombia to the United States, Europe, the Caribbean, Central America and Mexico.
Treasury also designated her two sons, Washington Antunez Musso and Juan Carlos Reales Britto, as well as her husband, Luis Antonio Bermudez Mejia, for providing material support to her narcotics organization.",WASHINGTON,588,28,18,False,CNBC,en,https://www.cnbc.com/2021/09/22/us-sanctions-sinaloa-drug-cartel-once-run-by-el-chapo.html
2021-09-22 07:00:00,2021-09-22,Trump sues his niece Mary Trump and The New York Times over leak of his tax records,"Former President Donald Trump filed a lawsuit against his niece Mary Trump, The New York Times and three of its reporters, alleging an ""insidious plot"" to obtain and publish his tax records.
The lawsuit filed Tuesday accuses reporters Susanne Craig, David Barstow and Russell Buettner of ""relentlessly"" pursuing Mary Trump in hopes of obtaining confidential records that were exchanged as part of a Trump family legal dispute years earlier.
The journalists persuaded Mary Trump ""to smuggle the records out of her attorney's office and turn them over to The Times,"" the lawsuit claims.
The suit was filed in the trial-level New York Supreme Court in Dutchess County.
""The Times's coverage of Donald Trump's taxes helped inform citizens through meticulous reporting on a subject of overriding public interest,"" a New York Times spokeswoman said in a statement. ""This lawsuit is an attempt to silence independent news organizations and we plan to vigorously defend against it.""
Theodore Boutrous Jr., an attorney for Mary Trump, said, ""This is the latest in a long line of frivolous lawsuits by Donald Trump that target truthful speech and important journalism on issues of public concern.""
""It is doomed to failure like the rest of his baseless efforts to chill freedom of speech and of the press,"" Boutrous said.
The Daily Beast reported Mary Trump saying of her uncle and his lawsuit, ""I think he is a f------ loser.""
""It's desperation. The walls are closing in and he is throwing anything against the wall that will stick. As is always the case with Donald, he'll try and change the subject,"" she said, the Daily Beast reported.
The Times' use of anonymous sources, and the decision to communicate with Mary Trump through a ""burner phone,"" show the defendants ""knew full well that their actions were wrongful,"" the lawsuit alleges.
It seeks an award of at least $100 million, an amount Trump's lawsuit claims he sustained in damages as a result of the Times' actions.
""More to come, including on other people, and Fake News media,"" Trump said in a statement shared with CNBC through a spokeswoman.
As the complaint notes, Mary Trump revealed in her own book last year, ""Too Much and Never Enough,"" that she had provided documents to the Times, and that Craig had provided her with a burner phone.
""I hadn't fully grasped how much of a risk I was taking,"" Mary Trump wrote in the book. ""If anybody in my family found out what I was doing, there would be repercussions — I knew how vindictive they were — but there was no way to gauge how serious the consequences might be.""
The lawsuit alleges that Mary Trump's removal of confidential documents, which were part of the litigation surrounding the will of Fred C. Trump, her grandfather and Donald Trump's father, breached the terms of a settlement agreement. It accuses the Times reporters of being ""directly responsible"" for that breach.
In late 2018, the Times published a lengthy article that said Trump participated in ""dubious tax schemes during the 1990s, including instances of outright fraud, that greatly increased the fortune he received from his parents.""
The article was ""based on a vast trove of confidential tax returns and financial records,"" it said.
Craig, Barstow and Buettner were awarded a Pulitzer prize for their investigation.",,558,19,18,False,CNBC,en,https://www.cnbc.com/2021/09/22/trump-sues-mary-trump-and-new-york-times-over-leak-of-tax-records.html
2021-09-22 07:00:00,2021-09-22,Former President George W. Bush will fundraise for Liz Cheney as Trump and GOP rivals target her House seat,"Former President George W. Bush will appear as a special guest at an upcoming fundraiser for Republican Rep. Liz Cheney, whose unwavering criticism of former President Donald Trump has sparked a vicious backlash within her own party.
The fundraiser for Cheney, the daughter of Bush's vice president, Dick Cheney, will take place in Dallas on Oct. 18, multiple outlets reported. Other attendees include former Bush advisors Karl Rove and Karen Hughes, and former Texas senator and U.S. ambassador to NATO Kay Bailey Hutchison, outlets reported.
""President Bush is impressed by Liz Cheney's strength and vision, and he's proud to support her,"" Bush spokesman Freddy Ford told CNBC in an email.
""This one shouldn't come as any surprise,"" Ford added, saying Bush ""has historically helped a few key candidates and friends each cycle."" But Bush has largely stayed mum on electoral politics since leaving the White House in 2009 with overwhelmingly negative approval ratings.
Under the Trump administration, however, some polls showed Bush becoming significantly more popular.
Bush and his wife, Laura Bush, said they did not vote for either Trump or Hillary Clinton in 2016. In 2020, Bush said he wrote in the name of Condoleezza Rice, his former secretary of state.
But he spoke out after the deadly Jan. 6 invasion of the U.S. Capitol, saying it ""made me sick."" Without mentioning Trump by name, Bush lamented that the Republican Party has grown ""isolationist, protectionist and, to a certain extent, nativist.""
On the 20th anniversary of the Sept. 11 terrorist attacks, Bush said that the violent extremists in the U.S. and those abroad are ""children of the same foul spirit.""
Cheney, who represents conservative-leaning Wyoming, was one of 10 House Republicans to vote to impeach Trump for inciting the Capitol riot. That handful of Republicans has since come under fire — not just from Trump's loyalists in Congress, but also from Trump himself.
One of those 10, Rep. Anthony Gonzalez of Ohio, said last week that he will not seek reelection, calling Trump ""a cancer for the country.""
Trump responded: ""1 down, 9 to go!""
Some Trump-allied Republicans in her chamber have openly called for Cheney's removal from Congress. And earlier this month, Trump formally endorsed Harriet Hageman, a primary opponent of Cheney. His statement endorsing Hageman called Cheney a ""disloyal Republican,"" a ""RINO"" — a derisive acronym deployed against Republicans accused of behaving like Democrats — and ""the Democrats['] number one provider of sound bites.""
But Cheney remains defiant.
""Here's a sound bite for you: Bring it,"" she shot back at Trump.
Cheney was stripped of her role as the No. 3-ranking House Republican after she refused to stop sounding off on Trump for his role in the Capitol riot.
After losing the election to President Joe Biden, Trump spent weeks fomenting false election conspiracies, while he and his allies filed lawsuits aimed at overturning states' election results. At a rally outside the White House on Jan. 6, Trump repeated the false election-rigging claims to a crowd of supporters, then directed the supporters toward the Capitol to pressure Republicans not to confirm Biden's victory.
Trump was impeached in the House but was acquitted in the Senate, where 60 votes were required to convict him.
Despite the pressure from her colleagues, Cheney also continues to actively engage with the Democratic-majority House select committee investigating the Jan. 6 riot.
The panel was assembled by House Speaker Nancy Pelosi, D-Calif., after Senate Republicans voted down a bid to form an equally bipartisan, ""9/11-style"" commission.
Cheney is one of two Republicans on the panel, which currently has seven Democratic members. Chairman Bennie Thompson, D-Miss., named Cheney vice chair of the committee earlier this month. The group's other Republican, Rep. Adam Kinzinger of Illinois, has also vocally criticized Trump.",,644,36,20,False,CNBC,en,https://www.cnbc.com/2021/09/22/george-w-bush-to-fundraise-for-liz-cheney-as-trump-and-gop-rivals-target-her-seat-.html
2021-09-23 07:00:00,2021-09-23,"Evergrande stays silent on its $83 million dollar bond interest payment, leaving investors in limbo","Chinese property developer Evergrande has not said whether it will fulfil its interest payments on its U.S.-dollar bond – a key milestone investors have been keeping their eyes on.
The interest payment due Thursday amounted to $83 million. It was for a $2 billion dollar-denominated bond that's due to mature in March 2022. Dollar bonds are typically held by foreign investors.
As of Friday morning during Asia hours, the company had not made any announcement, or any filing to the Hong Kong exchange, leaving investors in limbo.
One portfolio manager with a private bank told CNBC that no interest payments for the March 2022 bond had flowed into his clients' accounts as of the end of Thursday. His clients are mostly wealthy individuals, said the portfolio manager, who has been in Asian fixed income for 15 years. He did not wish to be identified as he's not authorized to speak to the media.
Yields on this bond have skyrocketed to more than 560%, from just over 10% earlier this year, according to Refinitiv Eikon. Bond yields and prices move in opposite directions.
Even if no payment is made on Thursday, the company will not technically default unless it fails to make that payment within 30 days.
The indebted real estate firm has another coupon payment due next Wednesday – a 7-year U.S. dollar-denominated bond maturing in March 2024, according to Refinitiv Eikon data.
For the rest of the year, Evergrande has interest payments due each month in October, November and December.
The troubles of Evergrande, the world's most indebted developer with liabilities of $300 billion, have escalated in recent weeks and roiled global markets. The firm is China's second-largest developer by sales, and has a huge presence in the country, dabbling in a wide range of industries.
Evergrande has warned it may default on its debt. Investors are watching the developments closely, amid fears of contagion that could spread to other markets.
Chinese authorities have reportedly told local officials to prepare for Evergrande's potential demise, according to The Wall Street Journal.
Loading chart...
Analysts had largely expected the beleaguered property giant to miss its coupon payment on Thursday. S&P Global said earlier this week a default was ""likely.""
Market sentiment was somewhat soothed when Evergrande assured investors on Wednesday that it would fulfil its interest payment on a mainland-traded, yuan-denominated bond also due Thursday.
Evergrande's chairman also told company executives in a late-night meeting on Wednesday to ensure properties were delivered to home owners, and to help retail investors redeem their wealth management products, according to Reuters.
But analysts have said the firm may prioritize domestic investors, who are the main holders of onshore bonds – over foreign investors, who mostly hold the offshore debt.
The government would be keen to quell social unrest, after protests by angry homebuyers and investors broke out in recent weeks in some cities. Last week, around 100 investors turned up at Evergrande's headquarters in Shenzhen, demanding repayment of loans on overdue financial products, according to Reuters.
But Bank of Communications International's Managing Director Hao Hong said China still needs an offshore dollar bond market.
""I think the dollar bond that is due ... should be paid in full because China still [needs] a offshore, functioning offshore U.S.-dollars bond market for its corporates to raise low interest U.S. dollar debt,"" he told CNBC's ""Squawk Box Asia"" on Friday.",,582,30,19,False,CNBC,en,https://www.cnbc.com/2021/09/24/evergrande-debt-crisis-83-million-interest-payment-on-dollar-bond-.html
2021-09-23 07:00:00,2021-09-23,"Here's what will happen when the Fed's 'tapering' starts, and why you should care","The Federal Reserve will likely start to tiptoe into the unknown before the end of the year.
Central bank officials indicated Wednesday that they're ready to begin ""tapering"" — the process of slowly pulling back the stimulus they've provided during the pandemic.
While the Fed has gone into policy retreat before, it has never had to pull back from such a dramatically accommodative position. For most of the past year and a half, it has been buying at least $120 billion of bonds each month, providing unprecedented support to financial markets and the economy that it now will start to walk back.
The bond purchases have added more than $4 trillion to the Fed's balance sheet, which now stands at $8.5 trillion, about $7 trillion of which is the assets bought up through the Fed's quantitative easing programs, according to the central bank's data. The purchases have helped keep interest rates low, provided support to markets that malfunctioned badly at the start of the pandemic crisis, and coincided with a powerful run for the stock market.
In light of the role the program has played, Fed Chairman Jerome Powell assured the public Wednesday that ""policy will remain accommodative until we have reached"" the central bank's goals on employment and inflation.
Markets thus far have taken the news well, but the real test is ahead. Tapering represents a teeing up of future rate hikes, though they appear to be at least a year in the distance.
""It's certainly been communicated well, so I don't think that should be a shock to anybody or cause a disruption to the market,"" Charles Schwab head of fixed income Kathy Jones said. ""The question really is more around asset prices than [interest] rates. We have very high valuations across the board in asset prices. What does this shift away from very easy money do to asset prices?""
The answer so far has been ... nothing. The market rallied Wednesday afternoon despite what amounted to a preannouncement for Fed tapering, and roared higher again Thursday.
How things go the rest of the way likely depends on how the Fed stage manages its exit from its money-printing operations.
How it works
Here's what tapering could look like:
Powell said the official tapering decision could happen at the November meeting, and the process would commence shortly thereafter. He added that he sees tapering being finished ""sometime around the middle of next year."" That timeline, then, offers a view into how the actual reductions will go down.
If the taper indeed begins in December, reducing the purchases by $15 billion a month would get the process down to zero in eight months, or July.
Jones said she would expect the Fed to cut Treasurys by $10 billion a month and mortgage-backed securities by $5 billion. There have been some calls from within the Fed to be more aggressive with mortgages considering the inflated state of housing prices, but that seems unlikely.
Powell's general tone during this post-meeting news conference surprised Jones. The chairman repeatedly said he is satisfied with the progress made toward full employment and price stability. With inflation running well above the Fed's comfort zone, Powell said ""that part of the test is achieved, in my view, and in the view of many others.""
""The tone was perhaps a little bit more hawkish than the market expected when it comes to tapering,"" Schwab's Jones said. ""That comment that the Fed will finish by the middle of next year, it was like, 'OK, we had better get a move on here if we're going to do that.'""
Jones said that Powell's comments and the Fed's tapering intentions reflected a high level of confidence that the economy continues to recover from the pandemic-induced recession, which was both the shortest and steepest in U.S. history.
""The Fed is telling us that it collectively expects growth and inflation to be pretty strong over the next year, and they're ready to withdraw the easy policy,"" she added.
A view to a rate hike
What happens after the taper is what's really important.
The summary of individual members' rate forecasts — the vaunted ""dot plot"" — indicated a slightly more aggressive posture. The 18 members of the policymaking Federal Open Market Committee are about split on whether to enact the first quarter-point hike next year.
Officials see as many as three more hikes in 2023 and in 2024, bringing the Fed's benchmark borrowing rate to a range between 1.75% and 2%, from its current 0 to 0.25%. Powell stressed the Fed will move carefully before raising rates and likely will wait until tapering is complete, but the market will be watching for more hawkish indications.
""The next Fed meeting could be really interesting. It should give us a lot more volatility than we're seeing now,"" said John Farawell, head trader with bond underwriter Roosevelt & Cross. ""They did sound more hawkish. It's going to be data-driven and going to be about how Covid plays out.""
For investors, it will be a new world in which the Fed is still providing support but not as much as before. While the mechanics sound simple things could get complicated if inflation continues to run above the Fed's expectations.
FOMC members upped their 2021 core inflation estimate to 3.7%, increasing it from the 3% projection in June. But there's plenty of reason to believe that there's considerable upside to that forecast.
For instance, in recent days economic bellwether companies including General Mills and Federal Express have indicated that prices are likely to rise. Natural gas is up more than 80% this year and will mean substantially higher energy costs heading into the winter months.
UBS forecasts that economic conditions and the tapering news will start putting upward pressure on yields, driving the benchmark 10-year Treasury to 1.8% by the end of 2021. That's about 40 basis points from its current level but ""should not have a significant adverse effect on borrowing costs for companies or individuals,"" UBS said in a note for clients.
Yields move opposite prices, meaning that investors will be selling bonds in anticipation of higher rates and less Fed support.
Analysts at UBS say investors should keep in mind that the Fed is moving forward because it is getting more confident in the economy, and still will be providing support.
""While higher bond yields lower the relative attractiveness of equities, a gradual rise in bond yields should be more than offset by the positive impact from rising earnings as economies return to normal,"" the firm said. ""Tapering should thus be seen as the gradual withdrawal of an emergency support measure as conditions normalize.""
Become a smarter investor with CNBC Pro.
Get stock picks, analyst calls, exclusive interviews and access to CNBC TV.
Sign up to start a free trial today.",,1168,49,33,False,CNBC,en,https://www.cnbc.com/2021/09/23/heres-what-will-happen-when-the-feds-tapering-starts-and-why-you-should-care.html
2021-09-23 07:00:00,2021-09-23,Dollar slumps as risk appetite rebounds,"The dollar fell across the board on Thursday as improved risk sentiment in global financial markets wiped out its gains in the previous session after the U.S. Federal Reserve flagged plans to dial back its stimulus this year.
Investors' risk appetite improved after Beijing injected fresh cash into its financial system ahead of an $83.5 million bond coupon by embattled property giant Evergrande, at risk of becoming one of the world's largest-ever corporate defaults.
Worries about Evergrande's payment obligations and what systemic risks to China's financial system the property giant's difficulties pose have weighed on global financial risk sentiment in recent sessions.
""Commodity currencies are broadly higher while havens are weaker, leaving the USD trading generally lower after a firm close following the FOMC (Federal Open Market Committee),"" Shaun Osborne, chief currency strategist at Scotiabank, said in a note.
The U.S. Dollar Currency Index, which measures the greenback against a basket of six rivals, was 0.5% lower at 93.037. The index, which had risen 0.25% on Wednesday, was on pace for its biggest daily percentage drop in a month but remains close to the near 10-month high touched in late August.
The offshore Chinese yuan strengthened versus the greenback at 6.4599 per dollar.
The dollar found little support from data that showed the number of Americans filing new claims for jobless benefits unexpectedly rose last week amid a surge in California.
Thursday's improved mood boosted risk-sensitive commodity currencies, with the Australian dollar rising 0.9% and the New Zealand dollar up 1.0%.
The improved risk-appetite was reflected in Wall Street's major equity indexes, with the S&P 500 on track for a gain of more than 1% and its largest two-day percentage gain since late July.
On Wednesday, the Federal Reserve said it will likely begin reducing its monthly bond purchases as soon as November and signaled interest rate increases may follow more quickly than expected.
While positive for the dollar, the boost from the Fed's announcement was undercut by hawkish messages from several central banks in Europe, and as Norway became the first developed nation to raise rates.
Norway's crown jumped to a 3-1/2 month high versus the euro on Thursday after the central bank raised its benchmark interest rate and said more hikes will follow in the coming months.
Sterling extended its rise on Thursday after the Bank of England said two of its policymakers had voted for an early end to pandemic-era government bond buying and markets brought forward their expectations for an interest rate rise to March.
In emerging markets, the Turkish lira plummeted to a record low after a surprise interest rate cut of 100 basis points to 18% that came despite inflation hitting 19.25% last month
Meanwhile, bitcoin extended its recovery from a sharp fall earlier this week, rising 2.42% to a 3-day high of $44,642.78.",,501,17,15,False,CNBC,en,https://www.cnbc.com/2021/09/23/forex-markets-dollar-euro-federal-reserve.html
2021-09-23 07:00:00,2021-09-23,"China is too large to ignore, but here’s why it differs from most other investments","Tread carefully in the China trade, says one top exchange-traded fund provider.
Asia markets bounced back Thursday after a week of selling spurred by debt issues at Evergrande, one of China's largest property developers.
Evergrande's problems shouldn't render China a no-touch zone for investors, said DWS Group's Arne Noack, one of the brains behind the Xtrackers Harvest CSI 300 China A-Shares ETF (ASHR).
""China is very much investable. However, we would definitely caution that China should not be looked at as a market like the U.S. or, let's say, most of Western Europe,"" the firm's head of systematic investment solutions for the Americas told CNBC's ""ETF Edge"" on Monday.
""China obviously as an economy is subject to much more stringent and severe regulation. The regulatory risk on individual sectors and individual companies is significantly heightened,"" Noack said.
As such, investors must take care to understand how their China-based ETFs are positioned within its market, he said.
China's stock market has three main components: the mainland, Hong Kong and U.S.-listed Chinese companies.
ASHR, Noack's ETF, holds the 300 largest Chinese mainland stocks, leaning heavily toward financials, information technology and consumer staples, and away from energy, communications and real estate.
But exposure varies across the ETF space:
- The iShares China Large-Cap ETF (FXI) is made up of 50 Hong Kong-listed names
- IShares' MSCI China ETF (MCHI) offers a broader mix of mainland, Hong Kong and U.S.-listed stocks
- KraneShares' popular CSI China Internet ETF (KWEB) holds both Hong Kong and U.S.-listed names
- The SPDR S&P China ETF (GXC) buys ex-mainland China stocks
Furthermore, broader international funds all tend to have different allocations to the Chinese market:
- IShares' MSCI Emerging Markets ETF (EEM) has a 33% China weighting
- Vanguard's International Growth Fund allocates 14%
- Vanguard's Total International Fund allocates 10%
- iShares' MSCI ACWI ETF (ACWI) allocates 4%
""China is most definitely too large and too important for the world economy to be ignored,"" Noack said. ""However, the current circumstances warrant and very much show us that it's a good time to have another look at what drives China and what drives the different China allocations that may ... already be in existence through various other vehicles.""
These discrepancies highlight why active management is so useful when it comes to China, Adviser Investment Management Chairman Daniel Wiener said in the same interview, adding he was ""glad to have exposure"" to its market.
""An active manager can pick and choose and build a portfolio based on their research as opposed to whoever it is that constructs these various indexes. That is why we've been advising our clients forever to use active funds,"" said Wiener, who is also editor of The Independent Adviser for Vanguard Investors, a monthly newsletter.
""If you want to make a weighted bet on one country, whether it's China, France, Italy — Turkey was very popular last year — you can do it with ETFs, but you have to be very, very cautious,"" he said. ""It's really a trading vehicle. It is not an investment.""",,529,19,22,False,CNBC,en,https://www.cnbc.com/2021/09/23/stock-market-today-the-differences-between-several-top-china-etfs.html
2021-09-23 07:00:00,2021-09-23,Joseph Terranova DA,"Joseph Terranova is the chief market strategist for Virtus Investment Partners, a position he was elevated to in 2009, after having started with the firm as chief alternatives strategist. In his current role, Mr. Terranova is involved with Virtus' investment oversight function and represents Virtus as a client-facing thought leader, providing insight into the domestic and global investing landscape.
Mr. Terranova developed the Terranova US Quality Momentum Index (VTUSQM) which launched and began publicly pricing in August 2020. The index methodology, which seeks to provide systematic exposure to domestic large-cap companies exhibiting both quality and momentum characteristics, reflects the investing principles he has utilized to assess markets throughout his career.
Prior to joining Virtus in 2008, Mr. Terranova spent 18 years at MBF Clearing Corp., rising to the position of director of trading for the company and its subsidiaries. In this capacity, he managed more than 300 traders and support staff for MBF, one of the New York Mercantile Exchange's largest firms. His work was highlighted as the feature story in the June 2004 issue of Futures magazine.
Mr. Terranova is perhaps best known for his risk management skills, honed while overseeing MBF's proprietary trading operations during some of the most calamitous times for the U.S. markets, including the first Gulf War, the 1998 Asian Crisis, 9/11, and the collapse of Amaranth Advisors. In 2003, he was one of the first Wall Street professionals to make an early call for higher energy, natural resources, and commodity prices. In June 2008, he cautioned investors to move to the sidelines in commodities and, in March 2009, he encouraged investors to ignore the global ""embracement of pessimism"" and overweight equities. Before joining MBF, Mr. Terranova held positions at both Swiss Banking Corp. and JP Morgan Securities.
Since 2008, Mr. Terranova has been a CNBC ensemble member, appearing regularly on the Halftime Report, Squawk Box, and as a contributor of financial content across CNBC's media and digital platforms. He is the author of ""Buy High, Sell Higher"" (Business Plus, 2012), based on his years as a professional trader.
Mr. Terranova is strongly committed to charitable causes benefiting children. He founded and funds the 501(c) South Nassau Rock organization, which provides specialized athletic experiences for children, and works with Nassau County to sponsor the improvement of baseball and outdoor ice rink facilities. In 2007, he established ""Bossy's Bunch,"" a program that rewards academic excellence among elementary school students, with New York Islanders Hall of Fame hockey player Mike Bossy. In 2013, he expanded his charity work with the Islanders, creating and sponsoring the ""Courier of Courage"" program, which acknowledges children who have overcome hardships, disabilities, or illness. He is also a supporter of the Islanders Children's Foundation and Smile Train.
Mr. Terranova earned a bachelor's degree in finance from the Peter J. Tobin College of Business at St. John's University in New York.
Meet the 2021 speakers of Delivering Alpha, which will take place on September 29, 2021.
Joe Terranova
Scott Mlyn | CNBC",,510,33,10,False,CNBC,en,https://www.cnbc.com/joseph-terranova-da/
2021-09-23 07:00:00,2021-09-23,Have a large amount of cash to invest? Here's how deploying it all at once compares with doing so over time,"If you have a big wad of cash to invest, you may wonder whether you should put all of it to work immediately or spread out over time.
Regardless of what the markets are doing, you're more likely to end up with a higher balance down the road by making a lump-sum investment instead of deploying the money at set intervals (known as dollar-cost averaging), a study from Northwestern Mutual Wealth Management shows.
That outperformance holds true regardless of the mix of stocks and bonds you invest in.
More from Personal Finance:
Before quitting your job, do these four things
Here are tips for reining in impulse spending
How to avoid buying a flood-damaged car
""If you look at the probability that you'll end up with a higher cumulative value, the study shows it's overwhelmingly when you use a lump-sum investment [approach] versus dollar-cost averaging,"" said Matt Stucky, senior portfolio manager of equities at Northwestern Mutual Wealth Management.
The study looked at rolling 10-year returns on $1 million starting in 1950, comparing results between an immediate lump-sum investment and dollar-cost averaging (which, in the study, assumes that $1 million is invested evenly over 12 months and then held for the remaining nine years).
Assuming a 100% stock portfolio, the return on lump-sum investing outperformed dollar-cost averaging 75% of the time, the study shows. For a portfolio composed of 60% stocks and 40% bonds, the outperformance rate was 80%. And a 100% fixed income portfolio outperformed dollar-cost averaging 90% of the time.
The average outperformance of lump-sum investing for the all-equity portfolio was 15.23%. For a 60-40 allocation, it was 10.68%, and for 100% fixed income, 4.3%.
Even when markets are hitting new highs, the data suggests that a better outcome down the road still means putting your money to work all at once, Stucky said. And, compared with investing the lump sum, choosing dollar-cost averaging instead can resemble market timing no matter how the markets are performing.
""There are a lot of other periods in history when the market has felt high,"" Stucky said. ""But market-timing is a very challenging strategy to implement successfully, whether by retail investors or professional investors.""
However, he said, dollar-cost averaging is not a bad strategy — generally speaking, 401(k) plan account holders are doing just that through their paycheck contributions throughout the year.
Additionally, before putting all your money in, say, stocks, all at once, you may want to be familiar with your risk tolerance. That's basically a combination of how well you can sleep at night during periods of market volatility and how long until you need the money. Your portfolio construction — i.e., its mix of stocks and bonds — should reflect that risk tolerance, regardless of when you put your money to work.
""From our perspective, we're looking at 10-year time horizons in the study ... and market volatility during that time is going to be a constant, especially with a 100% equity portfolio,"" Stucky said. ""It's better if we have expectations going into a strategy than afterwards discover our risk tolerance is very different.""",,539,20,16,False,CNBC,en,https://www.cnbc.com/2021/09/23/how-investing-a-lump-sum-compares-with-spreading-it-out-over-time.html
2021-09-23 07:00:00,2021-09-23,Biden's EPA orders a slash in climate-warming chemicals used in air-conditioning and refrigeration,"The Environmental Protection Agency is sharply curbing the use and production of hydrofluorocarbons, the climate-warming chemicals widely used in air-conditioning and refrigeration.
The move is the Biden administration's first major regulatory action to reduce domestic greenhouse gas emissions. It's also the first time the federal government has set national standards on hydrofluorocarbons, or HFCs, which are thousands of times more potent than carbon dioxide at heating up the planet. The EPA said the rule could avoid up to 0.5 degrees Celsius of global warming by the end of the century.
The agency will begin regulating the chemicals next year, and will force industry to curb production and imports by 85% over the next 15 years, officials said during a virtual press briefing on Wednesday. The EPA proposed the rule in March and will finalize it on Thursday.
The agency's rule is expected to reduce the equivalent of 4.7 billion metric tons of carbon dioxide by mid-century, or roughly three years' worth of emissions from the country's power sector at 2019 levels, according to estimates from the EPA.
Such a reduction would help the Biden administration's pledge to curb U.S. emissions by in half by 2030 and reach a net-zero economy by 2050. The president issued an executive order in January that requested Congress to ratify the 2016 Kigali Amendment to the 1987 Montreal Protocol, which aims for the phase-down of HFCs.
White House climate adviser Gina McCarthy on Wednesday called the agency's rule a victory for combatting climate change and securing U.S. jobs.
""As we move in this direction, we are also opening up a huge opportunity for American industries,"" McCarthy said during the briefing. ""Reducing HFCs is a huge climate success story.""
Emissions from HFCs rose between 2018 and 2019, according to the EPA, as demand for air-conditioning and refrigeration soared during historic high temperatures in the U.S.
Some U.S. manufacturers have already moved to more climate-friendly refrigerants, and some major chemical companies have supported the EPA's proposal to phase down HFCs, including The Air-Conditioning, Heating, and Refrigeration Institute, a trade group that represents manufacturers of heating and cooling equipment.
EPA Administrator Michael Regan said the new limits will help the country transition to more energy-efficient cooling technologies while creating new jobs.
""This action reaffirms what President Biden always says: When he thinks about climate, he thinks about jobs,"" Regan said during the briefing. ""His administration knows that what's good for the environment is good for the economy.""",,432,19,11,False,CNBC,en,https://www.cnbc.com/2021/09/23/bidens-epa-orders-slash-in-climate-warming-hydrofluorocarbons-hfcs.html
2021-09-23 07:00:00,2021-09-23,"Norway hikes rates, becoming the first central bank in the developed world to do so","The Norges Bank on Thursday become the first major Western central bank to raise interest rates following the onset of the coronavirus pandemic.
After cutting rates three times in 2020 due the economic fallout from the crisis, Norway's central bank unanimously decided to raise rates to 0.25% from zero.
""A normalising economy now suggests that it is appropriate to begin a gradual normalisation of the policy rate,"" said Governor Oystein Olsen in a statement Thursday.
The bank said that another hike is likely in December.
Norway's currency rallied to its highest levels since June against the euro, and gained 0.7% against the U.S. dollar.
The rate hike comes as many central banks consider similar moves amid solid growth and surging inflation. In the United States, Federal Reserve officials reiterated Wednesday that a tapering of bond buying is coming ""soon."" The European Central Bank recently slowed its bond buying, but an actual rate move is expected to be still some way off for both banks.
""The reopening of society has led to a marked upswing in the Norwegian economy, and activity is now higher than its pre-pandemic level. Unemployment has fallen further, and capacity utilisation appears to be close to a normal level,"" the bank added in the statement.",,214,10,7,False,CNBC,en,https://www.cnbc.com/2021/09/23/norway-becomes-the-first-central-bank-to-hike-rates-post-covid.html
2021-09-23 07:00:00,2021-09-23,Chip shortage expected to cost auto industry $210 billion in revenue in 2021,"With no end in sight, the semiconductor chip shortage is now expected to cost the global automotive industry $210 billion in revenue in 2021, according to consulting firm AlixPartners.
The forecast is almost double it previous projection of $110 billion in May. The New York-based firm released an initial forecast of $60.6 billion in late January when the parts problem started causing automakers to cut production at plants.
""Of course, everyone had hoped that the chip crisis would have abated more by now, but unfortunate events such as the COVID-19 lockdowns in Malaysia and continued problems elsewhere have exacerbated things,"" said Mark Wakefield, global co-leader of the automotive and industrial practice at AlixPartners, in a statement.
AlixPartners is now forecasting that 7.7 million units of production will be lost in 2021, up from 3.9 million in its May forecast.
The biggest hit to production occurred in the second quarter, according to Dan Hearsch, a managing director in the automotive and industrial practice at AlixPartners.
""The second quarter of this year is still the worst of chip shortage so far in terms of lost vehicles,"" he said in an email to CNBC. ""But what's changed is that the auto industry globally simply hasn't recovered as quickly as we thought when we did our forecast back in May due to unforeseen things since then like the rise of the delta variant and the Covid breakouts in Malaysia and other Southeast Asian countries.""
Automakers across the globe, including Ford Motor and General Motors, had warned of massive earnings cuts this year due to the chip shortage. But some, if not much, of those losses have been offset by resilient consumer demand and higher profits from record vehicle prices.
AlixPartners expects the parts problem to continue into at least the second quarter of next year, according to Hearsch. He said it will ""probably be a bit longer"" until vehicle inventory levels noticeably improve, citing other supply issues with labor, transportation and other materials.",,337,11,8,False,CNBC,en,https://www.cnbc.com/2021/09/23/chip-shortage-expected-to-cost-auto-industry-210-billion-in-2021.html
2021-09-23 11:51:52,2021-09-23,Here's how much a house could cost in 2030 — and how to start saving for it,"Over the last few years, rising home prices have disillusioned many aspiring homebuyers. According to a report by Realtor.com, the cost of financing a home increased by almost $630 a month between 2022 and 2023.
If homes are that expensive now, how much will they cost in the future?
According to a 2020 report from RenoFi, a single-family home in the U.S. could reach $382,000 by 2030. Depending on where you live, that's small potatoes: The median home sale price in New York City in November 2025 was $551,000, according to Redfin. In Albany, however, it was just $305,000.
RenoFi's forecasts that homes in San Francisco will average $2,61 million in 2030, the highest in the U.S. (Of course, a home's value doesn't always equal the price it sells for.) Here are the top 10 metropolitan markets in RenoFi's report.
The projected value of U.S. homes in 2030
What is driving up home values?
Don't Quit Your Day Job, a website providing investment resources, used housing price index data from Yale economist Robert Shiller and the Federal Housing Finance Agency to find the median value of existing homes in the U.S.
- In September 1996, the median price was $112,230.80 ($213,963.97, adjusted for inflation)
- In September 2006, the median price was $215,734.57 ($319,869.82, adjusted for inflation)
- In September 2016, the median price was $224,817.22 ($280,141.54, adjusted for inflation)
- In September 2021, the median price was $343,122.34 ($376,307.55, adjusted for inflation)
- In September 2022, the median price was $381,471.31 ($386,653.42, adjusted for inflation)
Experts predict this number will keep rising.
""These are hefty price increases,"" Realtor chief economist Danielle Hale told CNBC Select in 2021. ""We see this because sellers ask for one price, buyers make an offer, and the home usually sells for another price. [In 2021], we saw the sale price come in above the asking price in many places.""
This was at a time of super-low interest rates and increased demand. But even during normal times, home prices continue to increase — as we can see by looking at home prices from 1996 to 2006 to 2016 and from 2021 to 2022.
Supply and demand and interest rates certainly affect home prices, but according to Hale, an increase in wages can also be a contributing factor.
""In a normal economy, we see home prices increase roughly on par with wage increases, because the majority of homebuyers are using wage income to buy their homes,"" she explains. ""Even though incomes are rising, home prices are rising even faster.""
According to data from the Social Security Administration, the average U.S. wage increased from $24,859.17 in 1996 to $51,916.27 in 2019. Thanks to inflation and rising costs of living, though, a dollar doesn't go as far as it used to.
Don't miss: Best mortgage lenders for first-time buyers
How to prepare for higher home prices
Though looking at future home values can make homebuying feel like a pipe dream, aspiring homeowners should take steps toward purchasing the house they want.
""The key is for young people to start saving as soon as they can,"" Hale says. ""The earlier you start, the more money you may accumulate and the bigger your potential down payment will be. Be consistent about it.""
If you don't plan to buy a home for another five to ten years, consider investing the money you're saving for a down payment so that it's more likely to grow faster than inflation.
Index funds are a low-cost way to invest and some funds, like those tied to the S&P 500, have a history of yielding an average return of 10% annually. (Past returns do not guarantee future performance, of course.) You can open an account with a brokerage like Fidelity or Charles Schwab.
Fidelity Investments
- Minimum deposit and balanceMinimum deposit and balance requirements may vary depending on the investment vehicle selected. No minimum to open a Fidelity Go® account, but minimum $10 balance according to the investment strategy chosen
- FeesFees may vary depending on the investment vehicle selected. Zero commission fees for stock, ETF, options trades and some mutual funds; zero transaction fees for over 3,400 mutual funds; $0.65 per options contract. Fidelity Go® has no advisory fees for balances under $25,000 (0.35% per year for balances of $25,000 and over and this includes access to unlimited 1-on-1 coaching calls from a Fidelity advisor)
- BonusFind special offers here
- Investment vehiclesRobo-advisor: Fidelity Go® IRA: Traditional, Roth and Rollover IRAs Brokerage and trading: Fidelity Investments Trading Other: Fidelity Investments 529 College Savings; Fidelity HSA®
- Investment optionsStocks, bonds, ETFs, mutual funds, CDs, options and fractional shares
- Educational resourcesExtensive tools and industry-leading, in-depth research from 20-plus independent providers
Terms apply.
Charles Schwab
- Minimum deposit and balanceMinimum deposit and balance requirements may vary depending on the investment vehicle selected. No account minimum for active investing through Schwab One® Brokerage Account. Automated investing through Schwab Intelligent Portfolios® requires a $5,000 minimum deposit
- FeesFees may vary depending on the investment vehicle selected. Schwab One® Brokerage Account has no account fees, $0 commission fees for stock and ETF trades, $0 transaction fees for over 4,000 mutual funds and a $0.65 fee per options contract
- Investment vehiclesRobo-advisor: Schwab Intelligent Portfolios® and Schwab Intelligent Portfolios PremiumTM IRA: Charles Schwab Traditional, Roth, Rollover, Inherited and Custodial IRAs; plus, a Personal Choice Retirement Account® (PCRA) Brokerage and trading: Schwab One® Brokerage Account, Brokerage Account + Specialized Platforms and Support for Trading, Schwab Global AccountTM, Schwab Organization Account and Schwab Trading Powered by AmeritradeTM
- Investment optionsStocks, bonds, mutual funds, CDs and ETFs
- Educational resourcesExtensive retirement planning tools
Terms apply.
If you want something a little more hands-off, consider robo-advisors like Wealthfront and Betterment, which automatically invest and rebalance your money based on preferences like risk tolerance and when you want to make withdrawals, so you're not taking on too much risk.
Wealthfront
- Minimum deposit and balanceMinimum deposit and balance requirements may vary depending on the investment vehicle selected. $500 minimum deposit for investment accounts
- FeesFees may vary depending on the investment vehicle selected. Zero account, transfer, trading or commission fees (fund ratios may apply). Wealthfront annual management advisory fee is 0.25% of your account balance
- BonusNone
- Investment vehicles
- Investment optionsStocks, bonds, ETFs and cash. Additional asset classes to your portfolio include real estate, natural resources and dividend stocks
- Educational resourcesOffers free financial planning for college planning, retirement and homebuying
Terms apply.
Betterment
- Minimum deposit and balanceMinimum deposit and balance requirements may vary depending on the investment vehicle selected. For example, Betterment doesn't require clients to maintain a minimum investment account balance, but there is a ACH deposit minimum of $10. Premium Investing requires a $100,000 minimum balance.
- FeesFees may vary depending on the investment vehicle selected, account balances, etc. Click here for details.
- Investment vehiclesRobo-advisor: Betterment Digital Investing IRA: Betterment Traditional, Roth and SEP IRAs 401(k): Betterment 401(k) for employers
- Investment optionsStocks, bonds, ETFs and cash
- Educational resourcesBetterment offers retirement and other education materials
Terms apply. Does not apply to crypto asset portfolios.
Only invest the money you're saving for a down payment if you have longer time horizon. If you're looking to buy a house sooner, you'd be better off with a high-yield savings account (HYSA), like the LendingClub High-Yield Savings or the UFB Preferred Savings account. 
That way, you're guaranteed to earn a return and avoid the volatility of the market.
Happen Bank LevelUp Savings
- Annual Percentage Yield (APY)4.00% (with monthly deposits of $250 or more), or 3.00%
- Minimum balanceNone
- Monthly feeNone
- Maximum transactionsNone
- Excessive transactions feeNone
- Overdraft feesN/A
- Offer checking account?Yes
- Offer ATM card?Yes
Terms apply.
You can use RenoFi's projections to estimate how much you'll need to buy a home in your desired state or city in the next 10 years. You can do rough calculations to determine the down payment and how much you need to put away each month.
If you want to buy a $400,000 home in about seven years, here's how it would break down:
- If you're saving for a 10% down payment ($40,000) and you're putting the money into a high-yield savings account with a 5% APY, you need to save roughly $401 a month.
- If you're saving for a 20% down payment ($80,000) and you're putting the money into a high-yield savings account with a 5% APY, you need to save roughly $801 a month.
- If you're saving for a 10% down payment ($40,000) and you're putting the money in an investment account with an estimated 10% year-over-year return, you need to save roughly $337 a month.
- If you're saving for a 20% down payment ($80,000) and you're putting the money in an investment account with an estimated 10% year-over-year return, you need to save roughly $673 a month.
Remember, you can begin slowly and ramp up as you earn more. You can also add any extra cash that comes your way, such as tax refunds, inheritances and year-end bonuses.
Why trust CNBC Select?
At CNBC Select, our mission is to provide our readers with high-quality service journalism and comprehensive consumer advice to help them make informed financial decisions. Every mortgage article is based on rigorous reporting by our team of expert writers and editors with extensive knowledge of mortgage products. While CNBC Select earns a commission from affiliate partners on many offers and links, we create all our content without input from our commercial team or any outside third parties, and we pride ourselves on our journalistic standards and ethics.
Catch up on CNBC Select's in-depth coverage of credit cards, banking and money, and follow us on TikTok, Facebook, Instagram and Twitter to stay up to date.",,1704,66,77,True,CNBC,en,https://www.cnbc.com/select/how-much-will-a-home-in-the-us-cost-by-2030/
2023-04-09 23:22:57,2023-04-09,"Leon Cooperman remains a cautious bull, and his favorite bet is a contrarian play.","VIEW IN BROWSER | SUBSCRIBE
PRO PLAYBOOK
THU, SEP 09, 2021
Leon Cooperman remains a cautious bull, and his favorite bet is a contrarian play.
Billionaire investor Leon Cooperman said the stock market is not susceptible to an imminent correction, and investors can still find plenty of bargains.
“The cyclical conditions are not ripe for a big decline,” he told CNBC. “I’m finding a lot of things to do in the market which is encouraging. ... By and large most companies are not overvalued.”
The chairman and CEO of the Omega Family Office believes steep sell-offs are unlikely to occur coming out of a recession amid easy monetary policy and massive fiscal stimulus.
Cooperman revealed that his largest position is energy. He pointed out his top picks in the sector, including Canadian companies Tourmaline Oil and Paramount Resources as well as Devon Energy and Energy Transfer.
“My biggest position is a very contrarian view,” said Cooperman. “I came into the year with overweight energy and even more overweight now. I look at the natural gas situation. Storage levels are way below historical norms, and the price of natural gas has moved up quite dramatically.”
Elsewhere on Thursday, GameStop staged an impressive comeback from its post-earnings sell-off as retail investors bought the dip. But Wall Street analysts are still left frustrated by the company's lack of guidance.
Investors should sell their GameStop shares after the brick-and-mortar video game retailer shared little about the company’s turnaround plan, Loop Capital’s Anthony Chukumba said.
Baird analyst Colin Sebastian, who does not have a rating on the stock, said that the lack of clarity around the company’s revenue plans is a concern but that the rough plan may be coming into view with its new warehouse facilities.
STOCKS WE ARE WATCHING
Data as of Thursday, September 9, 2021 • 3:00 ET
M
Cowen upgraded Macy's stock to outperform from market perform, saying the department store's push into digital and smart management has created upside for the stock. The firm raised its price target on Macy’s to $27 per share, more than 20% higher from its current level.
BLDE
JPMorgan initiated coverage of Blade Air Mobility with an overweight rating, saying the company has the potential to become the Uber of the skies. JPMorgan set a price target of $16 per share for Blade, which is 82% above where the stock closed on Wednesday.
ASK HALFTIME
We’re bringing Ask Halftime to CNBC Pro. The ""Halftime Report"" traders will now take investment-related questions directly from subscribers and provide picks and insights just for you.
Submit your question directly to the Halftime team here.
TOP NEWS",,451,23,22,False,link.cnbc.com,en,https://link.cnbc.com/public/24997745
