date,usd_idr,target,target_ret,ret_1,ret_lag1,ret_lag2,ret_lag3,ret_lag4,ret_5,ret_20,vol_5,vol_20,z_20,gap_days,jumlah_berita
2021-09-29,14307,1,0.000978063512368621,0.002659576035759059,0.0007711992530019529,0.000561245980776448,-0.0004209640137933235,0.0004911419148019291,0.004062199170546066,0.0016088982519963935,0.001129294989130345,0.0018841469182231051,2.3797889873305085,1.0,14
2021-09-30,14321,0,-0.00041905294648714175,0.000978063512368621,0.002659576035759059,0.0007711992530019529,0.000561245980776448,-0.0004209640137933235,0.004549120768112758,0.0027970090257696256,0.0011155726120823813,0.0018932141378937976,2.4725393742878876,1.0,4
2021-10-01,14315,0,-0.0027281329221651163,-0.00041905294648714175,0.000978063512368621,0.002659576035759059,0.0007711992530019529,0.000561245980776448,0.004551031835418939,0.0037793997954498337,0.0011150028566711638,0.0018636334965908352,1.917456269172204,1.0,7
2021-10-04,14276,0,-0.0011213906417637531,-0.0027281329221651163,-0.00041905294648714175,0.000978063512368621,0.002659576035759059,0.0007711992530019529,0.001261652932477375,0.0025951268290569374,0.001995285831691569,0.001938883713545723,0.5484210070574063,3.0,10
2021-10-05,14260,0,-0.001052447036277826,-0.0011213906417637531,-0.0027281329221651163,-0.00041905294648714175,0.000978063512368621,0.002659576035759059,-0.000630936962288331,0.004568625061216025,0.0020509856300404963,0.0018122162686575406,-0.11553581285268007,1.0,5
2021-10-06,14245,0,-0.0004915212681915193,-0.001052447036277826,-0.0011213906417637531,-0.0027281329221651163,-0.00041905294648714175,0.000978063512368621,-0.004342960034325216,-0.0014731159059735432,0.0013386396276485006,0.0014427337417549822,-0.6542467244425989,1.0,6
2021-10-07,14238,0,-0.0009134666692869331,-0.0004915212681915193,-0.001052447036277826,-0.0011213906417637531,-0.0027281329221651163,-0.00041905294648714175,-0.0058125448148853565,-0.002385129155973331,0.0009311194956395918,0.0014407047519178675,-0.8458107938003031,1.0,8
2021-10-08,14225,0,-0.0010550379033844592,-0.0009134666692869331,-0.0004915212681915193,-0.001052447036277826,-0.0011213906417637531,-0.0027281329221651163,-0.006306958537685148,0.0,0.0008556197009146839,0.0012497389717727203,-1.3411054027824463,1.0,8
2021-10-11,14210,1,0.0004924895445519439,-0.0010550379033844592,-0.0009134666692869331,-0.0004915212681915193,-0.001052447036277826,-0.0011213906417637531,-0.004633863518904491,-0.0035124728771407376,0.00025482494177334937,0.0011269975831358773,-1.6709012865483786,3.0,13
2021-10-12,14217,1,0.0002813137369983565,0.0004924895445519439,-0.0010550379033844592,-0.0009134666692869331,-0.0004915212681915193,-0.001052447036277826,-0.0030199833325887937,-0.0028095825182621326,0.000654837831146151,0.0011367731462252446,-1.291503853728125,1.0,14
2021-10-13,14221,0,-0.004651826826696848,0.0002813137369983565,0.0004924895445519439,-0.0010550379033844592,-0.0009134666692869331,-0.0004915212681915193,-0.0016862225593126112,-0.0021775023530299364,0.0006968022597499681,0.001139402491994903,-1.0710117041438678,1.0,12
2021-10-14,14155,0,-0.005028517271057353,-0.004651826826696848,0.0002813137369983565,0.0004924895445519439,-0.0010550379033844592,-0.0009134666692869331,-0.00584652811781794,-0.00584652811781794,0.0020659334647249845,0.0015194891611822734,-2.5003645643474797,1.0,8
2021-10-15,14084,1,0.000851667901018871,-0.005028517271057353,-0.004651826826696848,0.0002813137369983565,0.0004924895445519439,-0.0010550379033844592,-0.00996157871958836,-0.010523810795682209,0.0026699090340909686,0.001852484590210505,-2.985531322650349,1.0,9
2021-10-18,14096,0,-0.001135718463928015,0.000851667901018871,-0.005028517271057353,-0.004651826826696848,0.0002813137369983565,0.0004924895445519439,-0.00805487291518503,-0.010936010497250237,0.002957883737517634,0.0018337188885532865,-2.2272546055772957,3.0,15
2021-10-19,14080,1,0.0037571376561178482,-0.001135718463928015,0.000851667901018871,-0.005028517271057353,-0.004651826826696848,0.0002813137369983565,-0.009683080923664988,-0.011580414685635532,0.0027507907771042173,0.0018383481867626091,-2.0589519971289127,1.0,10
2021-10-21,14133,1,0.002049832843567856,0.0037571376561178482,-0.001135718463928015,0.000851667901018871,-0.005028517271057353,-0.004651826826696848,-0.006207257004545497,-0.008174240427637258,0.0037199041948938133,0.0020719715376781188,-1.1872558434852563,2.0,23
2021-10-22,14162,1,0.001481743082887732,0.002049832843567856,0.0037571376561178482,-0.001135718463928015,0.000851667901018871,-0.005028517271057353,0.0004944026657192069,-0.0066155494988713315,0.003375284871039374,0.0021359268280630563,-0.7253802820038127,1.0,8
2021-10-25,14183,0,-0.0012699310299897348,0.001481743082887732,0.002049832843567856,0.0037571376561178482,-0.001135718463928015,0.000851667901018871,0.007004663019664292,-0.004712842402190276,0.0017829466099967934,0.0021737375928393113,-0.39941787701536213,3.0,17
2021-10-26,14165,1,0.001340435489426639,-0.0012699310299897348,0.001481743082887732,0.002049832843567856,0.0037571376561178482,-0.001135718463928015,0.004883064088655686,-0.006544019412956459,0.00215911896897368,0.0021769683140776507,-0.5792020643255236,1.0,7
2021-10-27,14184,1,0.0010569708203131967,0.001340435489426639,-0.0012699310299897348,0.001481743082887732,0.002049832843567856,0.0037571376561178482,0.00735921804201034,-0.005974783176531773,0.0018090974753692064,0.0021957249922049667,-0.27129215241509025,1.0,9
2021-10-28,14199,0,-0.0019739167494865484,0.0010569708203131967,0.001340435489426639,-0.0012699310299897348,0.001481743082887732,0.002049832843567856,0.004659051206205689,-0.007577388391977635,0.0012828391422041725,0.0021096377859427446,0.0079683744849532,1.0,10
2021-10-29,14171,1,0.004506097887267302,-0.0019739167494865484,0.0010569708203131967,0.001340435489426639,-0.0012699310299897348,0.001481743082887732,0.0006353016131512845,-0.010529368653832805,0.001623104102244633,0.0021129682265162266,-0.31726052670780114,1.0,6
2021-11-01,14235,1,0.0018248180246285273,0.004506097887267302,-0.0019739167494865484,0.0010569708203131967,0.001340435489426639,-0.0012699310299897348,0.0036596564175308544,-0.005604217820078361,0.00255192711112123,0.0023944056502432846,0.8455205260153428,3.0,9
2021-11-02,14261,1,0.002800926136169224,0.0018248180246285273,0.004506097887267302,-0.0019739167494865484,0.0010569708203131967,0.001340435489426639,0.0067544054721491165,-0.0010512668732847175,0.0023087216314670728,0.002365683903443605,1.343411166313391,1.0,12
2021-11-03,14301,1,0.0018164040204364795,0.002800926136169224,0.0018248180246285273,0.004506097887267302,-0.0019739167494865484,0.0010569708203131967,0.008214896118891701,0.0028710499046482596,0.00239774358580002,0.0024340082629953808,1.9050817255661814,1.0,5
2021-11-04,14327,1,0.003275150135015892,0.0018164040204364795,0.002800926136169224,0.0018248180246285273,0.004506097887267302,-0.0019739167494865484,0.008974329319014984,0.005739900961362565,0.002375290496289601,0.0024443278086751477,2.0465592074539107,1.0,8
2021-11-05,14374,0,-0.007401751549606317,0.003275150135015892,0.0018164040204364795,0.002800926136169224,0.0018248180246285273,0.004506097887267302,0.014223396203517424,0.009506572364569976,0.0011230536800199578,0.002524966104879041,2.274988220587996,1.0,6
2021-11-08,14268,0,-0.002456055408156743,-0.007401751549606317,0.003275150135015892,0.0018164040204364795,0.002800926136169224,0.0018248180246285273,0.0023155467666438057,0.0030182874842505925,0.004441696034512999,0.0030706451436862503,0.8528507504094751,3.0,12
2021-11-09,14233,1,0.001404198784406674,-0.002456055408156743,-0.007401751549606317,0.003275150135015892,0.0018164040204364795,0.002800926136169224,-0.001965326666141465,0.0016172699794783085,0.004525393672978474,0.0031152612327594643,0.38911514819042586,1.0,10
2021-11-10,14253,1,0.002452613261249681,0.001404198784406674,-0.002456055408156743,-0.007401751549606317,0.003275150135015892,0.0018164040204364795,-0.003362054017904015,0.0025289792193330385,0.004317266465156401,0.0031282449931628277,0.6149743278952813,1.0,8
2021-11-11,14288,0,-0.0031544661816944597,0.002452613261249681,0.001404198784406674,-0.002456055408156743,-0.007401751549606317,0.003275150135015892,-0.0027258447770908134,0.004700278743584363,0.004417176209484925,0.0031712835536848887,0.9876696429490737,1.0,18
2021-11-12,14243,0,-0.0026011473768310367,-0.0031544661816944597,0.002452613261249681,0.001404198784406674,-0.002456055408156743,-0.007401751549606317,-0.009155461093801165,0.006197639388586751,0.003936730354267839,0.0030657617458091785,0.3837254880161218,1.0,7
2021-11-15,14206,1,0.0003519020341062884,-0.0026011473768310367,-0.0031544661816944597,0.002452613261249681,0.001404198784406674,-0.002456055408156743,-0.004354856921025885,0.008625009282813068,0.0025953305671075205,0.002886082627597323,-0.16130556475375327,3.0,13
2021-11-16,14211,1,0.0033719736902568798,0.0003519020341062884,-0.0026011473768310367,-0.0031544661816944597,0.002452613261249681,0.001404198784406674,-0.0015468994787628532,0.008125243415900485,0.0024672335745204985,0.0028844140405497798,-0.18527828864793097,1.0,8
2021-11-17,14259,0,-0.00196560259845846,0.0033719736902568798,0.0003519020341062884,-0.0026011473768310367,-0.0031544661816944597,0.002452613261249681,0.0004208754270873527,0.01263293557008538,0.0029236343290959953,0.0029332828644985567,0.43062367520042866,1.0,6
2021-11-18,14231,1,0.0004215259300845986,-0.00196560259845846,0.0033719736902568798,0.0003519020341062884,-0.0026011473768310367,-0.0031544661816944597,-0.003997340432620788,0.006910195315509071,0.0026869366221152027,0.00289116933363317,-0.11933063949926728,1.0,6
2021-11-19,14237,1,0.0012635127330273832,0.0004215259300845986,-0.00196560259845846,0.0033719736902568798,0.0003519020341062884,-0.0026011473768310367,-0.00042134832084173013,0.005281888402025814,0.0023593314778074764,0.0028634432192967316,-0.0835608923830354,1.0,9
2021-11-22,14255,1,0.0011918534730188668,0.0012635127330273832,0.0004215259300845986,-0.00196560259845846,0.0033719736902568798,0.0003519020341062884,0.0034433117890166898,0.005063658052165465,0.001920970100329463,0.002858971307513638,0.19320350010010567,3.0,20
2021-11-23,14272,0,0.0,0.0011918534730188668,0.0012635127330273832,0.0004215259300845986,-0.00196560259845846,0.0033719736902568798,0.004283263227929268,0.007525442555174067,0.0019208848614836464,0.002842893531964782,0.4481467907395811,1.0,14
2021-11-24,14272,1,0.0005603810737841997,0.0,0.0011918534730188668,0.0012635127330273832,0.0004215259300845986,-0.00196560259845846,0.0009112895376723884,0.006185007065747428,0.0013126468573245028,0.0028347557251926364,0.3757625741513949,1.0,11
2021-11-25,14280,0,0.0,0.0005603810737841997,0.0,0.0011918534730188668,0.0012635127330273832,0.0004215259300845986,0.0034372732099150483,0.005688417319218431,0.0005351917323115956,0.002830032648890024,0.47926017844193314,1.0,1
2021-11-26,14280,1,0.0041928782600351155,0.0,0.0005603810737841997,0.0,0.0011918534730188668,0.0012635127330273832,0.0030157472798304497,0.007662334068704979,0.0006148291926145117,0.0027811262406181314,0.4009083419063431,1.0,9
2021-11-29,14340,0,-0.001395673638974415,0.0041928782600351155,0.0,0.0005603810737841997,0.0,0.0011918534730188668,0.005945112806838182,0.007349114441472793,0.0017497068679689961,0.002757468367027692,1.6788103730065338,3.0,7
2021-11-30,14320,1,0.0023018180567433433,-0.001395673638974415,0.0041928782600351155,0.0,0.0005603810737841997,0.0,0.0033575856948449,0.00412862277786985,0.0020968716948238215,0.00276191339133164,1.0949388687105501,1.0,11
2021-12-01,14353,1,0.0017402809724380575,0.0023018180567433433,-0.001395673638974415,0.0041928782600351155,0.0,0.0005603810737841997,0.005659403751588243,0.0036295146984439697,0.00216418322696521,0.002739399978904177,1.6710631738611734,1.0,9
2021-12-02,14378,1,0.0020843473119747102,0.0017402809724380575,0.0023018180567433433,-0.001395673638974415,0.0041928782600351155,0.0,0.006839303650242101,0.0035533916504455476,0.0021505733163124114,0.0027370607186868626,1.974942834221713,1.0,9
2021-12-03,14408,1,0.0022877752707728405,0.0020843473119747102,0.0017402809724380575,0.0023018180567433433,-0.001395673638974415,0.0041928782600351155,0.008923650962216811,0.002362588827404366,0.002017007167638754,0.002678458509945991,2.354928018494426,1.0,7
2021-12-06,14441,0,-0.0022877752707728405,0.0022877752707728405,0.0020843473119747102,0.0017402809724380575,0.0023018180567433433,-0.001395673638974415,0.007018547972954536,0.012052115647783523,0.0015812388665751005,0.002049044272812796,2.3402565856313147,3.0,28
2021-12-07,14408,0,-0.0041730482036186345,-0.0022877752707728405,0.0022877752707728405,0.0020843473119747102,0.0017402809724380575,0.0023018180567433433,0.006126446341156111,0.012220395785167426,0.001976904801148902,0.0020361282227575397,1.607044496260015,1.0,13
2021-12-08,14348,1,0.0002090665187584051,-0.0041730482036186345,-0.0022877752707728405,0.0022877752707728405,0.0020843473119747102,0.0017402809724380575,-0.0003484199192058668,0.006643148797142118,0.002967783894625351,0.0022881092412104396,0.6707469269926862,1.0,12
2021-12-09,14351,1,0.0018796343728855192,0.0002090665187584051,-0.0041730482036186345,-0.0022877752707728405,0.0022877752707728405,0.0020843473119747102,-0.0018796343728855192,0.004399602054650842,0.0028090821516956214,0.002233012804069541,0.6611332870578625,1.0,11
2021-12-10,14378,0,-0.002228102857438685,0.0018796343728855192,0.0002090665187584051,-0.0041730482036186345,-0.0022877752707728405,0.0022877752707728405,-0.0020843473119747102,0.00943370260923082,0.002765411186896781,0.0021131298018504815,0.9465970899643988,1.0,11
2021-12-13,14346,1,0.00013940196579476094,-0.002228102857438685,0.0018796343728855192,0.0002090665187584051,-0.0041730482036186345,-0.0022877752707728405,-0.006600225440186236,0.009806747128623172,0.0023704866776335753,0.0020860518119539197,0.41718295238576475,3.0,14
2021-12-14,14348,0,-0.0007669514059056581,0.00013940196579476094,-0.002228102857438685,0.0018796343728855192,0.0002090665187584051,-0.0041730482036186345,-0.0041730482036186345,0.009594247060311645,0.002371290496974809,0.0020873347974586193,0.37069067104122616,1.0,10
2021-12-15,14337,1,0.00041841004794562764,-0.0007669514059056581,0.00013940196579476094,-0.002228102857438685,0.0018796343728855192,0.0002090665187584051,-0.0007669514059056581,0.005455321964149107,0.0015025961702673893,0.001988318840447288,0.13218474788931284,1.0,3
2021-12-16,14343,0,0.0,0.00041841004794562764,-0.0007669514059056581,0.00013940196579476094,-0.002228102857438685,0.0018796343728855192,-0.0005576078767184356,0.007839334610553195,0.0015180577019281456,0.0019172563502272285,0.1507033724267064,1.0,10
2021-12-17,14343,1,0.0028544594171879822,0.0,0.00041841004794562764,-0.0007669514059056581,0.00013940196579476094,-0.002228102857438685,-0.0024372422496039547,0.007417808680468596,0.0010676055828330857,0.0019192301952293466,0.05938192890458594,1.0,3
2021-12-20,14384,0,-0.0024362243629951763,0.0028544594171879822,0.0,0.00041841004794562764,-0.0007669514059056581,0.00013940196579476094,0.0026453200250227127,0.009008755364629195,0.001372143331864959,0.001989845683797024,0.8096679780678023,3.0,11
2021-12-21,14349,0,-0.005941372805429168,-0.0024362243629951763,0.0028544594171879822,0.0,0.00041841004794562764,-0.0007669514059056581,6.969369623277544e-05,0.005380677528615152,0.0019264888850060887,0.002081942471455203,-0.0314916130218485,1.0,7
2021-12-22,14264,0,-0.0009118008697655,-0.005941372805429168,-0.0024362243629951763,0.0028544594171879822,0.0,0.00041841004794562764,-0.0051047277032907346,-0.0005606952768140161,0.003329656758120526,0.00250354465572841,-1.9682616045910424,1.0,4
2021-12-23,14251,0,-0.002247981276838118,-0.0009118008697655,-0.005941372805429168,-0.0024362243629951763,0.0028544594171879822,0.0,-0.006434938621001862,-0.0020328772203637158,0.003237774403012451,0.0025069736879517685,-2.096665746585302,1.0,12
2021-12-24,14219,1,0.0004218815981573698,-0.002247981276838118,-0.0009118008697655,-0.005941372805429168,-0.0024362243629951763,0.0028544594171879822,-0.00868291989783998,-0.004280858497201834,0.0031697483962049907,0.002552163026951045,-2.394660556568722,1.0,2
2021-12-27,14225,1,0.0008432296192140143,0.0004218815981573698,-0.002247981276838118,-0.0009118008697655,-0.005941372805429168,-0.0024362243629951763,-0.011115497716870593,-0.00805185515907958,0.0023762905331196943,0.0023399236501768783,-1.9344804282221721,3.0,10
2021-12-28,14237,1,0.0019647750338549486,0.0008432296192140143,0.0004218815981573698,-0.002247981276838118,-0.0009118008697655,-0.005941372805429168,-0.007836043734661402,-0.00581295190089115,0.0027291489264737604,0.002343466173873677,-1.5519867358406814,1.0,5
2021-12-29,14265,1,0.0002803672829756465,0.0019647750338549486,0.0008432296192140143,0.0004218815981573698,-0.002247981276838118,-0.0009118008697655,7.010410462271466e-05,-0.006149994923779545,0.0016304277764797046,0.0023249811955436553,-1.013775166908243,1.0,5
2021-12-30,14269,1,0.0006305391318299769,0.0002803672829756465,0.0019647750338549486,0.0008432296192140143,0.0004218815981573698,-0.002247981276838118,0.0012622722573638612,-0.007609908613241956,0.001546182443251696,0.0022797833231109894,-0.8632406081056103,1.0,4
2021-12-31,14278,0,-0.0005604595915240651,0.0006305391318299769,0.0002803672829756465,0.0019647750338549486,0.0008432296192140143,0.0004218815981573698,0.004140792666031956,-0.009063716793386689,0.0006701331652669092,0.0022194343902013003,-0.6487577191326828,1.0,6
2022-01-03,14270,1,0.0027991620796150585,-0.0005604595915240651,0.0006305391318299769,0.0002803672829756465,0.0019647750338549486,0.0008432296192140143,0.003158451476350521,-0.011911951655683595,0.0009174031750749969,0.002123612971392913,-0.7073405928072476,3.0,12
2022-01-04,14310,1,0.0038360988628927117,0.0027991620796150585,-0.0005604595915240651,0.0006305391318299769,0.0002803672829756465,0.0019647750338549486,0.005114383936751565,-0.006825014305295696,0.0013467149879407947,0.0022130235360425157,0.08062588128831172,1.0,16
2022-01-05,14365,1,0.0021556977855325954,0.0038360988628927117,0.0027991620796150585,-0.0005604595915240651,0.0006305391318299769,0.0002803672829756465,0.0069857077657893285,0.0011841327612156505,0.0018426367384744586,0.002207788199226257,1.0903659287310765,1.0,9
2022-01-06,14396,0,-0.00250382659670656,0.0021556977855325954,0.0038360988628927117,0.0027991620796150585,-0.0005604595915240651,0.0006305391318299769,0.008861038268346277,0.0031307640279898408,0.0017468607906951671,0.0022571010098349086,1.5453878004818893,1.0,9
2022-01-07,14360,0,-0.002579926822349421,-0.00250382659670656,0.0021556977855325954,0.0038360988628927117,0.0027991620796150585,-0.0005604595915240651,0.005726672539809741,-0.0012526969416022382,0.0026087498289820775,0.0022935072928248275,0.9401038957935748,1.0,4
2022-01-10,14323,0,-0.0016770320470183009,-0.002579926822349421,-0.00250382659670656,0.0021556977855325954,0.0038360988628927117,0.0027991620796150585,0.003707205308984385,-0.001604520906512974,0.0030567340238746863,0.002312263148864371,0.29578263532074506,3.0,11
2022-01-11,14299,1,0.00020978287549411334,-0.0016770320470183009,-0.002579926822349421,-0.00250382659670656,0.0021556977855325954,0.0038360988628927117,-0.0007689888176489745,-0.003420954919326036,0.002957280219639432,0.002338704520387697,-0.09922233601938933,1.0,9
2022-01-12,14302,1,0.0006290847025347546,0.00020978287549411334,-0.0016770320470183009,-0.002579926822349421,-0.00250382659670656,0.0021556977855325954,-0.004395304805047573,-0.0024442206379262643,0.0020350004578209182,0.00233580221920306,-0.011242476714570505,1.0,9
2022-01-13,14311,0,-6.987876037989338e-05,0.0006290847025347546,0.00020978287549411334,-0.0016770320470183009,-0.002579926822349421,-0.00250382659670656,-0.005921917888045414,-0.0022335459833371374,0.0015135670322984458,0.0023388416282148754,0.19023069949653842,1.0,6
2022-01-14,14310,1,0.0009080432293693264,-6.987876037989338e-05,0.0006290847025347546,0.00020978287549411334,-0.0016770320470183009,-0.002579926822349421,-0.0034879700517187473,-0.0023034247437170308,0.0013674713285872805,0.002338718207437382,0.2060333779736493,1.0,4
2022-01-17,14323,1,0.0001396258030741393,0.0009080432293693264,-6.987876037989338e-05,0.0006290847025347546,0.00020978287549411334,-0.0016770320470183009,0.0,-0.004249840931535687,0.0010101507872708807,0.0022473527004542855,0.5549950225506163,3.0,11
2022-01-18,14325,1,0.0031364374901308167,0.0001396258030741393,0.0009080432293693264,-6.987876037989338e-05,0.0006290847025347546,0.00020978287549411334,0.0018166578500924402,-0.001673990765466371,0.0003964303789422323,0.0021861831724383734,0.6360126346265179,1.0,9
2022-01-19,14370,0,-0.0011140510830536243,0.0031364374901308167,0.0001396258030741393,0.0009080432293693264,-6.987876037989338e-05,0.0006290847025347546,0.004743312464729144,0.007403819530093614,0.0012827807662740126,0.0018172442235782225,1.4133956058429424,1.0,14
2022-01-20,14354,0,-0.0004877878916271783,-0.0011140510830536243,0.0031364374901308167,0.0001396258030741393,0.0009080432293693264,-6.987876037989338e-05,0.0030001766791407647,0.0072015693168054895,0.0015911520069103106,0.0018252985470942008,0.9849403943000843,1.0,9
2022-01-21,14347,0,-0.0013949922050180419,-0.0004877878916271783,-0.0011140510830536243,0.0031364374901308167,0.0001396258030741393,0.0009080432293693264,0.00258226754789348,0.00896176270201643,0.0016451978380939444,0.001733031548829638,0.7698581305175497,1.0,3
2022-01-24,14327,1,0.0021614092430564114,-0.0013949922050180419,-0.0004877878916271783,-0.0011140510830536243,0.0031364374901308167,0.0001396258030741393,0.00027923211350611155,0.0071448888988410175,0.0018211391678474027,0.0017814213052955788,0.24425593623370143,3.0,16
2022-01-25,14358,0,-0.0008361204500495489,0.0021614092430564114,-0.0013949922050180419,-0.0004877878916271783,-0.0011140510830536243,0.0031364374901308167,0.0023010155534883836,0.008463068522683415,0.0020539623672867547,0.0018242190055699002,0.9422511976112766,1.0,6
2022-01-26,14346,1,0.0027148392992693005,-0.0008361204500495489,0.0021614092430564114,-0.0013949922050180419,-0.0004877878916271783,-0.0011140510830536243,-0.001671542386691982,0.005662173038778917,0.001435011030253018,0.0018070715968052555,0.5431227438992487,1.0,6
2022-01-27,14385,0,-0.0002781060992678164,0.0027148392992693005,-0.0008361204500495489,0.0021614092430564114,-0.0013949922050180419,-0.0004877878916271783,0.0021573479956309427,0.008096645055072571,0.0018704444624370968,0.001887097759018799,1.5234459247567684,1.0,10
2022-01-28,14381,1,0.0007646057439885112,-0.0002781060992678164,0.0027148392992693005,-0.0008361204500495489,0.0021614092430564114,-0.0013949922050180419,0.0023670297879903046,0.007187999823974778,0.001846883861730493,0.0018923085383145,1.2923155471823944,1.0,12
2022-01-31,14392,0,-0.003131635531978816,0.0007646057439885112,-0.0002781060992678164,0.0027148392992693005,-0.0008361204500495489,0.0021614092430564114,0.004526627736996858,0.008513065159487354,0.0015252076052244584,0.001881573538325098,1.5334680557308447,3.0,17
2022-02-02,14347,1,0.0023670297879903046,-0.003131635531978816,0.0007646057439885112,-0.0002781060992678164,0.0027148392992693005,-0.0008361204500495489,-0.0007664170380383695,0.00258226754789348,0.002145989099689897,0.0019537831320639585,0.03154610864201497,2.0,23
2022-02-03,14381,0,-0.00034774142298488186,0.0023670297879903046,-0.003131635531978816,0.0007646057439885112,-0.0002781060992678164,0.0027148392992693005,0.002436733200001484,0.0011131984729910727,0.0023587472708958774,0.001830828433270948,1.1070358617962608,1.0,9
2022-02-04,14376,1,0.0019457963053710614,-0.00034774142298488186,0.0023670297879903046,-0.003131635531978816,0.0007646057439885112,-0.0002781060992678164,-0.0006258475222526982,-0.0013902407355264046,0.002007144933830978,0.0017640553685214972,1.0232785748786304,1.0,4
2022-02-07,14404,0,-0.0013199487831183632,0.0019457963053710614,-0.00034774142298488186,0.0023670297879903046,-0.003131635531978816,0.0007646057439885112,0.0015980548823861795,0.0030593821665512166,0.002201754104342573,0.001720947698824333,1.7429390196930103,3.0,12
2022-02-08,14385,0,-0.0013216933509010431,-0.0013199487831183632,0.0019457963053710614,-0.00034774142298488186,0.0023670297879903046,-0.003131635531978816,-0.00048649964472069485,0.004319360205782274,0.002291939511136467,0.0016366356436902413,1.0400935052934328,1.0,11
2022-02-09,14366,0,-0.0015325673497788017,-0.0013216933509010431,-0.0013199487831183632,0.0019457963053710614,-0.00034774142298488186,0.0023670297879903046,0.0013234425363570779,0.004674698901899532,0.00177825163088302,0.0016168127896547676,0.3800034480622034,1.0,2
2022-02-10,14344,1,0.001045187009408366,-0.0015325673497788017,-0.0013216933509010431,-0.0013199487831183632,0.0019457963053710614,-0.00034774142298488186,-0.0025761546014120285,0.002932348676626617,0.0014506579230352391,0.0016644115321527177,-0.45350247403883737,1.0,7
2022-02-11,14359,0,-0.0014635678815597686,0.001045187009408366,-0.0015325673497788017,-0.0013216933509010431,-0.0013199487831183632,0.0019457963053710614,-0.0011832261690187806,0.0033484509835002285,0.0016152735912765065,0.0016733364839082404,0.0,1.0,5
2022-02-14,14338,0,-0.003213415269517128,-0.0014635678815597686,0.001045187009408366,-0.0015325673497788017,-0.0013216933509010431,-0.0013199487831183632,-0.004592590355949611,0.0019547618623203533,0.0011015863990782545,0.0017123044519086377,-0.9538257508604437,3.0,16
2022-02-15,14292,0,-0.0009800490808942186,-0.003213415269517128,-0.0014635678815597686,0.001045187009408366,-0.0015325673497788017,-0.0013216933509010431,-0.0064860568423483755,-0.002166696636566101,0.001520060347973429,0.0018519629039372308,-2.488575227466178,1.0,8
2022-02-16,14278,1,0.0016095738105299517,-0.0009800490808942186,-0.003213415269517128,-0.0014635678815597686,0.001045187009408366,-0.0015325673497788017,-0.006144412572341551,-0.003286371520534459,0.0015263504048608103,0.001860974320602639,-2.4829761061781004,1.0,14
2022-02-17,14301,1,0.002653632842104514,0.0016095738105299517,-0.0009800490808942186,-0.003213415269517128,-0.0014635678815597686,0.001045187009408366,-0.0030022714120327976,-0.004813235200135324,0.0019563347009866963,0.0017462202937669987,-1.5419101091328147,1.0,12
2022-02-18,14339,0,-0.0006976419984372484,0.002653632842104514,0.0016095738105299517,-0.0009800490808942186,-0.003213415269517128,-0.0014635678815597686,-0.0013938255793366494,-0.0010455512749771856,0.002380782959573266,0.0018473420621774959,-0.39231951331256926,1.0,8
2022-02-21,14329,1,0.0023003739536608947,-0.0006976419984372484,0.002653632842104514,0.0016095738105299517,-0.0009800490808942186,-0.003213415269517128,-0.0006278996962141292,-0.0012554053817872557,0.0023090518486951197,0.0018505391144727553,-0.653331781194804,3.0,7
2022-02-22,14362,0,-0.000487516115098785,0.0023003739536608947,-0.0006976419984372484,0.002653632842104514,0.0016095738105299517,-0.0009800490808942186,0.0048858895269638936,0.002439960776891681,0.0017027208156306102,0.0018944830436141823,0.2613280182920717,1.0,11
2022-02-23,14355,1,0.0011139735190823785,-0.000487516115098785,0.0023003739536608947,-0.0006976419984372484,0.002653632842104514,0.0016095738105299517,0.005378422492759327,-0.00020896458126351547,0.001570279119875006,0.0018360960187974082,0.0590850464952064,1.0,5
2022-02-24,14371,0,-0.00013917884504088818,0.0011139735190823785,-0.000487516115098785,0.0023003739536608947,-0.0006976419984372484,0.002653632842104514,0.004882822201311754,0.001741129387868412,0.001543568137395776,0.0018417121545110657,0.4920900648031324,1.0,19
2022-02-25,14369,0,-0.0013231660414394497,-0.00013917884504088818,0.0011139735190823785,-0.000487516115098785,0.0023003739536608947,-0.0006976419984372484,0.0020900105141663516,-0.0011128887564417766,0.001265185323322685,0.0017348568631917396,0.4647221087742691,1.0,13
2022-03-01,14350,1,0.0016015043634656223,-0.0013231660414394497,-0.00013917884504088818,0.0011139735190823785,-0.000487516115098785,0.0023003739536608947,0.0014644864711641503,-0.00215794869861341,0.001424036892926246,0.0017575005082007666,-0.05787470001019122,4.0,39
2022-03-02,14373,1,0.0006955070526561968,0.0016015043634656223,-0.0013231660414394497,-0.00013917884504088818,0.0011139735190823785,-0.000487516115098785,0.0007656168809688779,-0.001321050079136299,0.0011933493277680454,0.0017890474595270755,0.6918963801930798,1.0,18
2022-03-04,14383,1,0.0019448502344729945,0.0006955070526561968,0.0016015043634656223,-0.0013231660414394497,-0.00013917884504088818,0.0011139735190823785,0.0019486400487238598,0.0025060925054987138,0.001151106294390105,0.0016425741683932236,0.9267374144051634,2.0,0
2022-03-07,14411,0,-0.0011803507706122929,0.0019448502344729945,0.0006955070526561968,0.0016015043634656223,-0.0013231660414394497,-0.00013917884504088818,0.002779516764114476,0.0020839129519814037,0.0013281552202915126,0.001614725833251274,1.6384559732933166,3.0,27
2022-03-08,14394,0,-0.001599165993502183,-0.0011803507706122929,0.0019448502344729945,0.0006955070526561968,0.0016015043634656223,-0.0013231660414394497,0.001738344838543071,0.0012513036043539927,0.0015305731345144305,0.0016375623938823347,1.0957444811542478,1.0,17
2022-03-09,14371,0,-0.00509261974745101,-0.001599165993502183,-0.0011803507706122929,0.0019448502344729945,0.0006955070526561968,0.0016015043634656223,0.0014623448864803379,-0.0022936586945192516,0.0016088705684485177,0.001614686777858653,0.5178870148297099,1.0,16
2022-03-10,14298,1,0.0005593623415336424,-0.00509261974745101,-0.001599165993502183,-0.0011803507706122929,0.0019448502344729945,0.0006955070526561968,-0.005231779224436295,-0.006066329658851899,0.002677555108338687,0.0019487187593413087,-1.4573782736550707,1.0,14
2022-03-11,14306,1,0.0015366350722185729,0.0005593623415336424,-0.00509261974745101,-0.001599165993502183,-0.0011803507706122929,0.0019448502344729945,-0.005367923935558849,-0.004185273966417213,0.002656018773307777,0.001942364213777018,-1.1112561645724282,1.0,9
2022-03-14,14328,0,-0.0004886732618452072,0.0015366350722185729,0.0005593623415336424,-0.00509261974745101,-0.001599165993502183,-0.0011803507706122929,-0.005776139097813271,-0.0011160715444198388,0.0025439493267077674,0.001953523481031944,-0.477214442921137,3.0,19
2022-03-15,14321,0,-0.0006985191678268166,-0.0004886732618452072,0.0015366350722185729,0.0005593623415336424,-0.00509261974745101,-0.001599165993502183,-0.005084461589046185,-0.002649931815673412,0.0025609906758882013,0.0019380726366453242,-0.6134203953944771,1.0,10
2022-03-16,14311,0,-0.0014684803869631224,-0.0006985191678268166,-0.0004886732618452072,0.0015366350722185729,0.0005593623415336424,-0.00509261974745101,-0.004183814763370819,-0.00188488310194046,0.002541396213513851,0.0019178627242629504,-0.8337598174312557,1.0,13
2022-03-17,14290,1,0.003492843229697229,-0.0014684803869631224,-0.0006985191678268166,-0.0004886732618452072,0.0015366350722185729,0.0005593623415336424,-0.0005596754028829309,-0.0001399482193864543,0.00117203364867855,0.0018048590562547637,-1.3887147037925303,1.0,11
2022-03-18,14340,1,6.973257560183299e-05,0.003492843229697229,-0.0014684803869631224,-0.0006985191678268166,-0.0004886732618452072,0.0015366350722185729,0.0023738054852806556,0.004332944091204993,0.0020197385912280527,0.001949284952874584,-0.14867976594281973,1.0,8
2022-03-21,14341,1,0.0011847104072160164,6.973257560183299e-05,0.003492843229697229,-0.0014684803869631224,-0.0006985191678268166,-0.0004886732618452072,0.0009069029886639157,0.0027931028562768745,0.0019315464714013226,0.0019215852631795363,-0.18640085726196004,3.0,6
2022-03-22,14358,0,-0.0004876519654963829,0.0011847104072160164,6.973257560183299e-05,0.003492843229697229,-0.0014684803869631224,-0.0006985191678268166,0.0025802866577251393,0.0013241804213883768,0.0019313947703549462,0.0018470670709453854,0.3037850250179242,1.0,8
2022-03-23,14351,1,0.0006965728896872747,-0.0004876519654963829,0.0011847104072160164,6.973257560183299e-05,0.003492843229697229,-0.0014684803869631224,0.002791153860055573,0.0015341704543292423,0.0019002951297466275,0.0018430890452913423,0.05701434451461973,1.0,13
2022-03-24,14361,0,-0.0013936313314069082,0.0006965728896872747,-0.0004876519654963829,0.0011847104072160164,6.973257560183299e-05,0.003492843229697229,0.00495620713670597,-6.963060964437773e-05,0.0015344848974509747,0.0017748758643117133,0.3669679988328341,1.0,13
2022-03-25,14341,1,0.0013239958730029144,-0.0013936313314069082,0.0006965728896872747,-0.0004876519654963829,0.0011847104072160164,6.973257560183299e-05,6.973257560183299e-05,-0.0009757458259525009,0.0010090410512740252,0.0017992787603466,-0.22807875658040416,1.0,5
2022-03-28,14360,1,0.00027851274375834123,0.0013239958730029144,-0.0013936313314069082,0.0006965728896872747,-0.0004876519654963829,0.0011847104072160164,0.0013239958730029144,-0.000765723472031965,0.0011695231212258811,0.0018070183719659603,0.37811127297412567,3.0,15
2022-03-29,14364,0,-0.0010448229975672518,0.00027851274375834123,0.0013239958730029144,-0.0013936313314069082,0.0006965728896872747,-0.0004876519654963829,0.0004177982095452393,-0.0003480318832327356,0.0010560362055066432,0.0018082042770828023,0.5128322255213779,1.0,6
2022-03-30,14349,1,0.0005573747792873007,-0.0010448229975672518,0.00027851274375834123,0.0013239958730029144,-0.0013936313314069082,0.0006965728896872747,-0.00013937282252562966,-6.968883936053771e-05,0.0011560413744979563,0.0017986713173815116,0.04534636626317584,1.0,12
2022-03-31,14357,1,0.0004874482182799511,0.0005573747792873007,-0.0010448229975672518,0.00027851274375834123,0.0013239958730029144,-0.0013936313314069082,-0.00027857093292560364,-0.0011138184235388593,0.0011357314929089015,0.00176446227566301,0.3253709386168435,1.0,12
2022-04-01,14364,0,-0.00013924667570996974,0.0004874482182799511,0.0005573747792873007,-0.0010448229975672518,0.00027851274375834123,0.0013239958730029144,0.0016025086167612557,-0.001321877257915105,0.0008597754289843699,0.0017604089331670213,0.594264403009294,1.0,9
2022-04-04,14362,0,-0.0009752700180900575,-0.00013924667570996974,0.0004874482182799511,0.0005573747792873007,-0.0010448229975672518,0.00027851274375834123,0.0001392660680483715,-0.0034059741680980693,0.0006582187105980506,0.0016955985560490904,0.69421904618359,3.0,15
2022-04-05,14348,1,0.0011145166938000273,-0.0009752700180900575,-0.00013924667570996974,0.0004874482182799511,0.0005573747792873007,-0.0010448229975672518,-0.0011145166938000273,-0.003200893415575834,0.0007684463642742356,0.0016897789568544402,0.2880223107206063,1.0,11
2022-04-06,14364,0,-0.00034815305159696663,0.0011145166938000273,-0.0009752700180900575,-0.00013924667570996974,0.0004874482182799511,0.0005573747792873007,0.0010448229975672518,-0.00048721072827362377,0.00079728133310667,0.0016770421697256664,0.9822901888344999,1.0,9
2022-04-07,14359,1,0.00041776911901258984,-0.00034815305159696663,0.0011145166938000273,-0.0009752700180900575,-0.00013924667570996974,0.0004874482182799511,0.00013929516668298447,0.00425725596758042,0.0008011904252094105,0.0011860822349440108,0.7000768454226659,1.0,15
2022-04-08,14365,1,0.00034800765968157066,0.00041776911901258984,-0.00034815305159696663,0.0011145166938000273,-0.0009752700180900575,-0.00013924667570996974,6.96160674156232e-05,0.0041156627450593675,0.0007917482255125307,0.0011843264247695673,0.8992701852728732,1.0,13
2022-04-11,14370,0,-0.00041762372709719386,0.00034800765968157066,0.00041776911901258984,-0.00034815305159696663,0.0011145166938000273,-0.0009752700180900575,0.0005568704028071636,0.0029270353325223653,0.0007981430096125776,0.0011431344653932535,1.0348951040505698,3.0,19
2022-04-12,14364,0,-0.00034815305159696663,-0.00041762372709719386,0.00034800765968157066,0.00041776911901258984,-0.00034815305159696663,0.0011145166938000273,0.0011145166938000273,0.0029980848672703786,0.0006294796385459176,0.001141165860041123,0.6640034681183916,1.0,15
2022-04-13,14359,0,-0.0006966699459702852,-0.00034815305159696663,-0.00041762372709719386,0.00034800765968157066,0.00041776911901258984,-0.00034815305159696663,-0.00034815305159696663,0.0033484509835002285,0.00041479782142553063,0.0011300915623356396,0.3264162877473497,1.0,21
2022-04-14,14349,1,0.0004877199190911341,-0.0006966699459702852,-0.00034815305159696663,-0.00041762372709719386,0.00034800765968157066,0.00041776911901258984,-0.0006966699459702852,0.004120261424493066,0.0004948584907988933,0.001083506119328935,-0.8150395470962093,1.0,8
2022-04-18,14356,0,-0.000627112169107491,0.0004877199190911341,-0.0006966699459702852,-0.00034815305159696663,-0.00041762372709719386,0.00034800765968157066,-0.0006267191458917409,0.001115138113886971,0.0005151198432158613,0.000765378910417796,-0.13584552056859509,4.0,13
2022-04-19,14347,1,0.00027876507254198657,-0.000627112169107491,0.0004877199190911341,-0.0006966699459702852,-0.00034815305159696663,-0.00041762372709719386,-0.0016018389746808026,0.0004182933691776469,0.00047406009913004645,0.000780422553485719,-1.3751033019131624,1.0,10
2022-04-20,14351,0,-0.0002090665187584051,0.00027876507254198657,-0.000627112169107491,0.0004877199190911341,-0.0006966699459702852,-0.00034815305159696663,-0.0009054501750416222,-0.0004876519654963829,0.0005365263075675445,0.0007342435183184298,-0.7862588830996462,1.0,12
2022-04-21,14348,1,0.0009056394084456798,-0.0002090665187584051,0.00027876507254198657,-0.000627112169107491,0.0004877199190911341,-0.0006966699459702852,-0.0007663636422030606,-0.0002090665187584051,0.0005292554993233809,0.0007276048121633681,-1.134255773642825,1.0,13
2022-04-22,14361,1,0.0063166142069110975,0.0009056394084456798,-0.0002090665187584051,0.00027876507254198657,-0.000627112169107491,0.0004877199190911341,0.0008359457122129044,0.0,0.0005985358924977862,0.0007396984050746045,0.522522322689459,1.0,5
2022-04-25,14452,0,-0.0027716203995460376,0.0063166142069110975,0.0009056394084456798,-0.0002090665187584051,0.00027876507254198657,-0.000627112169107491,0.006664840000032868,0.007710245538318006,0.002843873581026904,0.0015454676232700378,4.037884569321514,3.0,16
2022-04-26,14412,1,0.0004162330965389316,-0.0027716203995460376,0.0063166142069110975,0.0009056394084456798,-0.0002090665187584051,0.00027876507254198657,0.004520331769594321,0.0036146292657690537,0.0033330322654361996,0.0016800527084620664,1.8953205749050757,1.0,11
2022-04-27,14418,1,0.004290960975184888,0.0004162330965389316,-0.0027716203995460376,0.0063166142069110975,0.0009056394084456798,-0.0002090665187584051,0.004657799793591266,0.003752349618549644,0.0033271465414355093,0.0016807566663274418,1.8306520816346936,1.0,12
2022-04-28,14480,1,0.0037223452368735366,0.004290960975184888,0.0004162330965389316,-0.0027716203995460376,0.0063166142069110975,0.0009056394084456798,0.009157827287534559,0.009088133591301784,0.0035430958698506954,0.0018858043826848851,2.8736432189002983,1.0,13
2022-05-09,14534,1,0.0008253095379036068,0.0037223452368735366,0.004290960975184888,0.0004162330965389316,-0.0027716203995460376,0.0063166142069110975,0.011974533115962416,0.01225310404888802,0.0035827732328729614,0.0020227244955131553,2.9600736614125935,11.0,91
2022-05-10,14546,0,0.0,0.0008253095379036068,0.0037223452368735366,0.004290960975184888,0.0004162330965389316,-0.0027716203995460376,0.006483228446954925,0.012590965368511675,0.002845962728021154,0.002023034600143416,2.466271785768612,1.0,9
2022-05-11,14546,1,0.0026775615873368963,0.0,0.0008253095379036068,0.0037223452368735366,0.004290960975184888,0.0004162330965389316,0.009254848846500963,0.012730212044221645,0.001999508723582356,0.0020204875225716353,2.0456140318569616,1.0,12
2022-05-12,14585,1,0.0023284492097932485,0.0026775615873368963,0.0,0.0008253095379036068,0.0037223452368735366,0.004290960975184888,0.011516177337298927,0.0163830436496486,0.0018435159307385997,0.002032187312226462,2.1348842564813904,1.0,11
2022-05-13,14619,1,0.0021865399896974225,0.0023284492097932485,0.0026775615873368963,0.0,0.0008253095379036068,0.0037223452368735366,0.009553665571907288,0.01759697616564182,0.0014894207347513782,0.002059419640807679,2.1057258569438613,1.0,12
2022-05-17,14651,1,0.0021136611694139162,0.0021865399896974225,0.0023284492097932485,0.0026775615873368963,0.0,0.0008253095379036068,0.008017860324731174,0.02013166920693621,0.0011397245170533432,0.0020578629144280395,2.043239058795826,4.0,28
2022-05-18,14682,1,0.003331863144211411,0.0021136611694139162,0.0021865399896974225,0.0023284492097932485,0.0026775615873368963,0.0,0.009306211956241484,0.021827561257337535,0.0010628283313057565,0.0020672421490072314,1.9703016007176188,1.0,14
2022-05-19,14731,0,-0.0047632098766730024,0.003331863144211411,0.0021136611694139162,0.0021865399896974225,0.0023284492097932485,0.0026775615873368963,0.012638075100452895,0.024811416741867376,0.0004991633011900927,0.0021178230644719304,2.0069647391514147,1.0,11
2022-05-20,14661,1,0.00027279547328618037,-0.0047632098766730024,0.003331863144211411,0.0021136611694139162,0.0021865399896974225,0.0023284492097932485,0.005197303636442996,0.020465830592291567,0.003280902456311902,0.002487546707447118,1.30532830085484,1.0,5
2022-05-23,14665,0,-0.0008186097735265463,0.00027279547328618037,-0.0047632098766730024,0.003331863144211411,0.0021136611694139162,0.0021865399896974225,0.0031416498999359277,0.021086779117174714,0.00320696217463333,0.002473363244552809,1.2027300404733179,3.0,21
2022-05-24,14653,0,-0.0005461123761918429,-0.0008186097735265463,0.00027279547328618037,-0.0047632098766730024,0.003331863144211411,0.0021136611694139162,0.00013650013671195893,0.020964839289618453,0.0031224131995210022,0.002478052613531073,1.0089708160175908,1.0,23
2022-05-25,14645,0,-0.0045854373196743126,-0.0005461123761918429,-0.0008186097735265463,0.00027279547328618037,-0.0047632098766730024,0.003331863144211411,-0.0025232734088938003,0.019931006994335476,0.0028965011937151005,0.00250103652925459,0.8590168244803489,1.0,16
2022-05-27,14578,0,-0.0023350055248982926,-0.0045854373196743126,-0.0005461123761918429,-0.0008186097735265463,0.00027279547328618037,-0.0047632098766730024,-0.010440573872779524,0.015972681843768655,0.0023956244093290384,0.002777611432782623,0.26471568097690323,2.0,28
2022-05-30,14544,1,0.003294895896852168,-0.0023350055248982926,-0.0045854373196743126,-0.0005461123761918429,-0.0008186097735265463,0.00027279547328618037,-0.008012369521004814,0.013358911246328375,0.0019158321432689916,0.002863520319415055,-0.10286530092096967,3.0,9
2022-05-31,14592,0,-0.00453328614799986,0.003294895896852168,-0.0023350055248982926,-0.0045854373196743126,-0.0005461123761918429,-0.0008186097735265463,-0.004990269097438826,0.01686287366193895,0.0028862877862763986,0.0029137880392298594,0.23948400422352556,1.0,6
2022-06-02,14526,0,-0.006561476730034599,-0.00453328614799986,0.003294895896852168,-0.0023350055248982926,-0.0045854373196743126,-0.0005461123761918429,-0.00870494547191214,0.011423948105493409,0.0032798068570552034,0.003151741794679101,-0.5581876735162986,2.0,22
2022-06-03,14431,1,0.0021458492988184474,-0.006561476730034599,-0.00453328614799986,0.003294895896852168,-0.0023350055248982926,-0.0045854373196743126,-0.014720309825754896,-0.0014541428314522875,0.0037947655095621675,0.0032306836106732757,-1.5781615147367603,1.0,5
2022-06-06,14462,1,0.00013828389706205257,0.0021458492988184474,-0.006561476730034599,-0.00453328614799986,0.003294895896852168,-0.0023350055248982926,-0.007989023207262136,0.0034633268669121975,0.004235328228214337,0.0032014618350685122,-1.3254090526334281,3.0,7
2022-06-07,14464,1,0.0008983795220842694,0.00013828389706205257,0.0021458492988184474,-0.006561476730034599,-0.00453328614799986,0.003294895896852168,-0.005515733785301791,0.0031853776674353185,0.004271976327207601,0.00320095439959365,-1.3913466176165152,1.0,9
2022-06-08,14477,1,0.005373394025680156,0.0008983795220842694,0.00013828389706205257,0.0021458492988184474,-0.006561476730034599,-0.00453328614799986,-0.00791225016006969,-0.00020720378566529973,0.0037587829504526805,0.0030571400192284273,-1.2304432122600915,1.0,6
2022-06-09,14555,1,0.0009614064742731188,0.005373394025680156,0.0008983795220842694,0.00013828389706205257,0.0021458492988184474,-0.006561476730034599,0.0019944300136103266,0.0014438450031413197,0.004374976212315029,0.003182943179459744,-0.30936775145124773,1.0,10
2022-06-10,14569,1,0.0070449318422500795,0.0009614064742731188,0.005373394025680156,0.0008983795220842694,0.00013828389706205257,0.0021458492988184474,0.009517313217918044,0.0015799419395108316,0.0020683745430606017,0.003184782968381626,-0.1550314087752689,1.0,8
2022-06-13,14672,1,0.0038774239932966026,0.0070449318422500795,0.0009614064742731188,0.005373394025680156,0.0008983795220842694,0.00013828389706205257,0.014416395761349676,0.008624873781760911,0.0031100018198649583,0.003544829159710736,0.9932104192039418,3.0,19
2022-06-14,14729,1,0.0011535200600523154,0.0038774239932966026,0.0070449318422500795,0.0009614064742731188,0.005373394025680156,0.0008983795220842694,0.018155535857584226,0.009824736187720617,0.002708576035494747,0.003594650211799657,1.4832145216251076,1.0,10
2022-06-15,14746,0,-0.00033913250231698555,0.0011535200600523154,0.0038774239932966026,0.0070449318422500795,0.0009614064742731188,0.005373394025680156,0.018410676395552272,0.008649807037979684,0.00264590035291981,0.0035725778657728557,1.5009714304041986,1.0,13
2022-06-16,14741,1,0.005884558223344882,-0.00033913250231698555,0.0011535200600523154,0.0038774239932966026,0.0070449318422500795,0.0009614064742731188,0.01269814986755513,0.006124134545965276,0.002949016838957025,0.0035518912690330733,1.3403885612204922,1.0,13
2022-06-17,14828,1,0.0005393743388584227,0.005884558223344882,-0.00033913250231698555,0.0011535200600523154,0.0038774239932966026,0.0070449318422500795,0.017621301616626894,0.009895031599896242,0.0031079363016284817,0.0037475804880734566,1.9303861581293407,1.0,12
2022-06-20,14836,0,-0.0021592451034351257,0.0005393743388584227,0.005884558223344882,-0.00033913250231698555,0.0011535200600523154,0.0038774239932966026,0.011115744113235237,0.007102542794543254,0.0025829746867726522,0.0036878586016790486,1.8233241708059473,3.0,10
2022-06-21,14804,1,0.003775624765703256,-0.0021592451034351257,0.0005393743388584227,0.005884558223344882,-0.00033913250231698555,0.0011535200600523154,0.005079075016503509,0.00970650756778113,0.00299447442619236,0.003540676285313929,1.4144879518220903,1.0,9
2022-06-22,14860,0,-0.0016837855468274654,0.003775624765703256,-0.0021592451034351257,0.0005393743388584227,0.005884558223344882,-0.00033913250231698555,0.00770117972215445,0.013209336860198206,0.0032438406627406336,0.0036154550782593184,1.6468239815112298,1.0,10
2022-06-23,14835,1,0.0007412149525709566,-0.0016837855468274654,0.003775624765703256,-0.0021592451034351257,0.0005393743388584227,0.005884558223344882,0.00635652667764397,0.012344161086897287,0.003485350751231515,0.0036391816475183194,1.32727026549539,1.0,3
2022-06-24,14846,0,-0.0029681619200818687,0.0007412149525709566,-0.0016837855468274654,0.003775624765703256,-0.0021592451034351257,0.0005393743388584227,0.0012131834068700442,0.013631488415660087,0.0023610790458706674,0.003628892979765124,1.2726448094449823,1.0,9
2022-06-27,14802,1,0.0023617541933820263,-0.0029681619200818687,0.0007412149525709566,-0.0016837855468274654,0.003775624765703256,-0.0021592451034351257,-0.002294352852070247,0.01524876381525253,0.0027413221875394215,0.0035217878579448785,0.8916286405753981,3.0,20
2022-06-28,14837,1,0.0007411150751881479,0.0023617541933820263,-0.0029681619200818687,0.0007412149525709566,-0.0016837855468274654,0.003775624765703256,0.0022266464447469048,0.01994552353353285,0.002785505022469555,0.0034604341157765594,1.0134984052761222,1.0,6
2022-06-29,14848,1,0.0022872529312252254,0.0007411150751881479,0.0023617541933820263,-0.0029681619200818687,0.0007412149525709566,-0.0016837855468274654,-0.0008078632457682033,0.01739174271186883,0.0021325527178302074,0.0034180477147827274,0.9836367199346691,1.0,15
2022-06-30,14882,1,0.004960128139797959,0.0022872529312252254,0.0007411150751881479,0.0023617541933820263,-0.0029681619200818687,0.0007412149525709566,0.0031631752322844875,0.024212281791093915,0.0021631521950465226,0.003182771899767752,1.085310090269259,1.0,6
2022-07-01,14956,1,0.0002674154314643573,0.004960128139797959,0.0022872529312252254,0.0007411150751881479,0.0023617541933820263,-0.0029681619200818687,0.00738208841951149,0.03573388666092647,0.0029100030436568975,0.0027095036768195373,1.4390999361731311,1.0,2
2022-07-04,14960,1,0.002003339568174667,0.0002674154314643573,0.004960128139797959,0.0022872529312252254,0.0007411150751881479,0.0023617541933820263,0.010617665771057716,0.03385545279357238,0.0018361697420888003,0.0027288862555698763,1.363134927254281,3.0,15
2022-07-05,14990,1,0.0016663893207873315,0.002003339568174667,0.0002674154314643573,0.004960128139797959,0.0022872529312252254,0.0007411150751881479,0.010259251145850357,0.035720508464685,0.0018315350333093713,0.002704729567708171,1.4868522977807983,1.0,12
2022-07-06,15015,0,-0.0019332694931755157,0.0016663893207873315,0.002003339568174667,0.0002674154314643573,0.004960128139797959,0.0022872529312252254,0.01118452539144954,0.03648851826338806,0.0017086112266290743,0.002696904504806799,1.6197989335719765,1.0,10
2022-07-07,14986,0,-0.00033370040687330516,-0.0019332694931755157,0.0016663893207873315,0.002003339568174667,0.0002674154314643573,0.004960128139797959,0.006964002967048799,0.029181854744532387,0.002525008338514913,0.0026857157995907443,1.3249860384762588,1.0,11
2022-07-08,14981,0,-0.0008013356021461249,-0.00033370040687330516,-0.0019332694931755157,0.0016663893207873315,0.002003339568174667,0.0002674154314643573,0.0016701744203775348,0.027886747863385963,0.001593166986126017,0.002713813284474111,1.2657601189185987,1.0,7
2022-07-11,14969,1,0.0016020295796668194,-0.0008013356021461249,-0.00033370040687330516,-0.0019332694931755157,0.0016663893207873315,0.002003339568174667,0.0006014233867670526,0.02004048041898976,0.0016739852461921272,0.0024033357843094095,1.0720674607580623,3.0,18
2022-07-12,14993,0,-0.0005337247441392634,0.0016020295796668194,-0.0008013356021461249,-0.00033370040687330516,-0.0019332694931755157,0.0016663893207873315,0.00020011339825920516,0.017765086005359976,0.0015673519635189118,0.0023121833567948096,1.2310872568008864,1.0,15
2022-07-13,14985,1,0.0009338314445965779,-0.0005337247441392634,0.0016020295796668194,-0.0008013356021461249,-0.00033370040687330516,-0.0019332694931755157,-0.0020000006666673897,0.016077841201168397,0.0012789044125107024,0.0023326849716389644,1.0487063395343188,1.0,13
2022-07-14,14999,0,0.0,0.0009338314445965779,-0.0005337247441392634,0.0016020295796668194,-0.0008013356021461249,-0.00033370040687330516,0.0008671002711047038,0.01735080514808196,0.0010400149249332467,0.002317170706682577,1.1410149152826417,1.0,17
2022-07-15,14999,0,-0.0008671002711047038,0.0,0.0009338314445965779,-0.0005337247441392634,0.0016020295796668194,-0.0008013356021461249,0.001200800677978009,0.011466246924737078,0.0010095984767683262,0.0019982502496947332,1.032788060336819,1.0,17
2022-07-18,14986,1,0.00040029355394821664,-0.0008671002711047038,0.0,0.0009338314445965779,-0.0005337247441392634,0.0016020295796668194,0.00113503600901943,0.010059772314773952,0.0010268402474760856,0.002024089208119941,0.7799956836163782,3.0,20
2022-07-19,14992,0,-0.0005337603542798774,0.00040029355394821664,-0.0008671002711047038,0.0,0.0009338314445965779,-0.0005337247441392634,-6.670001669917269e-05,0.012619310972157294,0.000719046469371184,0.0019254158992881823,0.7811827760836174,1.0,11
2022-07-20,14984,1,0.0021999275563562293,-0.0005337603542798774,0.00040029355394821664,-0.0008671002711047038,0.0,0.0009338314445965779,-6.673562683978673e-05,0.00830992585217416,0.0007190529124172143,0.0017914484899535573,0.5960709401132119,1.0,18
2022-07-21,15017,1,0.00046602976776455307,0.0021999275563562293,-0.0005337603542798774,0.00040029355394821664,-0.0008671002711047038,0.0,0.0011993604849198647,0.012193638955357855,0.001198852166026046,0.0017621684528957907,0.977849024905586,1.0,9
2022-07-22,15024,0,-0.002132196969840905,0.00046602976776455307,0.0021999275563562293,-0.0005337603542798774,0.00040029355394821664,-0.0008671002711047038,0.0016653902526844178,0.011918453770551451,0.0011936454649721416,0.0017621617128792347,0.9934691016524863,1.0,6
2022-07-25,14992,0,-0.0005337603542798774,-0.002132196969840905,0.00046602976776455307,0.0021999275563562293,-0.0005337603542798774,0.00040029355394821664,0.00040029355394821664,0.012754418720792415,0.0015824203751787862,0.0016812285615547301,0.4237003133135486,3.0,11
2022-07-26,14984,1,0.0023996811942019747,-0.0005337603542798774,-0.002132196969840905,0.00046602976776455307,0.0021999275563562293,-0.0005337603542798774,-0.0005337603542798774,0.009858904173130512,0.0015902789947284935,0.0016493210335726868,0.16336271666798644,1.0,18
2022-07-27,15020,0,-0.0041363725665135576,0.0023996811942019747,-0.0005337603542798774,-0.002132196969840905,0.00046602976776455307,0.0021999275563562293,0.0023996811942019747,0.011517470292144338,0.0019036021708003475,0.001703270064213678,1.1272896816493019,1.0,19
2022-07-28,14958,0,-0.0065732344798625775,-0.0041363725665135576,0.0023996811942019747,-0.0005337603542798774,-0.002132196969840905,0.00046602976776455307,-0.003936618928667812,0.005093844794405555,0.0024908332894508327,0.0019511770363435986,-1.6053886530246062,1.0,12
2022-07-29,14860,1,0.0009416829914954405,-0.0065732344798625775,-0.0041363725665135576,0.0023996811942019747,-0.0005337603542798774,-0.002132196969840905,-0.010975883176294943,-0.006439517825254981,0.0034209874708968045,0.002178402098211604,-3.6235208428162315,1.0,8
2022-08-01,14874,1,0.0009407970588419801,0.0009416829914954405,-0.0065732344798625775,-0.0041363725665135576,0.0023996811942019747,-0.0005337603542798774,-0.007902003214958597,-0.005765250265223898,0.0036999593031713336,0.002193171197530906,-2.523534097913005,3.0,8
2022-08-02,14888,1,0.0019459828318435513,0.0009407970588419801,0.0009416829914954405,-0.0065732344798625775,-0.0041363725665135576,0.0023996811942019747,-0.00642744580183674,-0.006827792774556585,0.003859563233882643,0.002147124094112305,-1.8634234683657684,1.0,13
2022-08-03,14917,1,0.0008041278996593348,0.0019459828318435513,0.0009407970588419801,0.0009416829914954405,-0.0065732344798625775,-0.0041363725665135576,-0.006881144164195163,-0.006548199263500365,0.0037551856038949703,0.0021617449515698747,-1.1219092025231783,1.0,6
2022-08-04,14929,0,-0.0016759967721657887,0.0008041278996593348,0.0019459828318435513,0.0009407970588419801,0.0009416829914954405,-0.0065732344798625775,-0.0019406436980222708,-0.0038108018706655145,0.0034878191165095356,0.0021412810892171203,-0.797884314496308,1.0,5
2022-08-05,14904,1,0.0007377846674252453,-0.0016759967721657887,0.0008041278996593348,0.0019459828318435513,0.0009407970588419801,0.0009416829914954405,0.002956594009674518,-0.005153098235957998,0.0013477770935821866,0.0021668872660291056,-1.1888279606638439,1.0,9
2022-08-08,14915,0,-0.0035597982314339305,0.0007377846674252453,-0.0016759967721657887,0.0008041278996593348,0.0019459828318435513,0.0009407970588419801,0.0027526956856043228,-0.003613977966386628,0.0013375719284448857,0.00217388174220217,-0.8957024541297633,3.0,17
2022-08-09,14862,1,0.0008743316964157088,-0.0035597982314339305,0.0007377846674252453,-0.0016759967721657887,0.0008041278996593348,0.0019459828318435513,-0.0017478996046715878,-0.008775805777487378,0.0022275488266004524,0.0022559563605309267,-1.6728379635179373,1.0,9
2022-08-10,14875,0,-0.0051223405119831256,0.0008743316964157088,-0.0035597982314339305,0.0007377846674252453,-0.0016759967721657887,0.0008041278996593348,-0.00281955074009943,-0.007367749336932405,0.0019903868445283884,0.0022747306209775493,-1.286228243356098,1.0,13
2022-08-11,14799,0,-0.0075287770415766175,-0.0051223405119831256,0.0008743316964157088,-0.0035597982314339305,0.0007377846674252453,-0.0016759967721657887,-0.00874601915174189,-0.013423921293512109,0.0026329504780688326,0.00248557970666915,-2.1462705824708683,1.0,7
2022-08-12,14688,1,0.0026517098658906946,-0.0075287770415766175,-0.0051223405119831256,0.0008743316964157088,-0.0035597982314339305,0.0007377846674252453,-0.01459879942115272,-0.020952698335088726,0.0036836399367347916,0.002912096473932704,-2.7893575678961473,1.0,9
2022-08-15,14727,1,0.0027124177476114397,0.0026517098658906946,-0.0075287770415766175,-0.0051223405119831256,0.0008743316964157088,-0.0035597982314339305,-0.01268487422268727,-0.017433888198093328,0.004219236715039073,0.0030275860578835596,-1.9589904548932164,3.0,20
2022-08-16,14767,1,0.0037176020375309093,0.0027124177476114397,0.0026517098658906946,-0.0075287770415766175,-0.0051223405119831256,0.0008743316964157088,-0.0064126582436419,-0.015121764004430105,0.00473945276583441,0.003121402182244125,-1.3657767406410644,1.0,11
2022-08-18,14822,1,0.0024258772004479567,0.0037176020375309093,0.0027124177476114397,0.0026517098658906946,-0.0075287770415766175,-0.0051223405119831256,-0.0035693879025266995,-0.010870401612619318,0.005210136519867004,0.003278162600299172,-0.7190369065051416,2.0,16
2022-08-19,14858,1,0.0016139882454542231,0.0024258772004479567,0.0037176020375309093,0.0027124177476114397,0.0026517098658906946,-0.0075287770415766175,0.003978829809904383,-0.01064445196852759,0.004680023684824179,0.0032884880005055388,-0.2745358442907187,1.0,9
2022-08-22,14882,1,0.000738874928661204,0.0016139882454542231,0.0024258772004479567,0.0037176020375309093,0.0027124177476114397,0.0026517098658906946,0.013121595096935224,-0.00949649349083792,0.0007523175576856185,0.003316725842932655,0.06966285394469392,3.0,13
2022-08-23,14893,0,-0.0028241008549230173,0.000738874928661204,0.0016139882454542231,0.0024258772004479567,0.0037176020375309093,0.0027124177476114397,0.011208760159705733,-0.006625421592335812,0.0011276400679928714,0.003303321829976938,0.2700447600192057,1.0,2
2022-08-24,14851,0,-0.0016173600129185672,-0.0028241008549230173,0.000738874928661204,0.0016139882454542231,0.0024258772004479567,0.0037176020375309093,0.005672241557171276,-0.008915762092978952,0.0024696669866589504,0.0033500799875564396,-0.1753914635968703,1.0,6
2022-08-25,14827,0,-0.0008771634447910515,-0.0016173600129185672,-0.0028241008549230173,0.000738874928661204,0.0016139882454542231,0.0024258772004479567,0.0003372795067217993,-0.012932803300099494,0.0022138440530757608,0.003290390608231755,-0.41064767524721707,1.0,7
2022-08-26,14814,1,0.004915669303821701,-0.0008771634447910515,-0.0016173600129185672,-0.0028241008549230173,0.000738874928661204,0.0016139882454542231,-0.002965761138517209,-0.009673594178376987,0.0017855364144678805,0.0031875623691193004,-0.5276139006927932,1.0,9
2022-08-29,14887,0,-0.0008063974632257498,0.004915669303821701,-0.0008771634447910515,-0.0016173600129185672,-0.0028241008549230173,0.000738874928661204,0.00033591991985026937,0.0018153096053072915,0.0030019988001859332,0.003065264393413162,0.592279209814391,3.0,12
2022-08-30,14875,0,-0.0014800863842978629,-0.0008063974632257498,0.004915669303821701,-0.0008771634447910515,-0.0016173600129185672,-0.0028241008549230173,-0.0012093524720366844,6.722915058610113e-05,0.002995095559909155,0.003064646641444735,0.40457948454012427,1.0,10
2022-08-31,14853,1,0.0020849454369802345,-0.0014800863842978629,-0.0008063974632257498,0.004915669303821701,-0.0008771634447910515,-0.0016173600129185672,0.00013466199858847006,-0.002353654292553742,0.002756192102689353,0.0030734681238832424,0.09038087337873342,1.0,9
2022-09-01,14884,1,0.001074402467036606,0.0020849454369802345,-0.0014800863842978629,-0.0008063974632257498,0.004915669303821701,-0.0008771634447910515,0.0038369674484872718,-0.0022146916874170586,0.0027007724183151735,0.003078531858039197,0.6181002098680474,1.0,12
2022-09-02,14900,1,0.0013413818242025144,0.001074402467036606,0.0020849454369802345,-0.0014800863842978629,-0.0008063974632257498,0.004915669303821701,0.005788533360314929,-0.0019444171200397875,0.002539913961233678,0.0030833486040438792,0.9248055737021538,1.0,12
2022-09-05,14920,0,-0.00234860030787587,0.0013413818242025144,0.001074402467036606,0.0020849454369802345,-0.0014800863842978629,-0.0008063974632257498,0.002214245880695742,0.0010729614763285156,0.0015133571079148098,0.0030758443365022734,1.2238196305905011,3.0,13
2022-09-06,14885,1,0.0028176591833624087,-0.00234860030787587,0.0013413818242025144,0.001074402467036606,0.0020849454369802345,-0.0014800863842978629,0.000672043036045622,-0.0020134234989725996,0.0019311197578955937,0.003116864273283153,0.6939984322554149,1.0,13
2022-09-07,14927,0,-0.001474926521067843,0.0028176591833624087,-0.00234860030787587,0.0013413818242025144,0.001074402467036606,0.0020849454369802345,0.004969788603705894,0.0043640339158237396,0.0019884673910637828,0.0030702263674195233,1.2821127009065567,1.0,8
2022-09-08,14905,0,-0.003966258434678238,-0.001474926521067843,0.0028176591833624087,-0.00234860030787587,0.0013413818242025144,0.001074402467036606,0.001409916645657816,0.0020147756983401877,0.002132287960866509,0.003088686783366777,0.8917544155695837,1.0,14
2022-09-09,14846,0,-0.00047161867136580327,-0.003966258434678238,-0.001474926521067843,0.0028176591833624087,-0.00234860030787587,0.0013413818242025144,-0.003630744256057028,0.003170857775645075,0.0027624529552858143,0.002995196308680767,-0.07263469720477111,1.0,6
2022-09-12,14839,1,0.0014814817524424484,-0.00047161867136580327,-0.003966258434678238,-0.001474926521067843,0.0028176591833624087,-0.00234860030787587,-0.005443744751625346,0.01022801614585589,0.0025326514604243227,0.002398078828543323,-0.3835054891112008,3.0,15
2022-09-13,14861,1,0.004163315172897697,0.0014814817524424484,-0.00047161867136580327,-0.003966258434678238,-0.001474926521067843,0.0028176591833624087,-0.0016136626913070273,0.009057788032407643,0.0026335455371290614,0.002357033391588467,-0.09718032764885963,1.0,9
2022-09-14,14923,0,-0.001609550344127797,0.004163315172897697,0.0014814817524424484,-0.00047161867136580327,-0.003966258434678238,-0.001474926521067843,-0.00026800670177173913,0.0105086854576939,0.0030676804868518975,0.0024507040627787403,1.4928294496687022,1.0,13
2022-09-15,14899,1,0.002681146454976968,-0.001609550344127797,0.004163315172897697,0.0014814817524424484,-0.00047161867136580327,-0.003966258434678238,-0.00040263052483169304,0.005181533076035194,0.0030838223682596354,0.0023737861642204824,0.7039470733858478,1.0,3
2022-09-16,14939,1,0.002740735028893937,0.002681146454976968,-0.001609550344127797,0.004163315172897697,0.0014814817524424484,-0.00047161867136580327,0.006244774364823513,0.0054368023305642055,0.0023307811369092032,0.0023867010231990726,1.6909387920623387,1.0,9
2022-09-19,14980,0,-0.00033383408756115784,0.002740735028893937,0.002681146454976968,-0.001609550344127797,0.004163315172897697,0.0014814817524424484,0.009457128065083253,0.006563549114003919,0.0021755088074831342,0.0024329005461456114,2.2994184912079327,3.0,15
2022-09-20,14975,1,0.0024011216765273957,-0.00033383408756115784,0.002740735028893937,0.002681146454976968,-0.001609550344127797,0.004163315172897697,0.007641812225079647,0.0054908400977815575,0.002400833539218531,0.0024351931504364255,1.8682697166688587,1.0,8
2022-09-21,15011,1,0.0014645189676567583,0.0024011216765273957,-0.00033383408756115784,0.002740735028893937,0.002681146454976968,-0.001609550344127797,0.005879618728709346,0.01071606262923197,0.002015792297487099,0.0023645268128018562,2.173887815396262,1.0,11
2022-09-22,15033,1,0.00013303179479606797,0.0014645189676567583,0.0024011216765273957,-0.00033383408756115784,0.002740735028893937,0.002681146454976968,0.008953688040493901,0.013797941609807296,0.001293069527952675,0.0023167610852478393,2.1732015893636136,1.0,15
2022-09-23,15035,1,0.005571414557572041,0.00013303179479606797,0.0014645189676567583,0.0024011216765273957,-0.00033383408756115784,0.002740735028893937,0.006405573380313001,0.014808136849394415,0.0013550551834751888,0.002291674314736855,1.9415107606564694,1.0,12
2022-09-26,15119,1,0.002378279511701109,0.005571414557572041,0.00013303179479606797,0.0014645189676567583,0.0024011216765273957,-0.00033383408756115784,0.009236252908991105,0.015463882103144755,0.0023461846890812377,0.002358277370432432,2.5441739999390163,3.0,20
2022-09-27,15155,1,0.005789870769937977,0.002378279511701109,0.005571414557572041,0.00013303179479606797,0.0014645189676567583,0.0024011216765273957,0.011948366508253372,0.018648559078071614,0.0020044999211483853,0.002353519785450612,2.387370815138767,1.0,12
2022-09-28,15243,1,0.0002623811100654905,0.005789870769937977,0.002378279511701109,0.005571414557572041,0.00013303179479606797,0.0014645189676567583,0.015337115601663953,0.025918516232307454,0.002516772109765671,0.002517036307136648,2.587705339231236,1.0,20
2022-09-29,15247,0,-0.0009842843407597002,0.0002623811100654905,0.005789870769937977,0.002378279511701109,0.005571414557572041,0.00013303179479606797,0.014134977744072685,0.02409595190539271,0.0027543828383571204,0.0025199575946937723,2.151291891289327,1.0,9
2022-09-30,15232,1,0.0039967293169773654,-0.0009842843407597002,0.0002623811100654905,0.005789870769937977,0.002378279511701109,0.005571414557572041,0.013017661608516917,0.022037265097596404,0.003056355423551799,0.0025671682798736055,1.74844496229596,1.0,8
2022-10-03,15293,0,-0.001112238002717092,0.0039967293169773654,-0.0009842843407597002,0.0002623811100654905,0.005789870769937977,0.002378279511701109,0.011442976367922242,0.024692612590371255,0.0027387031639338148,0.002647611072404502,1.8724958661368352,3.0,13
2022-10-04,15276,0,-0.005250734037890226,-0.001112238002717092,0.0039967293169773654,-0.0009842843407597002,0.0002623811100654905,0.005789870769937977,0.00795245885350404,0.025928974895530033,0.0031274135194880133,0.002572924429336449,1.5476597498636038,1.0,3
2022-10-05,15196,1,6.580462608773985e-05,-0.005250734037890226,-0.001112238002717092,0.0039967293169773654,-0.0009842843407597002,0.0002623811100654905,-0.003088145954324162,0.017860581674277398,0.0033132860187386343,0.002929661692297528,0.9329312507568076,1.0,4
2022-10-06,15197,1,0.0032191336146141225,6.580462608773985e-05,-0.005250734037890226,-0.001112238002717092,0.0039967293169773654,-0.0009842843407597002,-0.0032847224383019125,0.01940131282143298,0.003301378203019003,0.002884019754373213,0.8493882543789871,1.0,7
2022-10-07,15246,1,0.003470293219161036,0.0032191336146141225,6.580462608773985e-05,-0.005250734037890226,-0.001112238002717092,0.0039967293169773654,0.0009186955170719102,0.02658670487072534,0.0037074073734710135,0.0026768338264328583,1.0630799400390258,1.0,7
2022-10-10,15299,1,0.004109460791248409,0.003470293219161036,0.0032191336146141225,6.580462608773985e-05,-0.005250734037890226,-0.001112238002717092,0.0003922594192555806,0.03052861676125218,0.003577240358343856,0.0026823661975216148,1.299292901305694,3.0,11
2022-10-11,15362,1,0.0007157963539707879,0.004109460791248409,0.003470293219161036,0.0032191336146141225,6.580462608773985e-05,-0.005250734037890226,0.005613958213221082,0.03315659580005814,0.003891164898588104,0.0027437142474530623,1.574714811169617,1.0,9
2022-10-12,15373,0,-0.00104132778690591,0.0007157963539707879,0.004109460791248409,0.003470293219161036,0.0032191336146141225,6.580462608773985e-05,0.011580488605082095,0.029709076981131233,0.0018019833276966522,0.0026857037718476954,1.4893932528245388,1.0,10
2022-10-13,15357,1,0.002146551707232547,-0.00104132778690591,0.0007157963539707879,0.004109460791248409,0.003470293219161036,0.0032191336146141225,0.010473356192088445,0.03027729953835312,0.002176689817438993,0.0026540586683764904,1.280698902890503,1.0,17
2022-10-14,15390,1,0.0058309203107924645,0.002146551707232547,-0.00104132778690591,0.0007157963539707879,0.004109460791248409,0.003470293219161036,0.00940077428470687,0.0297427047906087,0.0020892644521053965,0.002644358222418595,1.3993121183254815,1.0,10
2022-10-17,15480,0,-0.0007108469070526979,0.0058309203107924645,0.002146551707232547,-0.00104132778690591,0.0007157963539707879,0.004109460791248409,0.011761401376338299,0.032832890072507226,0.0027122683961269753,0.0028067538078580478,1.8371052782855473,3.0,11
2022-10-18,15469,1,0.0014211888696973318,-0.0007108469070526979,0.0058309203107924645,0.002146551707232547,-0.00104132778690591,0.0007157963539707879,0.006941093678037191,0.032455877253015686,0.0027871845524912804,0.002821944692101923,1.6151478276596545,1.0,10
2022-10-19,15491,1,0.00566464340606565,0.0014211888696973318,-0.0007108469070526979,0.0058309203107924645,0.002146551707232547,-0.00104132778690591,0.007646486193763735,0.03147594444618562,0.0027623816883602216,0.00281622089101126,1.6267654238421922,1.0,8
2022-10-20,15579,1,0.001987880997049274,0.00566464340606565,0.0014211888696973318,-0.0007108469070526979,0.0058309203107924645,0.002146551707232547,0.014352457386735296,0.035676068884594514,0.0028293981401318166,0.0029605469847532977,2.025736693483374,1.0,7
2022-10-21,15610,0,-0.0012820514576556974,0.001987880997049274,0.00566464340606565,0.0014211888696973318,-0.0007108469070526979,0.0058309203107924645,0.014193786676552023,0.03753091808684772,0.0028404160140659655,0.002935055884526158,2.0220859018878543,1.0,6
2022-10-24,15590,1,0.0016663466010520267,-0.0012820514576556974,0.001987880997049274,0.00566464340606565,0.0014211888696973318,-0.0007108469070526979,0.007080814908103861,0.03067745207161998,0.002746862068453862,0.0028805398888151522,1.6807322843975412,3.0,15
2022-10-25,15616,0,-0.0012815585503851423,0.0016663466010520267,-0.0012820514576556974,0.001987880997049274,0.00566464340606565,0.0014211888696973318,0.009458008416208585,0.0299655191609709,0.0024793757215458728,0.002873947174551246,1.661819533209022,1.0,12
2022-10-26,15596,0,-0.001475825607149872,-0.0012815585503851423,0.0016663466010520267,-0.0012820514576556974,0.001987880997049274,0.00566464340606565,0.006755260996126111,0.02289408984064778,0.002871232522982774,0.0027505149098165232,1.359441042623429,1.0,9
2022-10-27,15573,0,-0.001992608726151701,-0.001475825607149872,-0.0012815585503851423,0.0016663466010520267,-0.0012820514576556974,0.001987880997049274,-0.0003852080170894112,0.021155883123432417,0.0017437613290558782,0.002806748713126453,1.087833561480281,1.0,3
2022-10-28,15542,1,0.0034684343333015732,-0.001992608726151701,-0.001475825607149872,-0.0012815585503851423,0.0016663466010520267,-0.0012820514576556974,-0.004365697740290386,0.020147558738040416,0.0014490899436646312,0.002854018088015297,0.7940817609995745,1.0,2
2022-10-31,15596,1,0.0032647341995684087,0.0034684343333015732,-0.001992608726151701,-0.001475825607149872,-0.0012815585503851423,0.0016663466010520267,0.0003847880506668844,0.019619263754364624,0.002375293583264814,0.002827213504689391,1.0536757160217083,3.0,11
2022-11-01,15647,1,0.0003194990282455734,0.0032647341995684087,0.0034684343333015732,-0.001992608726151701,-0.001475825607149872,-0.0012815585503851423,0.0019831756491832664,0.023996235956650125,0.002724558315740115,0.002826061163982307,1.2637003688461466,1.0,13
2022-11-02,15652,1,0.0018510840507293125,0.0003194990282455734,0.0032647341995684087,0.0034684343333015732,-0.001992608726151701,-0.001475825607149872,0.003584233227813982,0.029566469022785924,0.002567577211073144,0.002399120963162132,1.2085845334547338,1.0,10
2022-11-03,15681,1,0.0035012926878632555,0.0018510840507293125,0.0003194990282455734,0.0032647341995684087,0.0034684343333015732,-0.001992608726151701,0.006911142885693167,0.0313517484474275,0.002271278728404631,0.0023769089438981255,1.3460132189529492,1.0,10
2022-11-04,15736,0,-0.0028000527394524966,0.0035012926878632555,0.0018510840507293125,0.0003194990282455734,0.0032647341995684087,0.0034684343333015732,0.012405044299708123,0.03163390752067663,0.0013873665323835191,0.00238803880076941,1.6581070391818655,1.0,13
2022-11-07,15692,0,-0.000509943917220923,-0.0028000527394524966,0.0035012926878632555,0.0018510840507293125,0.0003194990282455734,0.0032647341995684087,0.006136557226954054,0.025363561562063097,0.002586259852354824,0.002534175977128951,1.2206417560172604,3.0,10
2022-11-08,15684,0,-0.0019146090474375654,-0.000509943917220923,-0.0028000527394524966,0.0035012926878632555,0.0018510840507293125,0.0003194990282455734,0.002361879110164722,0.020744156853593765,0.002386015812720995,0.0024713175173461605,1.0622136477563484,1.0,5
2022-11-09,15654,1,0.0029979292107373823,-0.0019146090474375654,-0.000509943917220923,-0.0028000527394524966,0.0035012926878632555,0.0018510840507293125,0.000127771034481583,0.01811375145218541,0.002619559290627645,0.0025578029340392622,0.7161992469172511,1.0,8
2022-11-10,15701,0,-0.013336095579228768,0.0029979292107373823,-0.0019146090474375654,-0.000509943917220923,-0.0028000527394524966,0.0035012926878632555,0.0012746161944896528,0.022153008449828704,0.002858660818328309,0.0025554440086514143,1.1441612686453493,1.0,17
2022-11-11,15493,1,0.0003871967007587074,-0.013336095579228768,0.0029979292107373823,-0.0019146090474375654,-0.000509943917220923,-0.0028000527394524966,-0.015562772072602371,0.006670361163367389,0.006127093843763104,0.0041015558785893035,-1.4086784943620856,1.0,8
2022-11-14,15499,1,0.004185049407393393,0.0003871967007587074,-0.013336095579228768,0.0029979292107373823,-0.0019146090474375654,-0.000509943917220923,-0.012375522632391167,0.0012266375533336316,0.006330165966510499,0.0038928557736273416,-1.3702362385200126,3.0,13
2022-11-15,15564,1,0.0029511794050325335,0.004185049407393393,0.0003871967007587074,-0.013336095579228768,0.0029979292107373823,-0.0019146090474375654,-0.007680529307776851,0.0061225338677797225,0.007006625550029873,0.003994354513193558,-0.6425389039669795,1.0,8
2022-11-16,15610,1,0.004920609346763527,0.0029511794050325335,0.004185049407393393,0.0003871967007587074,-0.013336095579228768,0.0029979292107373823,-0.002814740855306752,0.007652524403114924,0.007273728262426727,0.004031314192162949,-0.08767930009754916,1.0,12
2022-11-17,15687,1,0.00031868447320171356,0.004920609346763527,0.0029511794050325335,0.004185049407393393,0.0003871967007587074,-0.013336095579228768,-0.0008920607192806074,0.006908490343812801,0.007554447479539707,0.0039831506583410566,0.985348578516608,1.0,14
2022-11-18,15692,1,0.0009554445135897538,0.00031868447320171356,0.004920609346763527,0.0029511794050325335,0.004185049407393393,0.0003871967007587074,0.012762719333149875,0.005239293819965241,0.0021278260554880466,0.003964367840119988,0.97301841282607,1.0,5
2022-11-21,15707,1,0.0005728288353186173,0.0009554445135897538,0.00031868447320171356,0.004920609346763527,0.0029511794050325335,0.004185049407393393,0.013330967145980921,0.007476789791210692,0.0019942411946046413,0.003950047594981377,1.0780977522469186,3.0,12
2022-11-22,15716,0,-0.0010185893419514258,0.0005728288353186173,0.0009554445135897538,0.00031868447320171356,0.004920609346763527,0.0029511794050325335,0.009718746573906145,0.006383272025477282,0.0019604601575372127,0.0039387673540750194,1.0977736617773004,1.0,10
2022-11-23,15700,0,-0.00338150703434259,-0.0010185893419514258,0.0005728288353186173,0.0009554445135897538,0.00031868447320171356,0.004920609346763527,0.005748977826922186,0.006646241233910999,0.002235080438523751,0.003933578061892803,0.7988595479532702,1.0,7
2022-11-24,15647,1,0.0013412104836643124,-0.00338150703434259,-0.0010185893419514258,0.0005728288353186173,0.0009554445135897538,0.00031868447320171356,-0.0025531385541839313,0.004740559806718281,0.001768543020543636,0.004002165205923472,0.02789356158776373,1.0,5
2022-11-25,15668,1,0.0038857264549214676,0.0013412104836643124,-0.00338150703434259,-0.0010185893419514258,0.0005728288353186173,0.0009554445135897538,-0.0015306125437213325,0.008074379016534294,0.0019392918664849228,0.003973738938922446,0.2470687961212656,1.0,12
2022-11-28,15729,1,0.0005084853602213002,0.0038857264549214676,0.0013412104836643124,-0.00338150703434259,-0.0010185893419514258,0.0005728288353186173,0.0013996693976103813,0.008491671138154189,0.0027067576408345145,0.003991732318751353,1.0386941407823689,3.0,10
2022-11-29,15737,1,0.00031767210153077485,0.0005084853602213002,0.0038857264549214676,0.0013412104836643124,-0.00338150703434259,-0.0010185893419514258,0.0013353259225130643,0.00573542229880708,0.0027051694961917516,0.003935702636680415,1.0563835183699777,1.0,5
2022-11-30,15742,0,-0.007972235214548817,0.00031767210153077485,0.0005084853602213002,0.0038857264549214676,0.0013412104836643124,-0.00338150703434259,0.002671587365995265,0.005733595372092282,0.00261076150682599,0.003935701858298493,1.0322298530209786,1.0,11
2022-12-01,15617,0,-0.01211120904481966,-0.007972235214548817,0.00031767210153077485,0.0005084853602213002,0.0038857264549214676,0.0013412104836643124,-0.0019191408142109623,-0.004089723893185848,0.004474290518974939,0.004324000761371695,-0.6363986221887149,1.0,6
2022-12-02,15429,0,-0.0012971011611728755,-0.01211120904481966,-0.007972235214548817,0.00031767210153077485,0.0005084853602213002,0.0038857264549214676,-0.015371560342694934,-0.019702225625868763,0.006679058473649529,0.004979391267431278,-2.488359813662856,1.0,9
2022-12-05,15409,1,0.010779513770181381,-0.0012971011611728755,-0.01211120904481966,-0.007972235214548817,0.00031767210153077485,0.0005084853602213002,-0.020554387958789277,-0.018199274047589142,0.005652063568275214,0.0049618693023874135,-2.200345980472943,3.0,19
2022-12-06,15576,1,0.0027568538056872427,0.010779513770181381,-0.0012971011611728755,-0.01211120904481966,-0.007972235214548817,0.00031767210153077485,-0.010283359548829196,-0.006909816360186838,0.008761702549009117,0.005609644268272667,-0.5158297077256125,1.0,6
2022-12-07,15619,1,0.0003200716987930008,0.0027568538056872427,0.010779513770181381,-0.0012971011611728755,-0.01211120904481966,-0.007972235214548817,-0.007844177844672728,-0.0022383535070620297,0.008991834143841582,0.0056380537394125465,-0.07917663787033162,1.0,7
2022-12-08,15624,0,-0.0023709600674646225,0.0003200716987930008,0.0027568538056872427,0.010779513770181381,-0.0012971011611728755,-0.01211120904481966,0.00044812906866908975,-0.004916211019006411,0.008249610565612034,0.005591922136925478,0.0074394822175256215,1.0,11
2022-12-09,15587,1,0.00352237067250627,-0.0023709600674646225,0.0003200716987930008,0.0027568538056872427,0.010779513770181381,-0.0012971011611728755,0.010188378046024127,0.006048924492757735,0.00525461510345708,0.004708733537574561,-0.4242585859418626,1.0,4
2022-12-12,15642,1,0.0012139413048775083,0.00352237067250627,-0.0023709600674646225,0.0003200716987930008,0.0027568538056872427,0.010779513770181381,0.015007849879703272,0.009184098464505297,0.0049214337624703605,0.004763570775025318,0.07529512722048308,3.0,15
2022-12-13,15661,0,-0.0026854236087121564,0.0012139413048775083,0.00352237067250627,-0.0023709600674646225,0.0003200716987930008,0.0027568538056872427,0.005442277414399399,0.006212990361989412,0.0023065782229839894,0.004686974446398021,0.23328112606872642,1.0,14
2022-12-14,15619,1,0.0007040225577998882,-0.0026854236087121564,0.0012139413048775083,0.00352237067250627,-0.0023709600674646225,0.0003200716987930008,0.0,0.0005763873482447224,0.002589215428384082,0.004689306711092584,-0.23751494369504872,1.0,11
2022-12-15,15630,0,-0.0008320799276759772,0.0007040225577998882,-0.0026854236087121564,0.0012139413048775083,0.00352237067250627,-0.0023709600674646225,0.0003839508590068874,-0.0036401994407189164,0.002606715574982486,0.004550533000140844,-0.08440741529588461,1.0,4
2022-12-16,15617,1,0.00025609834316320246,-0.0008320799276759772,0.0007040225577998882,-0.0026854236087121564,0.0012139413048775083,0.00352237067250627,0.0019228309987955328,-0.004790963841596607,0.0023206032385133784,0.004551144125708584,-0.18958958617683364,1.0,5
2022-12-19,15621,0,-0.000832559528062049,0.00025609834316320246,-0.0008320799276759772,0.0007040225577998882,-0.0026854236087121564,0.0012139413048775083,-0.0013434413305475346,-0.0054903100120231585,0.001547399242074821,0.004544160786828542,-0.09776371167891645,3.0,19
2022-12-20,15608,0,-0.00044858855569707146,-0.000832559528062049,0.00025609834316320246,-0.0008320799276759772,0.0007040225577998882,-0.0026854236087121564,-0.003389942163487092,-0.006895698375403825,0.0013095710061830621,0.0045412333866289,-0.19028091225926605,1.0,12
2022-12-21,15601,0,-0.00044878987770502476,-0.00044858855569707146,-0.000832559528062049,0.00025609834316320246,-0.0008320799276759772,0.0007040225577998882,-0.001153107110472007,-0.0063256975891494704,0.0006859385883095376,0.004538569972523522,-0.21916454923364492,1.0,8
2022-12-22,15594,1,0.0007051508353352887,-0.00044878987770502476,-0.00044858855569707146,-0.000832559528062049,0.00025609834316320246,-0.0008320799276759772,-0.00230591954597692,-0.003392980432511905,0.0004444912235658477,0.004481339436362581,-0.27198767678787533,1.0,10
2022-12-23,15605,1,0.0019845722079647743,0.0007051508353352887,-0.00044878987770502476,-0.00044858855569707146,-0.000832559528062049,0.00025609834316320246,-0.0007686887829656541,-0.004029040080840929,0.0006205737239307857,0.004472300770681177,-0.10200966302171051,1.0,7
2022-12-26,15636,1,0.0014698836325983677,0.0019845722079647743,0.0007051508353352887,-0.00044878987770502476,-0.00044858855569707146,-0.000832559528062049,0.0009597850818359177,-0.005930194327797622,0.001156214348957085,0.004400484209073517,0.35242571844371695,3.0,12
2022-12-27,15659,1,0.002805945339510174,0.0014698836325983677,0.0019845722079647743,0.0007051508353352887,-0.00044878987770502476,-0.00044858855569707146,0.0032622282424963345,-0.004968796055420555,0.0011034649822247995,0.00441496783245048,0.7479365960914749,1.0,6
2022-12-28,15703,1,0.0017815109375511895,0.002805945339510174,0.0014698836325983677,0.0019845722079647743,0.0007051508353352887,-0.00044878987770502476,0.00651676213770358,-0.0024805228174411553,0.0012427214383510037,0.004466519244060725,1.45097175984318,1.0,6
2022-12-29,15731,0,-0.008875325635107956,0.0017815109375511895,0.002805945339510174,0.0014698836325983677,0.0019845722079647743,0.0007051508353352887,0.008747062952959794,0.0072732233346588515,0.000765050790945579,0.004080286346291051,1.638688555971917,1.0,9
2022-12-30,15592,0,-0.0012835324570499296,-0.008875325635107956,0.0017815109375511895,0.002805945339510174,0.0014698836325983677,0.0019845722079647743,-0.00083341351748345,0.010509106744370555,0.004893329253226266,0.003594871639200984,-0.39903724479995845,1.0,7
2023-01-02,15572,1,0.001155253321474703,-0.0012835324570499296,-0.008875325635107956,0.0017815109375511895,0.002805945339510174,0.0014698836325983677,-0.004101518182498154,0.010522675448493501,0.004750316799423655,0.003594510839927698,-1.3228054284236828,3.0,10
2023-01-03,15590,1,0.0016023076653581825,0.001155253321474703,-0.0012835324570499296,-0.008875325635107956,0.0017815109375511895,0.002805945339510174,-0.004416148493621819,0.0008984149997868229,0.004714342687471741,0.0026766271584153832,-0.90765300027284,1.0,5
2023-01-04,15615,0,-0.0003202562077024851,0.0016023076653581825,0.001155253321474703,-0.0012835324570499296,-0.008875325635107956,0.0017815109375511895,-0.00561978616777381,-0.0002561311405422373,0.004504948465162035,0.0026270510806269075,-0.2639474980547413,1.0,10
2023-01-05,15610,1,0.0016002563824635274,-0.0003202562077024851,0.0016023076653581825,0.001155253321474703,-0.0012835324570499296,-0.008875325635107956,-0.007721553313027485,-0.0008964590470377232,0.004257315695192681,0.002626682584427379,-0.3721827304558039,1.0,16
2023-01-06,15635,0,-0.003909133755009009,0.0016002563824635274,-0.0003202562077024851,0.0016023076653581825,0.001155253321474703,-0.0012835324570499296,0.002754028704543998,0.0030747574028904268,0.0012938223763949686,0.0025914496118284486,0.20704488512494265,1.0,10
2023-01-09,15574,1,0.0009626801757498527,-0.003909133755009009,0.0016002563824635274,-0.0003202562077024851,0.0016023076653581825,0.001155253321474703,0.0001284274065849189,-0.004356747024624852,0.002336846839987033,0.0026156863515578235,-1.241810779675558,3.0,18
2023-01-10,15589,0,-0.0039850933315115356,0.0009626801757498527,-0.003909133755009009,0.0016002563824635274,-0.0003202562077024851,0.0016023076653581825,-6.414573913993138e-05,-0.0046080081537525075,0.0023150610835794066,0.0026090425911722173,-0.7824655594780048,1.0,18
2023-01-11,15527,0,-0.010423167553589963,-0.0039850933315115356,0.0009626801757498527,-0.003909133755009009,0.0016002563824635274,-0.0003202562077024851,-0.005651546736009649,-0.005907677876551887,0.002662913682534473,0.002688387156619811,-1.9738337747689112,1.0,8
2023-01-12,15366,0,-0.012376152467535206,-0.010423167553589963,-0.0039850933315115356,0.0009626801757498527,-0.003909133755009009,0.0016002563824635274,-0.015754458081897127,-0.017034867987941738,0.004838690451588253,0.0034996507734669836,-3.3118935263139146,1.0,15
2023-01-13,15177,0,-0.010465057754464269,-0.012376152467535206,-0.010423167553589963,-0.0039850933315115356,0.0009626801757498527,-0.003909133755009009,-0.02973086693189586,-0.028578940527800967,0.005411001079783177,0.004345910917570558,-3.3977425852851,1.0,11
2023-01-16,15019,1,0.008948457285738343,-0.010465057754464269,-0.012376152467535206,-0.010423167553589963,-0.0039850933315115356,0.0009626801757498527,-0.03628679093135112,-0.03930009662542844,0.005585483155392273,0.004767856476087391,-3.086032712158604,3.0,16
2023-01-17,15154,0,-0.0011224457287539735,0.008948457285738343,-0.010465057754464269,-0.012376152467535206,-0.010423167553589963,-0.0039850933315115356,-0.02830101382136263,-0.029519079811628046,0.008762068613436994,0.005355540469427579,-1.9371733499873647,1.0,12
2023-01-18,15137,0,-0.0015867771924451546,-0.0011224457287539735,0.008948457285738343,-0.010465057754464269,-0.012376152467535206,-0.010423167553589963,-0.02543836621860507,-0.030192936984684948,0.00898946164389822,0.0053508545547405004,-1.7441304919235785,1.0,16
2023-01-19,15113,1,0.0005292055425485387,-0.0015867771924451546,-0.0011224457287539735,0.008948457285738343,-0.010465057754464269,-0.012376152467535206,-0.01660197585746026,-0.03133092429942508,0.008535427600547579,0.00534502732833904,-1.6202677307153068,1.0,19
2023-01-20,15121,0,-0.012711894579432226,0.0005292055425485387,-0.0015867771924451546,-0.0011224457287539735,0.008948457285738343,-0.010465057754464269,-0.0036966178473765154,-0.03150686959221183,0.006908638246350978,0.005341235052212103,-1.40667713505644,1.0,9
2023-01-24,14930,1,0.0018736622183759266,-0.012711894579432226,0.0005292055425485387,-0.0015867771924451546,-0.0011224457287539735,0.008948457285738343,-0.0059434546723444726,-0.04620333637960883,0.007724312682749928,0.005815575772152273,-1.878156933820716,4.0,29
2023-01-25,14958,1,0.00040104271642427136,0.0018736622183759266,-0.012711894579432226,0.0005292055425485387,-0.0015867771924451546,-0.0011224457287539735,-0.013018249739706889,-0.04579955779383127,0.005815189451531617,0.005830071778068901,-1.5589987694791385,1.0,18
2023-01-26,14964,1,0.0009351413412765908,0.00040104271642427136,0.0018736622183759266,-0.012711894579432226,0.0005292055425485387,-0.0015867771924451546,-0.011494761294528644,-0.04820446041691717,0.00595054035547727,0.005743595895130185,-1.3786325171844351,1.0,9
2023-01-27,14978,1,6.676235940616948e-05,0.0009351413412765908,0.00040104271642427136,0.0018736622183759266,-0.012711894579432226,0.0005292055425485387,-0.008972842760806898,-0.04905083001319177,0.006130168748899994,0.005714128355443914,-1.2087830379493818,1.0,9
2023-01-30,14979,1,0.0008675053094844287,6.676235940616948e-05,0.0009351413412765908,0.00040104271642427136,0.0018736622183759266,-0.012711894579432226,-0.009435285943949268,-0.040108742018677646,0.0060896989157828135,0.005532062922558645,-1.0891885284337546,3.0,9
2023-01-31,14992,0,-6.670446588863399e-05,0.0008675053094844287,6.676235940616948e-05,0.0009351413412765908,0.00040104271642427136,0.0018736622183759266,0.004144113944967387,-0.03795770425214329,0.0006834144595290365,0.005567631959104905,-0.9434855628811003,1.0,16
2023-02-01,14991,0,-0.00823876859517192,-6.670446588863399e-05,0.0008675053094844287,6.676235940616948e-05,0.0009351413412765908,0.00040104271642427136,0.0022037472607028263,-0.039179662039506624,0.0004542841487266358,0.005538995234678504,-0.8577571030429165,1.0,16
2023-02-02,14868,1,0.002015723319079399,-0.00823876859517192,-6.670446588863399e-05,0.0008675053094844287,6.676235940616948e-05,0.0009351413412765908,-0.006436064050893364,-0.049020738300036726,0.003912438030177025,0.005642132252777552,-1.20218529816629,1.0,12
2023-02-03,14898,1,0.010483186179611081,0.002015723319079399,-0.00823876859517192,-6.670446588863399e-05,0.0008675053094844287,6.676235940616948e-05,-0.005355482073090556,-0.04668475877325484,0.004091628128789912,0.0057123059743509905,-1.0014920034215127,1.0,10
2023-02-06,15055,1,0.005564033696044746,0.010483186179611081,0.002015723319079399,-0.00823876859517192,-6.670446588863399e-05,0.0008675053094844287,0.005060941747114356,-0.03780182897610729,0.006660931421627094,0.006344658527260277,-0.2893764402713726,3.0,13
2023-02-07,15139,0,-0.0011235584936635234,0.005564033696044746,0.010483186179611081,0.002015723319079399,-0.00823876859517192,-6.670446588863399e-05,0.009757470133674673,-0.028328661525053533,0.006959865600621189,0.0065366962099658475,0.21069171675895412,1.0,13
2023-02-08,15122,0,-0.00013226638469099328,-0.0011235584936635234,0.005564033696044746,0.010483186179611081,0.002015723319079399,-0.00823876859517192,0.008700616105899783,-0.03041490019446691,0.0070519208637650046,0.006513336623915097,0.30052706505319665,1.0,11
2023-02-09,15120,1,0.001321877257915105,-0.00013226638469099328,-0.0011235584936635234,0.005564033696044746,0.010483186179611081,0.002015723319079399,0.01680711831638071,-0.026562073247646367,0.00473557907787499,0.006493560259450591,0.5577977887972912,1.0,8
2023-02-10,15140,1,0.005007257793732123,0.001321877257915105,-0.00013226638469099328,-0.0011235584936635234,0.005564033696044746,0.010483186179611081,0.016113272255216415,-0.0148170284361413,0.004794668718044048,0.006149732898909996,1.0188038881211479,1.0,7
2023-02-13,15216,0,-0.003159560290367125,0.005007257793732123,0.001321877257915105,-0.00013226638469099328,-0.0011235584936635234,0.005564033696044746,0.010637343869337457,0.0025663818251260295,0.003017769136088035,0.005624740748852577,1.735815115532243,3.0,12
2023-02-14,15168,1,0.0017126675683627468,-0.003159560290367125,0.005007257793732123,0.001321877257915105,-0.00013226638469099328,-0.0011235584936635234,0.0019137498829255861,0.009871879289223173,0.00305574056853131,0.005114676840730582,1.1335085543354753,1.0,7
2023-02-15,15194,0,-0.0011853804483159536,0.0017126675683627468,-0.003159560290367125,0.005007257793732123,0.001321877257915105,-0.00013226638469099328,0.004749975944951856,0.0026360895718475774,0.0029682099667588217,0.004726309668371837,1.3361739755808104,1.0,11
2023-02-16,15176,1,0.0015144035816110346,-0.0011853804483159536,0.0017126675683627468,-0.003159560290367125,0.005007257793732123,0.001321877257915105,0.003696861881326896,0.0025731548522855974,0.003098701775719907,0.004727209553301402,1.1244057805022014,1.0,7
2023-02-17,15199,0,-0.002041690701657828,0.0015144035816110346,-0.0011853804483159536,0.0017126675683627468,-0.003159560290367125,0.005007257793732123,0.0038893882050228257,0.0056743356263417866,0.00310892903322227,0.004718833494680552,1.2519693683511282,1.0,7
2023-02-20,15168,1,0.0007249481320545925,-0.002041690701657828,0.0015144035816110346,-0.0011853804483159536,0.0017126675683627468,-0.003159560290367125,-0.003159560290367125,0.00310343938213542,0.002167171723639796,0.0047467284097072885,0.9351958872486771,3.0,16
2023-02-21,15179,1,0.002566044109610033,0.0007249481320545925,-0.002041690701657828,0.0015144035816110346,-0.0011853804483159536,0.0017126675683627468,0.0007249481320545925,0.01654028209362224,0.0016748668582561473,0.0036550828885668816,0.9364437160680852,1.0,12
2023-02-22,15218,0,-0.002039139006198454,0.002566044109610033,0.0007249481320545925,-0.002041690701657828,0.0015144035816110346,-0.0011853804483159536,0.0015783246733018785,0.017232663984856345,0.0019025611914104922,0.00366877127698355,1.1628746843674602,1.0,5
2023-02-23,15187,1,0.0019077070549009534,-0.002039139006198454,0.002566044109610033,0.0007249481320545925,-0.002041690701657828,0.0015144035816110346,0.0007245661154193783,0.01479248226223362,0.0020991152881239894,0.0037250389077911317,0.7991321151584153,1.0,11
2023-02-24,15216,1,0.0038045306631584452,0.0019077070549009534,-0.002039139006198454,0.002566044109610033,0.0007249481320545925,-0.002041690701657828,0.001117869588709297,0.015765047975857982,0.0021694550409213685,0.0037340628289164934,0.9634004888374086,1.0,10
2023-02-27,15274,0,-0.00222848620769156,0.0038045306631584452,0.0019077070549009534,-0.002039139006198454,0.002566044109610033,0.0007249481320545925,0.00696409095352557,0.019502816279610258,0.002218237321933242,0.0037891821093055515,1.3473135853315368,3.0,8
2023-02-28,15240,1,0.000655952794920367,-0.00222848620769156,0.0038045306631584452,0.0019077070549009534,-0.002039139006198454,0.002566044109610033,0.0040106566137794175,0.01640682476243427,0.0027661140394259383,0.003856453938465274,0.9415593784082538,1.0,4
2023-03-01,15250,1,0.0015070605348874722,0.000655952794920367,-0.00222848620769156,0.0038045306631584452,0.0019077070549009534,-0.002039139006198454,0.0021005652990897516,0.01712948202324327,0.002587751803821182,0.003851087094738774,0.9414819574935757,1.0,11
2023-03-02,15273,1,0.002158344799420675,0.0015070605348874722,0.000655952794920367,-0.00222848620769156,0.0038045306631584452,0.0019077070549009534,0.005646764840175678,0.02687531115330266,0.0022025136461003812,0.003201457958533731,1.2033305939790833,1.0,3
2023-03-03,15306,0,-0.0003267226480527796,0.002158344799420675,0.0015070605348874722,0.000655952794920367,-0.00222848620769156,0.0038045306631584452,0.005897402584695399,0.027017932633643937,0.002227369002531655,0.003203191855572893,1.880875990013284,1.0,4
2023-03-06,15301,1,0.003783435693813786,-0.0003267226480527796,0.002158344799420675,0.0015070605348874722,0.000655952794920367,-0.00222848620769156,0.0017661492734841744,0.016208023805980076,0.001718211251093843,0.0023899054245322946,1.7224520806455828,3.0,15
2023-03-07,15359,1,0.0059721047347913725,0.003783435693813786,-0.0003267226480527796,0.002158344799420675,0.0015070605348874722,0.000655952794920367,0.00777807117498952,0.014427425803749117,0.0015557484449212652,0.0022314108886189645,2.2553591459522946,1.0,12
2023-03-08,15451,0,-0.0008417236406188522,0.0059721047347913725,0.003783435693813786,-0.0003267226480527796,0.002158344799420675,0.0015070605348874722,0.013094223114860526,0.021523089032204012,0.0023835433829670727,0.0024735837041730364,2.775424709176981,1.0,12
2023-03-09,15438,1,0.0019413712173879105,-0.0008417236406188522,0.0059721047347913725,0.003783435693813786,-0.0003267226480527796,0.002158344799420675,0.010745438939354202,0.020813631776276154,0.0028443464830158016,0.0024968034244715405,2.1898081844847526,1.0,11
2023-03-10,15468,0,-0.0060956028181102795,0.0019413712173879105,-0.0008417236406188522,0.0059721047347913725,0.003783435693813786,-0.0003267226480527796,0.010528465357321437,0.02143312573574896,0.0028458246887373335,0.002504306833742012,2.1241944094838727,1.0,8
2023-03-13,15374,1,0.00039019315055810466,-0.0060956028181102795,0.0019413712173879105,-0.0008417236406188522,0.0059721047347913725,0.003783435693813786,0.004759585187263937,0.010330265123906557,0.004665926622564112,0.0027992148316418075,1.0378997006567292,3.0,21
2023-03-14,15380,0,-0.0009757684950510992,0.00039019315055810466,-0.0060956028181102795,0.0019413712173879105,-0.0008417236406188522,0.0059721047347913725,0.001366342644008256,0.013880018564831786,0.004389723847263225,0.0026630895430799118,0.9948541443768327,1.0,10
2023-03-15,15365,1,0.003443462454622903,-0.0009757684950510992,0.00039019315055810466,-0.0060956028181102795,0.0019413712173879105,-0.0008417236406188522,-0.005581530585834216,0.01119158250141794,0.0030210707009928226,0.0026767806287510865,0.759672904775427,1.0,10
2023-03-16,15418,0,-0.0035085475534124555,0.003443462454622903,-0.0009757684950510992,0.00039019315055810466,-0.0060956028181102795,0.0019413712173879105,-0.0012963444905924604,0.015820425404356797,0.003658927528637069,0.0027177634571307783,1.1803526634050732,1.0,7
2023-03-17,15364,1,0.0005205622189397019,-0.0035085475534124555,0.003443462454622903,-0.0009757684950510992,0.00039019315055810466,-0.0060956028181102795,-0.006746263261392826,0.010797474269333307,0.003651221527769205,0.0028749373829780483,0.5535939844340729,1.0,11
2023-03-20,15372,0,-0.0014973473713268959,0.0005205622189397019,-0.0035085475534124555,0.003443462454622903,-0.0009757684950510992,0.00039019315055810466,-0.00013009822434284501,0.013359727189930837,0.0025268218366073466,0.002810203919064434,0.562536937493669,3.0,12
2023-03-21,15349,0,-0.010478843675388205,-0.0014973473713268959,0.0005205622189397019,-0.0035085475534124555,0.003443462454622903,-0.0009757684950510992,-0.0020176387462278456,0.011137431686549348,0.0025893206019648985,0.002851464729101319,0.22686975767838183,1.0,6
2023-03-24,15189,0,-0.0009880447399996939,-0.010478843675388205,-0.0014973473713268959,0.0005205622189397019,-0.0035085475534124555,0.003443462454622903,-0.011520713926564952,-0.0019074560984488897,0.0052426417167978166,0.003725643378672507,-1.6364210103176662,3.0,26
2023-03-27,15174,0,-0.005683711024781601,-0.0009880447399996939,-0.010478843675388205,-0.0014973473713268959,0.0005205622189397019,-0.0035085475534124555,-0.01595222112118755,-0.0008563618322501299,0.004321766581803545,0.0037041324667721094,-1.7799722877079198,3.0,16
2023-03-28,15088,1,0.00039758797157496417,-0.005683711024781601,-0.0009880447399996939,-0.010478843675388205,-0.0014973473713268959,0.0005205622189397019,-0.018127384592556695,-0.008447779911932685,0.004468769068088074,0.0038785848790083934,-2.357914338298853,1.0,7
2023-03-29,15094,0,-0.0021222981835169463,0.00039758797157496417,-0.005683711024781601,-0.0009880447399996939,-0.010478843675388205,-0.0014973473713268959,-0.018250358839921432,-0.011854722603516166,0.004440494735473441,0.003756048750522378,-1.9681409671255492,1.0,4
2023-03-30,15062,0,-0.005659324668901178,-0.0021222981835169463,0.00039758797157496417,-0.005683711024781601,-0.0009880447399996939,-0.010478843675388205,-0.018875309652111483,-0.011748534579341552,0.004373034732224587,0.003753689133259215,-1.955234305040712,1.0,6
2023-03-31,14977,1,0.0008676211042484283,-0.005659324668901178,-0.0021222981835169463,0.00039758797157496417,-0.005683711024781601,-0.0009880447399996939,-0.014055790645624455,-0.018063812043163097,0.00275943539377506,0.0039061185450672714,-2.1836709103713146,1.0,14
2023-04-03,14990,0,-0.00514999633386104,0.0008676211042484283,-0.005659324668901178,-0.0021222981835169463,0.00039758797157496417,-0.005683711024781601,-0.012200124801376333,-0.01870325147380214,0.0031614438885920262,0.0038879266500749317,-1.8058947825094078,3.0,20
2023-04-04,14913,1,0.0013402132944868583,-0.00514999633386104,0.0008676211042484283,-0.005659324668901178,-0.0021222981835169463,0.00039758797157496417,-0.011666410110455772,-0.026011592607083855,0.003030857351030578,0.003925141246826665,-1.9326911487138823,1.0,13
2023-04-05,14933,1,0.0006694336841235327,0.0013402132944868583,-0.00514999633386104,0.0008676211042484283,-0.005659324668901178,-0.0021222981835169463,-0.010723784787543877,-0.024344656664544218,0.003263571415946035,0.003964410080369339,-1.5939260232512331,1.0,10
2023-04-06,14943,0,-0.002546235629221627,0.0006694336841235327,0.0013402132944868583,-0.00514999633386104,0.0008676211042484283,-0.005659324668901178,-0.007932052919903398,-0.02745865867423447,0.0034987142193483663,0.003816049023365747,-1.3715075257940326,1.0,15
2023-04-10,14905,0,-0.0011412077900843087,-0.002546235629221627,0.0006694336841235327,0.0013402132944868583,-0.00514999633386104,0.0008676211042484283,-0.004818963880223848,-0.03597699903824747,0.002799927456882375,0.003406505599287661,-1.3996487345612438,4.0,21
2023-04-11,14888,0,-0.0014787930368473923,-0.0011412077900843087,-0.002546235629221627,0.0006694336841235327,0.0013402132944868583,-0.00514999633386104,-0.006827792774556585,-0.03627648318771293,0.002609056133745979,0.0034027329995711575,-1.3359129601731454,1.0,7
2023-04-12,14866,0,-0.0049902322182795444,-0.0014787930368473923,-0.0011412077900843087,-0.002546235629221627,0.0006694336841235327,0.0013402132944868583,-0.003156589477542937,-0.03969664744194823,0.001598749640477419,0.0032880895334530813,-1.3161462509010697,1.0,11
2023-04-13,14792,0,-0.008554604413214761,-0.0049902322182795444,-0.0014787930368473923,-0.0011412077900843087,-0.002546235629221627,0.0006694336841235327,-0.00948703499030934,-0.038591276842117495,0.0020810029080841515,0.003224021885027103,-1.4997216907808055,1.0,14
2023-04-14,14666,1,0.007269300667863021,-0.008554604413214761,-0.0049902322182795444,-0.0014787930368473923,-0.0011412077900843087,-0.002546235629221627,-0.018711073087647634,-0.04753607440589036,0.003083639204989191,0.0034943672349302085,-1.8377051056363132,1.0,9
2023-04-17,14773,1,0.005535318575098813,0.007269300667863021,-0.008554604413214761,-0.0049902322182795444,-0.0014787930368473923,-0.0011412077900843087,-0.008895536790562986,-0.03929100524297624,0.005886201567357934,0.0041019046729173295,-1.225514570318985,3.0,21
2023-04-18,14855,1,0.0018159200604994652,0.005535318575098813,0.007269300667863021,-0.008554604413214761,-0.0049902322182795444,-0.0014787930368473923,-0.0022190104253798637,-0.03719914912250033,0.006759589217896599,0.0042702733481965295,-0.7732120779296155,1.0,11
2023-04-26,14882,0,-0.008841551877157627,0.0018159200604994652,0.005535318575098813,0.007269300667863021,-0.008554604413214761,-0.0049902322182795444,0.0010757026719669938,-0.03187468150858841,0.006793973369925095,0.004327672179297255,-0.5645628209377428,8.0,56
2023-04-27,14751,0,-0.0061199701417837815,-0.008841551877157627,0.0018159200604994652,0.005535318575098813,0.007269300667863021,-0.008554604413214761,-0.002775616986911089,-0.04123679560468574,0.00769079865692129,0.004585585759443754,-1.2235537100443201,1.0,14
2023-04-28,14661,1,0.002860647639392866,-0.0061199701417837815,-0.008841551877157627,0.0018159200604994652,0.005535318575098813,0.007269300667863021,-0.0003409827154801093,-0.045859418375142624,0.00711308424461737,0.004671332936532717,-1.7174749970883867,1.0,13
2023-05-02,14703,1,0.0002040191785095402,0.002860647639392866,-0.0061199701417837815,-0.008841551877157627,0.0018159200604994652,0.005535318575098813,-0.0047496357439502646,-0.03251992706036155,0.006189424216021126,0.004384541305319895,-1.3364264698575419,4.0,22
2023-05-03,14706,0,-0.00504466268546544,0.0002040191785095402,0.002860647639392866,-0.0061199701417837815,-0.008841551877157627,0.0018159200604994652,-0.010080935140539538,-0.03132786314185232,0.0051677973518543105,0.004401738714290898,-1.2382558736155236,1.0,10
2023-05-04,14632,1,0.00286630920323816,-0.00504466268546544,0.0002040191785095402,0.002860647639392866,-0.0061199701417837815,-0.008841551877157627,-0.016941517886504442,-0.030688814802536157,0.0047931622866625246,0.004372500211057593,-1.6171099659176191,1.0,6
2023-05-05,14674,1,0.0023823310454034186,0.00286630920323816,-0.00504466268546544,0.0002040191785095402,0.002860647639392866,-0.0061199701417837815,-0.005233656806108655,-0.02822009357087296,0.004297239829941959,0.004463804960094251,-1.2176013901794174,1.0,7
2023-05-08,14709,1,0.003257995144105408,0.0023823310454034186,0.00286630920323816,-0.00504466268546544,0.0002040191785095402,0.002860647639392866,0.003268644381078545,-0.023715464341952597,0.0033700138275888627,0.004539037765831991,-0.8716726372337893,3.0,9
2023-05-09,14757,0,-0.0007456869138540156,0.003257995144105408,0.0023823310454034186,0.00286630920323816,-0.00504466268546544,0.0002040191785095402,0.0036659918857910867,-0.014798144528946011,0.0034390444948948044,0.00451437993630562,-0.3879925120602977,1.0,22
2023-05-10,14746,0,-0.00162888593094479,-0.0007456869138540156,0.003257995144105408,0.0023823310454034186,0.00286630920323816,-0.00504466268546544,0.002716285793427531,-0.016411452547048455,0.00350124231162242,0.004498529852891646,-0.4103887198470036,1.0,8
2023-05-11,14722,1,0.0020356931777243403,-0.00162888593094479,-0.0007456869138540156,0.003257995144105408,0.0023823310454034186,0.00286630920323816,0.0061320625479481805,-0.012890342144132205,0.002246922459087564,0.004387711282977533,-0.5719399989439097,1.0,8
2023-05-12,14752,1,0.004058996237128909,0.0020356931777243403,-0.00162888593094479,-0.0007456869138540156,0.003257995144105408,0.0023823310454034186,0.005301446522434361,-0.012194862260894723,0.002122635837008879,0.004406982399635489,-0.18774720655170038,1.0,5
2023-05-15,14812,0,-0.00013503477165954791,0.004058996237128909,0.0020356931777243403,-0.00162888593094479,-0.0007456869138540156,0.003257995144105408,0.006978111714159851,-0.008805299707889347,0.0024851830544417915,0.0045224280895022,0.5988479663016059,3.0,13
2023-05-16,14810,1,0.00437932315198708,-0.00013503477165954791,0.004058996237128909,0.0020356931777243403,-0.00162888593094479,-0.0007456869138540156,0.0035850817983948957,-0.006394098850327268,0.0023063221590718724,0.004495390149461249,0.6828739692769278,1.0,11
2023-05-17,14875,1,0.004092454807727464,0.00437932315198708,-0.00013503477165954791,0.004058996237128909,0.0020356931777243403,-0.00162888593094479,0.008710091864235991,-0.0008735679082558789,0.0026122945921780707,0.004610310552000428,1.565459326886106,1.0,4
2023-05-19,14936,0,-0.0026145558419656822,0.004092454807727464,0.00437932315198708,-0.00013503477165954791,0.004058996237128909,0.0020356931777243403,0.014431432602908245,0.004697679936318977,0.0019307472507284792,0.004686713628325002,2.1401665357039232,2.0,22
2023-05-22,14897,0,-0.0012762386283053928,-0.0026145558419656822,0.004092454807727464,0.00437932315198708,-0.00013503477165954791,0.004058996237128909,0.009781183583218223,0.007073356312632839,0.0031670938673505895,0.004576114670455207,1.5026174288140945,3.0,7
2023-05-23,14878,1,0.001813115360883799,-0.0012762386283053928,-0.0026145558419656822,0.004092454807727464,0.00437932315198708,-0.00013503477165954791,0.004445948717783921,0.014351722097542208,0.0031802628546741887,0.004094452180783655,1.1619465959252293,1.0,5
2023-05-24,14905,1,0.003148343023227085,0.001813115360883799,-0.0012762386283053928,-0.0026145558419656822,0.004092454807727464,0.00437932315198708,0.006394098850327268,0.008895536790562986,0.003142524152662908,0.0038065937065244306,1.3259474595513454,1.0,12
2023-05-25,14952,1,0.00046805523906279234,0.003148343023227085,0.001813115360883799,-0.0012762386283053928,-0.0026145558419656822,0.004092454807727464,0.0051631187215672725,0.006508561238691257,0.0028757940537181693,0.0036736883059648043,1.6695579979550952,1.0,10
2023-05-26,14959,1,0.0009354537632582094,0.00046805523906279234,0.003148343023227085,0.001813115360883799,-0.0012762386283053928,-0.0026145558419656822,0.0015387191529026012,0.005160696417254584,0.0023135299204583163,0.0036572326952240154,1.6153417604309965,1.0,6
2023-05-29,14973,0,-0.00026718322248342474,0.0009354537632582094,0.00046805523906279234,0.003148343023227085,0.001813115360883799,-0.0012762386283053928,0.005088728758126493,0.014937702057670421,0.0016388527630179033,0.00296478094635378,1.538489002337454,3.0,12
2023-05-30,14969,1,0.00226878517177731,-0.00026718322248342474,0.0009354537632582094,0.00046805523906279234,0.003148343023227085,0.001813115360883799,0.006097784163948461,0.020790488976970778,0.0013160920452365836,0.0025044221207438035,1.3551723496645525,1.0,10
2023-05-31,15003,0,-0.0076946617649262805,0.00226878517177731,-0.00026718322248342474,0.0009354537632582094,0.00046805523906279234,0.003148343023227085,0.006553453974841972,0.020198626509355222,0.0013816144968739996,0.0024851935242797205,1.4757532585319266,1.0,10
2023-06-05,14888,0,-0.0032966693159597327,-0.0076946617649262805,0.00226878517177731,-0.00026718322248342474,0.0009354537632582094,0.00046805523906279234,-0.0042895508133113935,0.012299945565919401,0.003931942678901985,0.00315685168497555,0.4085269244278061,5.0,33
2023-06-06,14839,1,0.0024231014077038537,-0.0032966693159597327,-0.0076946617649262805,0.00226878517177731,-0.00026718322248342474,0.0009354537632582094,-0.008054275368333919,0.014047938935425108,0.0039747774996490666,0.0030128247739843817,-0.1380780725192606,1.0,5
2023-06-07,14875,1,0.0018805835349624545,0.0024231014077038537,-0.0032966693159597327,-0.0076946617649262805,0.00226878517177731,-0.00026718322248342474,-0.006566627723888274,0.013604731139890802,0.004258577279580907,0.0029976625559419434,0.13396442903748892,1.0,12
2023-06-08,14903,0,-0.0033606699192603173,0.0018805835349624545,0.0024231014077038537,-0.0032966693159597327,-0.0076946617649262805,0.00226878517177731,-0.004418860966442395,0.013102983629449838,0.004492381963583577,0.002984739738971032,0.3648411763744242,1.0,7
2023-06-09,14853,1,0.0014128572337117618,-0.0033606699192603173,0.0018805835349624545,0.0024231014077038537,-0.0032966693159597327,-0.0076946617649262805,-0.010048316057480022,0.006484318566084113,0.004200721197229594,0.0030472283736470178,-0.30778748963255914,1.0,8
2023-06-12,14874,0,-0.0004034698461019559,0.0014128572337117618,-0.0033606699192603173,0.0018805835349624545,0.0024231014077038537,-0.0032966693159597327,-0.0009407970588419801,0.00864286271364989,0.0028891733891662852,0.003045565340487199,-0.1338217726722773,3.0,11
2023-06-13,14868,1,0.0018143337302394258,-0.0004034698461019559,0.0014128572337117618,-0.0033606699192603173,0.0018805835349624545,0.0024231014077038537,0.0019524024110157967,0.009868278798492724,0.0023504624871962224,0.0030140829331756673,-0.3696521627747248,1.0,10
2023-06-14,14895,1,0.003217376594010446,0.0018143337302394258,-0.0004034698461019559,0.0014128572337117618,-0.0033606699192603173,0.0018805835349624545,0.0013436347335513688,0.00964691935100781,0.0022316129952907183,0.003008522775103419,-0.06028469445055799,1.0,10
2023-06-15,14943,1,0.00013383297664582017,0.003217376594010446,0.0018143337302394258,-0.0004034698461019559,0.0014128572337117618,-0.0033606699192603173,0.0026804277925993603,0.008805299707889347,0.002532757202530936,0.002961378818918272,0.766990704049706,1.0,9
2023-06-16,14945,1,0.003273325344968825,0.00013383297664582017,0.003217376594010446,0.0018143337302394258,-0.0004034698461019559,0.0014128572337117618,0.006174930688505498,0.009074167456194715,0.0014312782727342443,0.0029592392509760913,0.7395590199069049,1.0,7
2023-06-19,14994,1,0.0030631974408237284,0.003273325344968825,0.00013383297664582017,0.003217376594010446,0.0018143337302394258,-0.0004034698461019559,0.008035398799762561,0.00796816964917646,0.0017047837292815465,0.002891580053075779,1.5952481574897261,3.0,6
2023-06-20,15040,0,-0.0038638379960023173,0.0030631974408237284,0.003273325344968825,0.00013383297664582017,0.003217376594010446,0.0018143337302394258,0.011502066086688245,0.0069389122822727245,0.0013508851562016885,0.0028308974052929725,2.1260749166109076,1.0,7
2023-06-21,14982,0,-0.004280942992719972,-0.0038638379960023173,0.0030631974408237284,0.003273325344968825,0.00013383297664582017,0.003217376594010446,0.005823894360446502,0.0056896301282360895,0.0031069661948527694,0.002912295122303268,0.9773582771549173,1.0,11
2023-06-22,14918,1,0.0053483213462257595,-0.004280942992719972,-0.0038638379960023173,0.0030631974408237284,0.003273325344968825,0.00013383297664582017,-0.0016744252262839154,0.0026849257638215107,0.0036335494230747872,0.003070261739321782,-0.19728997903515808,1.0,9
2023-06-23,14998,1,0.0018651750677705081,0.0053483213462257595,-0.004280942992719972,-0.0038638379960023173,0.0030631974408237284,0.003273325344968825,0.003540063143296024,0.006220131749163471,0.004456783766140762,0.0032674368603455945,1.1303726573156925,1.0,9
2023-06-26,15026,0,-0.0017318328447579745,0.0018651750677705081,0.0053483213462257595,-0.004280942992719972,-0.0038638379960023173,0.0030631974408237284,0.002131912866097707,0.004936963793706894,0.004295733473166682,0.0032210603411553735,1.4653101301013252,3.0,16
2023-06-27,15000,1,0.0022641016530666747,-0.0017318328447579745,0.0018651750677705081,0.0053483213462257595,-0.004280942992719972,-0.0038638379960023173,-0.0026631174194839957,0.0027370757098861276,0.004090230505313453,0.0032505354652346773,0.9787361465940897,1.0,7
2023-07-03,15034,0,-0.0010648210775840994,0.0022641016530666747,-0.0017318328447579745,0.0018651750677705081,0.0053483213462257595,-0.004280942992719972,0.003464822229584996,0.004065723599694593,0.003746141176061094,0.003281148641214024,1.4060509997270183,6.0,36
2023-07-04,15018,0,-0.00033298924752500625,-0.0010648210775840994,0.0022641016530666747,-0.0017318328447579745,0.0018651750677705081,0.0053483213462257595,0.006680944144720868,0.003268085744593918,0.002846737674418736,0.0032919977534023605,1.0904413172684182,1.0,2
2023-07-05,15013,1,0.0032585232489914517,-0.00033298924752500625,-0.0010648210775840994,0.0022641016530666747,-0.0017318328447579745,0.0018651750677705081,0.0009996335509701026,0.000666311325291602,0.0017782822926931563,0.0032556271230755507,1.0011751510898677,1.0,11
2023-07-06,15062,1,0.004900996630363252,0.0032585232489914517,-0.00033298924752500625,-0.0010648210775840994,0.0022641016530666747,-0.0017318328447579745,0.0023929817321910463,0.011619496339209334,0.002170416349109901,0.002772655664022297,1.5217544733344543,1.0,12
2023-07-07,15136,1,0.0036929612004623635,0.004900996630363252,0.0032585232489914517,-0.00033298924752500625,-0.0010648210775840994,0.0022641016530666747,0.009025811207312273,0.01981716228553232,0.0024857378284271502,0.0027751827563508398,2.1850085869919247,1.0,6
2023-07-10,15192,0,-0.001976675875873468,0.0036929612004623635,0.004900996630363252,0.0032585232489914517,-0.00033298924752500625,-0.0010648210775840994,0.010454670754707962,0.02108702207829083,0.0026296578585215057,0.002823776496429241,2.355552145991783,3.0,10
2023-07-11,15162,0,-0.005157718238001152,-0.001976675875873468,0.0036929612004623635,0.004900996630363252,0.0032585232489914517,-0.00033298924752500625,0.009542815956418593,0.017229762667454906,0.0029189367175729486,0.0028951965877066937,1.7449023018554561,1.0,12
2023-07-12,15084,0,-0.007052121568934311,-0.005157718238001152,-0.001976675875873468,0.0036929612004623635,0.004900996630363252,0.0032585232489914517,0.004718086965942447,0.015432714348714072,0.004310827651982878,0.0030565190033132084,0.8351276460892743,1.0,16
2023-07-13,14978,0,-0.002205662091274263,-0.007052121568934311,-0.005157718238001152,-0.001976675875873468,0.0036929612004623635,0.004900996630363252,-0.005592557851983315,0.006967735546067999,0.005283088899907295,0.0035147889033812748,-0.4325069449008231,1.0,18
2023-07-14,14945,1,0.004139963177950179,-0.002205662091274263,-0.007052121568934311,-0.005157718238001152,-0.001976675875873468,0.0036929612004623635,-0.01269921657362083,0.005165543300895692,0.0040770887571942175,0.0035579160227050648,-0.9308143859337957,1.0,9
2023-07-17,15007,0,-0.000866637832981354,0.004139963177950179,-0.002205662091274263,-0.007052121568934311,-0.005157718238001152,-0.001976675875873468,-0.012252214596133015,0.007491172748606445,0.004249194377691703,0.0036483039225898425,-0.2300038288969903,3.0,15
2023-07-18,14994,0,-0.00020010005069259762,-0.000866637832981354,0.004139963177950179,-0.002205662091274263,-0.007052121568934311,-0.005157718238001152,-0.011142176553240901,0.003407158321614645,0.004308716684992827,0.0035947132582521235,-0.4553459707693754,1.0,5
2023-07-20,14991,1,0.0023320129167903048,-0.00020010005069259762,-0.000866637832981354,0.004139963177950179,-0.002205662091274263,-0.007052121568934311,-0.006184558365932347,0.0030732252942762273,0.0040273442777534335,0.003595667233612568,-0.5455956994569938,2.0,18
2023-07-21,15026,1,0.00013309376475412193,0.0023320129167903048,-0.00020010005069259762,-0.000866637832981354,0.004139963177950179,-0.002205662091274263,0.003199576119792269,0.002131912866097707,0.0025586211283774194,0.003558653224959105,-0.06266225967171385,1.0,9
2023-07-24,15028,0,-0.001398368797870475,0.00013309376475412193,0.0023320129167903048,-0.00020010005069259762,-0.000866637832981354,0.004139963177950179,0.005538331975820654,-0.0007981908099718993,0.0020767625200079397,0.0034901830393747773,-0.024786752948919466,3.0,16
2023-07-25,15007,1,0.0016645031973130386,-0.001398368797870475,0.00013309376475412193,0.0023320129167903048,-0.00020010005069259762,-0.000866637832981354,0.0,0.001667278388159943,0.0014320033740352,0.003390119009875218,-0.3527544764435385,1.0,4
2023-07-26,15032,0,-0.001931081006288693,0.0016645031973130386,-0.001398368797870475,0.00013309376475412193,0.0023320129167903048,-0.00020010005069259762,0.0025311410302943926,0.007612724578192953,0.0014950509548386259,0.0032448391509416145,-0.0744211605525363,1.0,14
2023-07-27,15003,1,0.005318100681238391,-0.001931081006288693,0.0016645031973130386,-0.001398368797870475,0.00013309376475412193,0.0023320129167903048,0.0008001600746982973,0.00033332222567850067,0.0018562749666224715,0.003061366201846952,-0.5438857957111497,1.0,16
2023-07-28,15083,1,0.0005965203159501442,0.005318100681238391,-0.001931081006288693,0.0016645031973130386,-0.001398368797870475,0.00013309376475412193,0.003786247839146384,0.003786247839146384,0.0029106637691293266,0.003261896330818171,0.6853875345934755,1.0,5
2023-07-31,15092,1,0.0016551362645067513,0.0005965203159501442,0.005318100681238391,-0.001931081006288693,0.0016645031973130386,-0.001398368797870475,0.004249674390342406,0.0061146009998545026,0.0028931455588993055,0.0032311261165327127,0.7515137711269855,3.0,17
2023-08-01,15117,1,0.0035657723993836044,0.0016551362645067513,0.0005965203159501442,0.005318100681238391,-0.001931081006288693,0.0016645031973130386,0.0073031794527196325,0.005505635611294579,0.002608153854750709,0.0032145268907167028,1.0477554845142065,1.0,9
2023-08-02,15171,1,0.0017781294816376914,0.0035657723993836044,0.0016551362645067513,0.0005965203159501442,0.005318100681238391,-0.001931081006288693,0.009204448654790198,0.010136229088262283,0.0027783510868200196,0.0032790387915744026,1.6318295771117166,1.0,7
2023-08-03,15198,0,-0.001975894734925987,0.0017781294816376914,0.0035657723993836044,0.0016551362645067513,0.0005965203159501442,0.005318100681238391,0.012913659142716583,0.01224734781742498,0.0018642334995941634,0.003284556813245282,1.737463031724705,1.0,6
2023-08-04,15168,1,0.0006590654690548092,-0.001975894734925987,0.0017781294816376914,0.0035657723993836044,0.0016551362645067513,0.0005965203159501442,0.005619663726552204,0.007012929833507542,0.002034688288332183,0.003271125342770063,1.2211899433353914,1.0,7
2023-08-07,15178,1,0.003354493887831822,0.0006590654690548092,-0.001975894734925987,0.0017781294816376914,0.0035657723993836044,0.0016551362645067513,0.005682208879656869,0.0027709986721990987,0.0020308237895838486,0.0030932413253161248,1.2828103578327081,3.0,11
2023-08-08,15229,0,-0.0015114180633091223,0.003354493887831822,0.0006590654690548092,-0.001975894734925987,0.0017781294816376914,0.0035657723993836044,0.00738156650298194,0.002432531359568557,0.00226771520420862,0.00307363511936521,1.8117590323903137,1.0,4
2023-08-09,15206,0,-0.0001315356792428446,-0.0015114180633091223,0.003354493887831822,0.0006590654690548092,-0.001975894734925987,0.0017781294816376914,0.0023043760402892133,0.002897789172132903,0.002234684304776861,0.0030586423069308933,1.4661667279013457,1.0,7
2023-08-10,15204,1,0.0013802624689596144,-0.0001315356792428446,-0.0015114180633091223,0.003354493887831822,0.0006590654690548092,-0.001975894734925987,0.00039471087940867733,0.00792397173089121,0.0021131542419364478,0.0027951668756342504,1.3087085596197083,1.0,8
2023-08-11,15225,1,0.0064161540000782225,0.0013802624689596144,-0.0001315356792428446,-0.0015114180633091223,0.003354493887831822,0.0006590654690548092,0.0037508680832942787,0.016356355768785136,0.0018083144735205655,0.0021810409507515634,1.3763445196160933,1.0,10
2023-08-14,15323,1,0.001499886159434638,0.0064161540000782225,0.0013802624689596144,-0.0001315356792428446,-0.0015114180633091223,0.003354493887831822,0.009507956614317692,0.02497817186013762,0.0031042802821467656,0.0023936869279101514,2.082576934439397,3.0,12
2023-08-15,15346,0,-0.002479286192018648,0.001499886159434638,0.0064161540000782225,0.0013802624689596144,-0.0001315356792428446,-0.0015114180633091223,0.007653348885920508,0.02233809484162208,0.0029961955664762905,0.0022966943964229897,1.9633575957188159,1.0,6
2023-08-16,15308,0,0.0,-0.002479286192018648,0.001499886159434638,0.0064161540000782225,0.0013802624689596144,-0.0001315356792428446,0.006685480757210982,0.020725446482584786,0.0032613971773245596,0.002396152774010598,1.4488866676345935,1.0,4
2023-08-18,15308,1,0.001370891620515735,0.0,-0.002479286192018648,0.001499886159434638,0.0064161540000782225,0.0013802624689596144,0.006817016436453827,0.020925546533277384,0.0032470884084884366,0.0023911311559109676,1.3156725098039137,2.0,17
2023-08-21,15329,0,-0.00019572663575928573,0.001370891620515735,0.0,-0.002479286192018648,0.001499886159434638,0.0064161540000782225,0.006807645588009947,0.019964425237002814,0.003247078949252994,0.0023735242131229985,1.355701842530785,3.0,13
2023-08-22,15326,0,-0.00045684451765204415,-0.00019572663575928573,0.001370891620515735,0.0,-0.002479286192018648,0.001499886159434638,0.00019576495217243917,0.019635604836489406,0.0016051874097005013,0.002380959409328478,1.2078034810109664,1.0,11
2023-08-23,15319,0,-0.0043176830127631405,-0.00045684451765204415,-0.00019572663575928573,0.001370891620515735,0.0,-0.002479286192018648,-0.001760965724914243,0.020577129116707837,0.0013832045790052557,0.0023403845255071426,1.0578957920408514,1.0,0
2023-08-24,15253,1,0.0028805257233326387,-0.0043176830127631405,-0.00045684451765204415,-0.00019572663575928573,0.001370891620515735,0.0,-0.0035993625456587353,0.014594942906631658,0.002131763595954055,0.0026203927461171278,0.34942088513089065,1.0,1
2023-08-25,15297,0,-0.00019613611909541362,0.0028805257233326387,-0.0043176830127631405,-0.00045684451765204415,-0.00019572663575928573,0.001370891620515735,-0.0007188368223260966,0.01940654963625299,0.0026908562499004234,0.0025838666334255557,0.7568104601411524,1.0,10
2023-08-28,15294,0,-0.002028995689048685,-0.00019613611909541362,0.0028805257233326387,-0.0043176830127631405,-0.00045684451765204415,-0.00019572663575928573,-0.0022858645619372453,0.013892312835919185,0.002558332703581011,0.002381818566285669,0.64920737038712,3.0,9
2023-08-29,15263,0,-0.0015736676252622317,-0.002028995689048685,-0.00019613611909541362,0.0028805257233326387,-0.0043176830127631405,-0.00045684451765204415,-0.0041191336152266445,0.011266796830920356,0.0026415129419599236,0.002458625024868538,0.14728637966196326,1.0,4
2023-08-30,15239,0,-0.00013125082050535752,-0.0015736676252622317,-0.002028995689048685,-0.00019613611909541362,0.0028805257233326387,-0.0043176830127631405,-0.005235956722836832,0.008037992941151373,0.0026499287329563607,0.002488980197013285,-0.34074310386404044,1.0,6
2023-08-31,15237,1,0.00098396150809954,-0.00013125082050535752,-0.0015736676252622317,-0.002028995689048685,-0.00019613611909541362,0.0028805257233326387,-0.001049524530579049,0.004340969721262411,0.001918728586251672,0.0023763770035286143,-0.4565655943328974,1.0,16
2023-09-01,15252,0,-0.0003278796055479205,0.00098396150809954,-0.00013125082050535752,-0.0015736676252622317,-0.002028995689048685,-0.00019613611909541362,-0.0029460887458121476,0.0035468017477242597,0.0012125635989356492,0.00235546209753112,-0.24517747938449738,1.0,9
2023-09-04,15247,1,0.0008522634665411033,-0.0003278796055479205,0.00098396150809954,-0.00013125082050535752,-0.0015736676252622317,-0.002028995689048685,-0.0030778322322646545,0.005194816877102326,0.0012032825015371805,0.0023044449178648094,-0.45191428139905215,3.0,11
2023-09-05,15260,1,0.0030752142532595172,0.0008522634665411033,-0.0003278796055479205,0.00098396150809954,-0.00013125082050535752,-0.0015736676252622317,-0.00019657307667486634,0.00538801487458862,0.0010353703056568179,0.0023066108407059065,-0.29991684334102703,1.0,14
2023-09-06,15307,1,0.0017623450271333496,0.0030752142532595172,0.0008522634665411033,-0.0003278796055479205,0.00098396150809954,-0.00013125082050535752,0.004452308801846883,0.0051087352400163155,0.0013519982479176544,0.0022877190171312766,0.6861324718809713,1.0,6
2023-09-07,15334,1,0.00045639772593375483,0.0017623450271333496,0.0030752142532595172,0.0008522634665411033,-0.0003278796055479205,0.00098396150809954,0.00634590464948559,0.008382498330458787,0.0012560592975250039,0.0022717096278576806,1.2048818483911647,1.0,11
2023-09-08,15341,1,0.000716775842761308,0.00045639772593375483,0.0017623450271333496,0.0030752142532595172,0.0008522634665411033,-0.0003278796055479205,0.0058183408673198045,0.008970431735635387,0.001307128680048355,0.00226800987325975,1.2875429949376174,1.0,7
2023-09-11,15352,0,-0.0005212405643160167,0.000716775842761308,0.00045639772593375483,0.0017623450271333496,0.0030752142532595172,0.0008522634665411033,0.006862996315629033,0.00830694510943708,0.0010713401096114343,0.002258496419582155,1.4377988812410214,3.0,18
2023-09-12,15344,1,0.0014978349321133066,-0.0005212405643160167,0.000716775842761308,0.00045639772593375483,0.0017623450271333496,0.0030752142532595172,0.005489492284771913,0.0013695505450428413,0.0013720109154166966,0.0017677886641224998,1.1709551122575839,1.0,6
2023-09-13,15367,0,-0.0006509569296397899,0.0014978349321133066,-0.0005212405643160167,0.000716775842761308,0.00045639772593375483,0.0017623450271333496,0.003912112963625702,0.00136749931772151,0.0009058424434440913,0.0017677013049537471,1.6600771316510352,1.0,14
2023-09-14,15357,1,0.0006509569296397899,-0.0006509569296397899,0.0014978349321133066,-0.0005212405643160167,0.000716775842761308,0.00045639772593375483,0.0014988110068525629,0.0031958285801003683,0.0008960644145574356,0.0016737966891095745,1.2941117138720002,1.0,12
2023-09-15,15367,1,0.0003903708572661202,0.0006509569296397899,-0.0006509569296397899,0.0014978349321133066,-0.0005212405643160167,0.000716775842761308,0.001693370210558598,0.003846785509740158,0.00090870211469494,0.0016768522323722997,1.3798050800258164,1.0,8
2023-09-18,15373,1,0.0005202575392111441,0.0003903708572661202,0.0006509569296397899,-0.0006509569296397899,0.0014978349321133066,-0.0005212405643160167,0.0013669652250634101,0.0028662647464905433,0.0008861943465086606,0.0016547697344038118,1.3938498036712983,3.0,22
2023-09-19,15381,1,0.0009747539518265569,0.0005202575392111441,0.0003903708572661202,0.0006509569296397899,-0.0006509569296397899,0.0014978349321133066,0.002408463328590571,0.003582248921460973,0.0007671240976247944,0.0016547937048771856,1.4235099262881754,1.0,14
2023-09-20,15396,1,6.494982628169055e-05,0.0009747539518265569,0.0005202575392111441,0.0003903708572661202,0.0006509569296397899,-0.0006509569296397899,0.0018853823483038212,0.005013847390939574,0.0006143612757456366,0.0016567983129390932,1.535073145910292,1.0,13
2023-09-21,15397,0,-0.0009096816741678282,6.494982628169055e-05,0.0009747539518265569,0.0005202575392111441,0.0003903708572661202,0.0006509569296397899,0.0026012891042253017,0.009396480229984405,0.0003345986339399997,0.0012640516618770083,1.3905187682949172,1.0,20
2023-09-22,15383,1,0.0010395686726631936,-0.0009096816741678282,6.494982628169055e-05,0.0009747539518265569,0.0005202575392111441,0.0003903708572661202,0.0010406505004176836,0.005606272832483938,0.0007050445225936294,0.0011637501780549194,1.0323183077600722,1.0,7
2023-09-25,15399,1,0.004212169659753684,0.0010395686726631936,-0.0009096816741678282,6.494982628169055e-05,0.0009747539518265569,0.0005202575392111441,0.001689848315814757,0.006841977624242546,0.0008003339866969078,0.0011699098159706196,1.183393379763247,3.0,9
2023-09-26,15464,1,0.0040012960774582496,0.004212169659753684,0.0010395686726631936,-0.0009096816741678282,6.494982628169055e-05,0.0009747539518265569,0.005381760436357297,0.013083142973044914,0.0019243370081482838,0.0013261110872105097,1.9566024811967762,1.0,14
2023-09-27,15526,0,-0.0025150756494500826,0.0040012960774582496,0.004212169659753684,0.0010395686726631936,-0.0009096816741678282,6.494982628169055e-05,0.00840830256198899,0.018658106675765396,0.00231976698186885,0.0014160539401701948,2.4061878035450093,1.0,13
2023-09-29,15487,1,0.002064117355448758,-0.0025150756494500826,0.0040012960774582496,0.004212169659753684,0.0010395686726631936,-0.0009096816741678282,0.005828277086257216,0.01627428184682067,0.0029661764141378343,0.0015988643990963477,1.6781912090743434,2.0,28
2023-10-02,15519,1,0.005205834566003986,0.002064117355448758,-0.0025150756494500826,0.0040012960774582496,0.004212169659753684,0.0010395686726631936,0.008802076115873803,0.01735443769416989,0.0027351564743543144,0.001622979185136601,1.8771168941914365,3.0,14
2023-10-03,15600,1,0.002305033675217061,0.005205834566003986,0.002064117355448758,-0.0025150756494500826,0.0040012960774582496,0.004212169659753684,0.012968342009214595,0.022888151865721795,0.003074250484124695,0.0018624520673145182,2.4594021491814115,1.0,13
2023-10-04,15636,0,-0.002240933165595038,0.002305033675217061,0.005205834566003986,0.002064117355448758,-0.0025150756494500826,0.0040012960774582496,0.011061206024677972,0.024340922074397753,0.002938553824052592,0.0018787174237137134,2.397112646874084,1.0,5
2023-10-05,15601,1,0.0017291624277113726,-0.002240933165595038,0.002305033675217061,0.005205834566003986,0.002064117355448758,-0.0025150756494500826,0.004818976781624684,0.019024774655543197,0.0032930743143871027,0.00197555807693132,1.7590564115481608,1.0,12
2023-10-06,15628,1,0.003002909326159653,0.0017291624277113726,-0.002240933165595038,0.002305033675217061,0.005205834566003986,0.002064117355448758,0.00906321485878614,0.01899159205612122,0.00265790733794086,0.001974854843318518,1.7660836768151877,1.0,4
2023-10-09,15675,1,0.002103050196780032,0.003002909326159653,0.0017291624277113726,-0.002240933165595038,0.002305033675217061,0.005205834566003986,0.010002006829497034,0.02153810365634712,0.002712706868804415,0.0020228911034772586,1.898146422011381,3.0,34
2023-10-10,15708,1,0.0001273155517651503,0.002103050196780032,0.003002909326159653,0.0017291624277113726,-0.002240933165595038,0.002305033675217061,0.00689922246027308,0.022924378010365842,0.002076378749048629,0.0020336235812344287,1.8763507618075232,1.0,12
2023-10-11,15710,0,-0.0005093594914651334,0.0001273155517651503,0.002103050196780032,0.003002909326159653,0.0017291624277113726,-0.002240933165595038,0.0047215043368211695,0.02357293412644701,0.0020621443520388357,0.002010676558673089,1.6623718992191545,1.0,7
2023-10-12,15702,1,0.0004457037417378018,-0.0005093594914651334,0.0001273155517651503,0.002103050196780032,0.003002909326159653,0.0017291624277113726,0.006453078010951074,0.02156573970286857,0.0014471956010595685,0.0020437275873670126,1.4256076554743018,1.0,16
2023-10-13,15709,1,0.0004455051784120201,0.0004457037417378018,-0.0005093594914651334,0.0001273155517651503,0.002103050196780032,0.003002909326159653,0.0051696193249775035,0.02266240037424616,0.001463693950672658,0.0020093121418921648,1.3320516438674226,1.0,8
2023-10-16,15716,1,0.00012725074777009127,0.0004455051784120201,0.0004457037417378018,-0.0005093594914651334,0.0001273155517651503,0.002103050196780032,0.0026122151772298707,0.02245694862301839,0.000965772946194445,0.002012429701820053,1.2533015018622788,3.0,14
2023-10-17,15718,1,0.000826735396383782,0.00012725074777009127,0.0004455051784120201,0.0004457037417378018,-0.0005093594914651334,0.0001273155517651503,0.0006364157282199301,0.022193828513522362,0.00038986240766480213,0.002018321632154734,1.1543110859959729,1.0,11
2023-10-18,15731,1,0.006778827947853117,0.000826735396383782,0.00012725074777009127,0.0004455051784120201,0.0004457037417378018,-0.0005093594914651334,0.0013358355728385618,0.022500306370695,0.0004998416283800113,0.0020147712078520696,1.1455635911776694,1.0,10
2023-10-19,15838,1,0.0011358617994119413,0.006778827947853117,0.000826735396383782,0.00012725074777009127,0.0004455051784120201,0.0004457037417378018,0.008624023012156812,0.02830438036672156,0.0028361313713219168,0.002377364887979428,1.7612230729961054,1.0,10
2023-10-20,15856,1,0.005471883837595115,0.0011358617994119413,0.006778827947853117,0.000826735396383782,0.00012725074777009127,0.0004455051784120201,0.009314181069830951,0.02937529233985181,0.0027744393850863006,0.002357327694695565,1.7050904336720614,1.0,7
2023-10-23,15943,0,-0.0046523408445224845,0.005471883837595115,0.0011358617994119413,0.006778827947853117,0.000826735396383782,0.00012725074777009127,0.014340559729014046,0.035756857851614754,0.00303123558166676,0.00244857231397757,2.0861932933985323,3.0,7
2023-10-24,15869,1,0.0001260239447162803,-0.0046523408445224845,0.005471883837595115,0.0011358617994119413,0.006778827947853117,0.000826735396383782,0.00956096813672147,0.030064948334429076,0.004506371808702037,0.0028396699374606356,1.4425558260390314,1.0,3
2023-10-25,15871,1,0.0038988855829504843,0.0001260239447162803,-0.0046523408445224845,0.005471883837595115,0.0011358617994119413,0.006778827947853117,0.008860256685053969,0.025978802619391672,0.0045591537254554655,0.0027808975941464183,1.343655360245702,1.0,13
2023-10-26,15933,1,0.0005019765431377721,0.0038988855829504843,0.0001260239447162803,-0.0046523408445224845,0.005471883837595115,0.0011358617994119413,0.0059803143201513365,0.025876392124883907,0.0039032143498381475,0.0027757493198825624,1.6373802758797509,1.0,11
2023-10-27,15941,0,-0.0015695140868281499,0.0005019765431377721,0.0038988855829504843,0.0001260239447162803,-0.0046523408445224845,0.005471883837595115,0.005346429063877167,0.02889344431747176,0.003915932155699785,0.002636336209898733,1.5687209138879976,1.0,4
2023-10-30,15916,0,-0.001194480385947827,-0.0015695140868281499,0.0005019765431377721,0.0038988855829504843,0.0001260239447162803,-0.0046523408445224845,-0.0016949688605460977,0.025259812875194854,0.0031225885571173778,0.002715419387346595,1.2754656099559611,3.0,9
2023-10-31,15897,1,0.003077601901569693,-0.001194480385947827,-0.0015695140868281499,0.0005019765431377721,0.0038988855829504843,0.0001260239447162803,0.0017628915980285598,0.01885949792324304,0.00216435739755058,0.002601027030220766,1.0170336009142893,1.0,6
2023-11-01,15946,0,-0.005344748158881529,0.003077601901569693,-0.001194480385947827,-0.0015695140868281499,0.0005019765431377721,0.0038988855829504843,0.004714469554881973,0.019632066149595673,0.0024682907004508884,0.00262791768554735,1.3026271904415914,1.0,10
2023-11-02,15861,0,-0.005690455416001328,-0.005344748158881529,0.003077601901569693,-0.001194480385947827,-0.0015695140868281499,0.0005019765431377721,-0.004529164186950041,0.01652825115630918,0.0030853459696997252,0.002905252720760551,0.4920869355801399,1.0,4
2023-11-03,15771,0,-0.014112171880178437,-0.005690455416001328,-0.005344748158881529,0.003077601901569693,-0.001194480385947827,-0.0015695140868281499,-0.01072159614608914,0.009108633312596481,0.003581859931136026,0.0032385136980075647,-0.451574180416098,1.0,4
2023-11-06,15550,1,0.0027614569775060716,-0.014112171880178437,-0.005690455416001328,-0.005344748158881529,0.003077601901569693,-0.001194480385947827,-0.023264253939439428,-0.008006447893741608,0.006378760175070862,0.0045326335952874455,-2.3320288899766553,3.0,7
2023-11-07,15593,1,0.0023060672573080865,0.0027614569775060716,-0.014112171880178437,-0.005690455416001328,-0.005344748158881529,0.003077601901569693,-0.01930831657598553,-0.007348041113015569,0.00711751486128642,0.0045541125333720504,-1.7637386002412956,1.0,13
2023-11-08,15629,1,0.0012788543209776293,0.0023060672573080865,0.0027614569775060716,-0.014112171880178437,-0.005690455416001328,-0.005344748158881529,-0.020079851220247136,-0.0051692894074726325,0.006935497760209045,0.0045924665031711765,-1.3749741145235495,1.0,12
2023-11-09,15649,1,0.0028077358755496107,0.0012788543209776293,0.0023060672573080865,0.0027614569775060716,-0.014112171880178437,-0.005690455416001328,-0.013456248740387977,-0.00338107559502987,0.007243956294606694,0.0046047157658147715,-1.1666359577913283,1.0,7
2023-11-10,15693,1,0.00127364215141057,0.0028077358755496107,0.0012788543209776293,0.0023060672573080865,0.0027614569775060716,-0.014112171880178437,-0.004958057448837039,-0.001019043461218061,0.007360356112265938,0.004651367249170943,-0.8090946983976037,1.0,9
2023-11-13,15713,0,-0.0008913791498130763,0.00127364215141057,0.0028077358755496107,0.0012788543209776293,0.0023060672573080865,0.0027614569775060716,0.010427756582751968,-0.00019090648821951106,0.0007643596691023855,0.004659697969243283,-0.6503718719685889,3.0,14
2023-11-14,15699,0,-0.012563462473956122,-0.0008913791498130763,0.00127364215141057,0.0028077358755496107,0.0012788543209776293,0.0023060672573080865,0.00677492045543282,-0.0012095363858026786,0.0014207046666568973,0.00466368927552153,-0.7487572446134357,1.0,11
2023-11-15,15503,1,0.005916796475540664,-0.012563462473956122,-0.0008913791498130763,0.00127364215141057,0.0028077358755496107,0.0012788543209776293,-0.008094609275831388,-0.014599734256142582,0.006258426713410713,0.005428107115688991,-1.9568080406600046,1.0,11
2023-11-16,15595,0,-0.005852294911354861,0.005916796475540664,-0.012563462473956122,-0.0008913791498130763,0.00127364215141057,0.0028077358755496107,-0.003456667121268353,-0.015461765728455035,0.007084480612850919,0.005368440254518064,-1.1861926052393583,1.0,9
2023-11-17,15504,0,-0.005497539959195663,-0.005852294911354861,0.005916796475540664,-0.012563462473956122,-0.0008913791498130763,0.00127364215141057,-0.012116697908172824,-0.022449922439221837,0.007073759132807877,0.00546421563378787,-1.574356436150177,1.0,2
2023-11-20,15419,1,0.001101928486157533,-0.005497539959195663,-0.005852294911354861,0.005916796475540664,-0.012563462473956122,-0.0008913791498130763,-0.018887880018779057,-0.033419346236012615,0.006833109205695824,0.005315984564762904,-1.8290008626770804,3.0,16
2023-11-21,15436,1,0.009542303224806759,0.001101928486157533,-0.005497539959195663,-0.005852294911354861,0.005916796475540664,-0.012563462473956122,-0.016894572382808448,-0.027665076905332597,0.007096659467469744,0.005301831501577995,-1.5234632889551671,1.0,8
2023-11-22,15584,1,0.0005773487025688695,0.009542303224806759,0.001101928486157533,-0.005497539959195663,-0.005852294911354861,0.005916796475540664,0.005211193315954432,-0.01824879762524212,0.006824940877635988,0.0058342703067011175,-0.6158104754260549,1.0,4
2023-11-23,15593,0,-0.00038486209583510345,0.0005773487025688695,0.009542303224806759,0.001101928486157533,-0.005497539959195663,-0.005852294911354861,-0.0001282544570173627,-0.021570334505623734,0.006266421232218493,0.005736560849227836,-0.4905466252979545,1.0,1
2023-11-24,15587,0,-0.003856789507880265,-0.00038486209583510345,0.0005773487025688695,0.009542303224806759,0.001101928486157533,-0.005497539959195663,0.005339178358502394,-0.02245717314459661,0.005414628982536671,0.0057271208473176766,-0.4511126430502688,1.0,3
2023-11-27,15527,0,-0.004971440655278769,-0.003856789507880265,-0.00038486209583510345,0.0005773487025688695,0.009542303224806759,0.001101928486157533,0.0069799288098177925,-0.024744448565648725,0.004946771463540687,0.0057592563764165315,-0.7627923368676035,3.0,20
2023-11-28,15450,0,-0.004280995057275305,-0.004971440655278769,-0.003856789507880265,-0.00038486209583510345,0.0005773487025688695,0.009542303224806759,0.0009065596683814903,-0.028521408834979667,0.005721946316637214,0.005819391058835509,-1.2059098372736021,1.0,11
2023-11-29,15384,1,0.006479224428922237,-0.004280995057275305,-0.004971440655278769,-0.003856789507880265,-0.00038486209583510345,0.0005773487025688695,-0.012916738613700574,-0.035880005793824665,0.0025014990131771676,0.0057518922110429156,-1.65964992387555,1.0,11
2023-11-30,15484,1,0.0025799807912587625,0.006479224428922237,-0.004280995057275305,-0.004971440655278769,-0.003856789507880265,-0.00038486209583510345,-0.007014862887347206,-0.0240560332060209,0.004748783369057978,0.005971199018128726,-0.7953585415807223,1.0,7
2023-12-01,15524,0,-0.0050371433595870485,0.0025799807912587625,0.006479224428922237,-0.004280995057275305,-0.004971440655278769,-0.003856789507880265,-0.00405002000025334,-0.01578559699876081,0.005081168267745764,0.005930294825633562,-0.3357563794920306,1.0,8
2023-12-04,15446,1,0.0037479850013379945,-0.0050371433595870485,0.0025799807912587625,0.006479224428922237,-0.004280995057275305,-0.004971440655278769,-0.005230373851960124,-0.006710568478169421,0.005281577464445621,0.0051535711832438914,-1.068986156358328,3.0,16
2023-12-05,15504,0,0.0,0.0037479850013379945,-0.0050371433595870485,0.0025799807912587625,0.006479224428922237,-0.004280995057275305,0.00348905180465664,-0.005724040454337498,0.00509777100947545,0.005189370331517151,-0.43078893136528545,1.0,19
2023-12-06,15504,1,0.0020618564005587814,0.0,0.0037479850013379945,-0.0050371433595870485,0.0025799807912587625,0.006479224428922237,0.007770046861931945,-0.008030107711645584,0.004358386433979026,0.005154241373465172,-0.3729778882165614,1.0,12
2023-12-07,15536,0,-0.002319887623768224,0.0020618564005587814,0.0,0.0037479850013379945,-0.0050371433595870485,0.0025799807912587625,0.00335267883356849,-0.007247105632064432,0.0034669751377412643,0.005170624346481011,0.018864977983625957,1.0,13
2023-12-08,15500,1,0.007327923772898259,-0.002319887623768224,0.0020618564005587814,0.0,0.0037479850013379945,-0.0050371433595870485,-0.0015471895814584968,-0.012374729131382267,0.0034847731661662683,0.005132146341313262,-0.28906053606795523,1.0,8
2023-12-11,15614,1,0.0010881742152335505,0.007327923772898259,-0.002319887623768224,0.0020618564005587814,0.0,0.0037479850013379945,0.010817877551026811,-0.006320447509894578,0.0036733395518689206,0.0054201145405137945,1.2421688676044158,3.0,15
2023-12-12,15631,0,-0.0001279590532767827,0.0010881742152335505,0.007327923772898259,-0.002319887623768224,0.0020618564005587814,0.0,0.008158066764922367,-0.004340894144847951,0.003577880297024994,0.005427124818349212,1.670830816303293,1.0,17
2023-12-13,15629,0,-0.008739853845900925,-0.0001279590532767827,0.0010881742152335505,0.007327923772898259,-0.002319887623768224,0.0020618564005587814,0.008030107711645584,0.008094609275831388,0.003592894651069466,0.004585226903655566,1.4574280711426042,1.0,12
2023-12-14,15493,1,0.0006452445700695364,-0.008739853845900925,-0.0001279590532767827,0.0010881742152335505,0.007327923772898259,-0.002319887623768224,-0.0027716025348141216,-0.006562041045610201,0.005812261418240035,0.004822979478491612,-0.34313964068888225,1.0,7
2023-12-15,15503,1,0.0008381959934951055,0.0006452445700695364,-0.008739853845900925,-0.0001279590532767827,0.0010881742152335505,0.007327923772898259,0.00019352965902363906,-6.450156418580377e-05,0.005737875445680028,0.004646907777087854,-0.2020653456840194,1.0,6
2023-12-18,15516,0,-0.0006447037809529377,0.0008381959934951055,0.0006452445700695364,-0.008739853845900925,-0.0001279590532767827,0.0010881742152335505,-0.006296198120379515,0.006271234388504965,0.004206424634241804,0.00446503787802523,-0.09271422970178803,3.0,7
2023-12-19,15506,1,0.0003868721435829059,-0.0006447037809529377,0.0008381959934951055,0.0006452445700695364,-0.008739853845900925,-0.0001279590532767827,-0.008029076116566003,0.004524602121394494,0.004032454654233356,0.004465887759851883,-0.306440065927526,1.0,10
2023-12-20,15512,1,0.0013528750654199229,0.0003868721435829059,-0.0006447037809529377,0.0008381959934951055,0.0006452445700695364,-0.008739853845900925,-0.007514244919706314,-0.004630828959829358,0.004085844343719351,0.003893208714406693,-0.16106034124727134,1.0,8
2023-12-21,15533,0,-0.002836698440148666,0.0013528750654199229,0.0003868721435829059,-0.0006447037809529377,0.0008381959934951055,0.0006452445700695364,0.002578483991614533,-0.003855302596978305,0.000739050252520654,0.0039055318940947516,0.22756873079847595,1.0,10
2023-12-22,15489,0,-0.004853907209820818,-0.002836698440148666,0.0013528750654199229,0.0003868721435829059,-0.0006447037809529377,0.0008381959934951055,-0.0009034590186036695,-0.006307138941291868,0.0016569374526128203,0.003950105362832224,-0.42776322760417873,1.0,4
2023-12-27,15414,1,0.00012974375626484402,-0.004853907209820818,-0.002836698440148666,0.0013528750654199229,0.0003868721435829059,-0.0006447037809529377,-0.006595562221919593,-0.007304256643232421,0.0025150829509451673,0.004003092862769888,-1.5011912086481067,5.0,11
2023-12-28,15416,1,0.0014908445477246346,0.00012974375626484402,-0.004853907209820818,-0.002836698440148666,0.0013528750654199229,0.0003868721435829059,-0.005821114684701811,-0.0022030722316888074,0.0025897380392525837,0.0038538896280399526,-1.3962127120134264,1.0,13
2023-12-29,15439,1,0.0021997938477458234,0.0014908445477246346,0.00012974375626484402,-0.004853907209820818,-0.002836698440148666,0.0013528750654199229,-0.004717142280560083,0.0035687673733111325,0.0027940431650785125,0.0037395356463553954,-1.1648927748517102,1.0,5
2024-01-02,15473,1,0.0014208217321751704,0.0021997938477458234,0.0014908445477246346,0.00012974375626484402,-0.004853907209820818,-0.002836698440148666,-0.003870223498234182,-0.0007106632078652808,0.0029870592200769105,0.003472968598579139,-0.592353164998026,4.0,20
2024-01-03,15495,1,0.0019342365798316052,0.0014208217321751704,0.0021997938477458234,0.0014908445477246346,0.00012974375626484402,-0.004853907209820818,0.0003872966740896544,-0.0018698222669488729,0.0028560328137895194,0.0034365035834576416,-0.20766576839361073,1.0,13
2024-01-04,15525,0,-0.00045098734778470373,0.0019342365798316052,0.0014208217321751704,0.0021997938477458234,0.0014908445477246346,0.00012974375626484402,0.007175440463742078,0.005101557672469781,0.0007970508534574218,0.0032575705821506723,0.2261771020645115,1.0,7
2024-01-05,15518,1,0.0002577319601897443,-0.00045098734778470373,0.0019342365798316052,0.0014208217321751704,0.0021997938477458234,0.0014908445477246346,0.00659470935969253,0.0009025853233470826,0.0010400801963717943,0.0031542795940783614,0.0962288554420873,1.0,11
2024-01-08,15522,0,-0.0002577319601897443,0.0002577319601897443,-0.00045098734778470373,0.0019342365798316052,0.0014208217321751704,0.0021997938477458234,0.00536159677215764,0.001160317283536827,0.001131323326428297,0.0031546119734816294,0.14855381958285693,3.0,14
2024-01-09,15518,1,0.0032168849718914316,-0.0002577319601897443,0.0002577319601897443,-0.00045098734778470373,0.0019342365798316052,0.0014208217321751704,0.002904070964222072,-0.0011592710772116988,0.0010499429773564756,0.00311950782763309,0.09659468964325123,1.0,11
2024-01-10,15568,0,-0.0006425496590676261,0.0032168849718914316,-0.0002577319601897443,0.0002577319601897443,-0.00045098734778470373,0.0019342365798316052,0.004700134203938333,0.004377501518447957,0.0015817402502150712,0.0031537011879645273,0.8686229297659145,1.0,12
2024-01-11,15558,1,6.427354824367626e-05,-0.0006425496590676261,0.0032168849718914316,-0.0002577319601897443,0.0002577319601897443,-0.00045098734778470373,0.002123347965039102,-0.0035929719135179283,0.0015965383478866136,0.0026754030619899937,0.7969365856011287,1.0,14
2024-01-12,15559,0,-0.00025711898322455795,6.427354824367626e-05,-0.0006425496590676261,0.0032168849718914316,-0.0002577319601897443,0.0002577319601897443,0.002638608861067482,-0.004616872580507803,0.0015415698376994142,0.00265961566318818,0.9809905550324989,1.0,10
2024-01-15,15555,1,0.0023758318556588165,-0.00025711898322455795,6.427354824367626e-05,-0.0006425496590676261,0.0032168849718914316,-0.0002577319601897443,0.0021237579176531796,-0.004746032510455578,0.0015808080585598802,0.0026595095025169213,1.1308916372780884,3.0,15
2024-01-16,15592,1,0.003009832248817901,0.0023758318556588165,-0.00025711898322455795,6.427354824367626e-05,-0.0006425496590676261,0.0032168849718914316,0.00475732173350174,0.006369653191104163,0.0017284107757157086,0.0018172271240170196,1.7107071228420767,1.0,12
2024-01-17,15639,0,-0.0005756500206928195,0.003009832248817901,0.0023758318556588165,-0.00025711898322455795,6.427354824367626e-05,-0.0006425496590676261,0.0045502690104282095,0.008734240869852528,0.0016617602778259664,0.0019139515407429958,2.190698136504336,1.0,11
2024-01-18,15630,0,-0.00012796724056052255,-0.0005756500206928195,0.003009832248817901,0.0023758318556588165,-0.00025711898322455795,6.427354824367626e-05,0.004617168648803016,0.007320394855664603,0.0016463316884023874,0.0019244238928113105,1.7541727631536441,1.0,10
2024-01-19,15628,0,-6.398976166011039e-05,-0.00012796724056052255,-0.0005756500206928195,0.003009832248817901,0.0023758318556588165,-0.00025711898322455795,0.004424927859998817,0.007837131396057018,0.001673434237702771,0.0019135782042372911,1.517638402153264,1.0,8
2024-01-22,15627,1,0.0018540426626110218,-6.398976166011039e-05,-0.00012796724056052255,-0.0005756500206928195,0.003009832248817901,0.0023758318556588165,0.004618057081563265,0.007386269490814001,0.0016424235279952704,0.0019162937987775399,1.3439750469021485,3.0,18
2024-01-23,15656,1,0.004015941652324884,0.0018540426626110218,-6.398976166011039e-05,-0.00012796724056052255,-0.0005756500206928195,0.003009832248817901,0.00409626788851547,0.0078874370880051,0.0015404971185048516,0.0019330358650015457,1.5602394940734114,1.0,8
2024-01-24,15719,1,0.0030489765092447385,0.004015941652324884,0.0018540426626110218,-6.398976166011039e-05,-0.00012796724056052255,-0.0005756500206928195,0.005102377292022453,0.01474007718047865,0.0019176974470838733,0.001937496270873665,2.016607597290656,1.0,15
2024-01-25,15767,1,0.003924552448255625,0.0030489765092447385,0.004015941652324884,0.0018540426626110218,-6.398976166011039e-05,-0.00012796724056052255,0.008727003821960011,0.022642960899544207,0.0018472865550679294,0.0014918744231603852,2.214872532923887,1.0,15
2024-01-26,15829,0,-0.00025273267335990113,0.003924552448255625,0.0030489765092447385,0.004015941652324884,0.0018540426626110218,-6.398976166011039e-05,0.012779523510776158,0.026437769591534988,0.001703267571448795,0.0015954008890376738,2.415580471488018,1.0,5
2024-01-29,15825,0,-0.001834224605838486,-0.00025273267335990113,0.003924552448255625,0.0030489765092447385,0.004015941652324884,0.0018540426626110218,0.012590780599076368,0.024694192370450452,0.0017763694581971945,0.0016328802206388678,2.048541082614347,3.0,16
2024-01-30,15796,1,0.00044305200256467003,-0.001834224605838486,-0.00025273267335990113,0.003924552448255625,0.0030489765092447385,0.004015941652324884,0.00890251333062686,0.020660173916866142,0.002664744922894241,0.001752186047317749,1.5788223603886962,1.0,18
2024-01-31,15803,0,-0.0017733869996892082,0.00044305200256467003,-0.001834224605838486,-0.00025273267335990113,0.003924552448255625,0.0030489765092447385,0.005329623680866646,0.019682404187255642,0.0023791774178761904,0.0017544351499237756,1.470050740565975,1.0,16
2024-02-01,15775,0,-0.005530319533232131,-0.0017733869996892082,0.00044305200256467003,-0.001834224605838486,-0.00025273267335990113,0.003924552448255625,0.0005072601719326997,0.01597478060773483,0.002351600496427571,0.0018424327806154767,1.0984847913929425,1.0,17
2024-02-02,15688,1,0.001083044096564123,-0.005530319533232131,-0.0017733869996892082,0.00044305200256467003,-0.001834224605838486,-0.00025273267335990113,-0.008947611809555056,0.010895448422287402,0.0023098664981574825,0.0023135959477511106,0.2401254735928156,1.0,20
2024-02-05,15705,1,0.0018448429164408253,0.001083044096564123,-0.005530319533232131,-0.0017733869996892082,0.00044305200256467003,-0.001834224605838486,-0.007611835039631032,0.01172076055866178,0.0025920546171399857,0.0023155661481626356,0.3304247820005556,3.0,43
2024-02-06,15734,0,-0.00311913426440924,0.0018448429164408253,0.001083044096564123,-0.005530319533232131,-0.0017733869996892082,0.00044305200256467003,-0.003932767517351721,0.01382333543529235,0.0029752616901555485,0.0023229596145151648,0.5443112450701239,1.0,21
2024-02-07,15685,0,-0.004664992324272532,-0.00311913426440924,0.0018448429164408253,0.001083044096564123,-0.005530319533232131,-0.0017733869996892082,-0.007494953784325631,0.007487316198991678,0.003033145957802565,0.002391416345515523,-0.03871632045596293,1.0,10
2024-02-12,15612,0,-0.001730936099068714,-0.004664992324272532,-0.00311913426440924,0.0018448429164408253,0.001083044096564123,-0.005530319533232131,-0.010386559108908955,0.003464873533786772,0.003356929175654984,0.0026378877285320405,-0.9099014084405227,5.0,29
2024-02-13,15585,1,0.0013465424752698851,-0.001730936099068714,-0.004664992324272532,-0.00311913426440924,0.0018448429164408253,0.001083044096564123,-0.006587175674745538,0.0016696638864743818,0.0027561542478354243,0.00267211200663525,-1.2626655584703823,1.0,14
2024-02-15,15606,1,0.0030710196880772145,0.0013465424752698851,-0.001730936099068714,-0.004664992324272532,-0.00311913426440924,0.0018448429164408253,-0.006323677296039776,0.003273325344968825,0.0028154100429222846,0.002685381393516439,-1.0928017059765387,2.0,22
2024-02-16,15654,0,-0.0015343309492621415,0.0030710196880772145,0.0013465424752698851,-0.001730936099068714,-0.004664992324272532,-0.00311913426440924,-0.005097500524403387,0.003968513177387223,0.0031833444663984236,0.002719801215270803,-0.562526572109907,1.0,8
2024-02-19,15630,1,0.0018536871299215107,-0.0015343309492621415,0.0030710196880772145,0.0013465424752698851,-0.001730936099068714,-0.004664992324272532,-0.003512697209256288,-0.0005756500206928195,0.0029953712145544217,0.002661766546879606,-0.8584067200539265,3.0,17
2024-02-20,15659,0,-6.386307758354803e-05,0.0018536871299215107,-0.0015343309492621415,0.0030710196880772145,0.0013465424752698851,-0.001730936099068714,0.003005982244937755,0.0018536871299215107,0.0021344566010724547,0.002690769462728651,-0.5159578516054623,1.0,9
2024-02-21,15658,0,-0.0017898240523379627,-6.386307758354803e-05,0.0018536871299215107,-0.0015343309492621415,0.0030710196880772145,0.0013465424752698851,0.004673055266422921,0.0019177912928984853,0.0017798353426534952,0.0026905309614329346,-0.5564020769104928,1.0,12
2024-02-22,15630,0,-0.0026266071028402393,-0.0017898240523379627,-6.386307758354803e-05,0.0018536871299215107,-0.0015343309492621415,0.0030710196880772145,0.001536688738815073,0.00019195700222063294,0.0021187706068062123,0.002723403535057464,-0.9254383879092684,1.0,5
2024-02-23,15589,1,0.002946453579259156,-0.0026266071028402393,-0.0017898240523379627,-6.386307758354803e-05,0.0018536871299215107,-0.0015343309492621415,-0.004160938052102381,-0.004288692763230628,0.0017631122941059575,0.0027478738024734797,-1.3563337468635008,1.0,5
2024-02-26,15635,1,0.0012783638685647247,0.002946453579259156,-0.0026266071028402393,-0.0017898240523379627,-6.386307758354803e-05,0.0018536871299215107,0.00031984647641891684,-0.005358180836296356,0.0023560506053758113,0.002670534529374804,-0.7194338031249671,3.0,12
2024-02-27,15655,1,0.0011491318935625827,0.0012783638685647247,0.002946453579259156,-0.0026266071028402393,-0.0017898240523379627,-6.386307758354803e-05,-0.0002554767849378692,-0.0071287934769763694,0.002258836132909441,0.002582693570240371,-0.4109180738125278,1.0,7
2024-02-28,15673,1,0.002676183577600355,0.0011491318935625827,0.0012783638685647247,0.002946453579259156,-0.0026266071028402393,-0.0017898240523379627,0.0009575181862082616,-0.009904214031669412,0.0023213936428155566,0.002409307824926234,-0.09491052595839207,1.0,9
2024-02-29,15715,0,-0.001209767426523456,0.002676183577600355,0.0011491318935625827,0.0012783638685647247,0.002946453579259156,-0.0026266071028402393,0.005423525816146579,-0.006975297780709155,0.0022256686603137096,0.002511662672931771,0.6322844492400554,1.0,12
2024-03-01,15696,1,0.0017187056651302157,-0.001209767426523456,0.002676183577600355,0.0011491318935625827,0.0012783638685647247,0.002946453579259156,0.006840365492463363,-0.006350840601394125,0.001651036245603186,0.002496057688797033,0.46025191601756243,1.0,9
2024-03-04,15723,1,0.002096636620521508,0.0017187056651302157,-0.001209767426523456,0.002676183577600355,0.0011491318935625827,0.0012783638685647247,0.005612617578334422,-0.00507518693882858,0.0014347358645212765,0.0025325482539242444,1.1422467652050239,3.0,21
2024-03-05,15756,0,-0.002096636620521508,0.002096636620521508,0.0017187056651302157,-0.001209767426523456,0.002676183577600355,0.0011491318935625827,0.006430890330291206,-0.0012051633186178634,0.0015020456109847051,0.002558046657844315,1.89115694747494,1.0,9
2024-03-06,15723,0,-0.0041426400024153764,-0.002096636620521508,0.002096636620521508,0.0017187056651302157,-0.001209767426523456,0.002676183577600355,0.003185121816207115,0.0022285195940927593,0.00214139060956039,0.0022706851308000025,1.1383122118270779,1.0,9
2024-03-07,15658,0,-0.003518765026678139,-0.0041426400024153764,-0.002096636620521508,0.002096636620521508,0.0017187056651302157,-0.001209767426523456,-0.0036337017638086166,-0.00299716450488674,0.002632962452951164,0.0024468223775853176,-0.11808527729190096,1.0,10
2024-03-08,15603,0,-0.0017319353891469547,-0.003518765026678139,-0.0041426400024153764,-0.002096636620521508,0.002096636620521508,0.0017187056651302157,-0.0059426993639633,-0.008360772448005704,0.0029251392170659874,0.002509813801914454,-1.1305731890395212,1.0,13
2024-03-13,15576,1,0.0003851338387690362,-0.0017319353891469547,-0.003518765026678139,-0.0041426400024153764,-0.002096636620521508,0.002096636620521508,-0.00939334041824047,-0.006973573572743419,0.0024334941488114645,0.002449686683464649,-1.492841031354367,5.0,45
2024-03-14,15582,1,0.0026917916657112073,0.0003851338387690362,-0.0017319353891469547,-0.003518765026678139,-0.0041426400024153764,-0.002096636620521508,-0.011104843199992942,-0.0019234474097018506,0.0017623477514210817,0.002231957610258299,-1.3027016850365096,1.0,15
2024-03-15,15624,1,0.0030674870678613075,0.0026917916657112073,0.0003851338387690362,-0.0017319353891469547,-0.003518765026678139,-0.0041426400024153764,-0.006316414913760227,0.0024992803550780707,0.002826544916836084,0.0022800430014478187,-0.5586857765140639,1.0,9
2024-03-18,15672,1,0.0025490709698701153,0.0030674870678613075,0.0026917916657112073,0.0003851338387690362,-0.0017319353891469547,-0.003518765026678139,0.0008937121565164574,0.004220224947669493,0.002829536648387213,0.002359654648444401,0.33211570144158126,3.0,20
2024-03-19,15712,1,0.0009542288964787815,0.0025490709698701153,0.0030674870678613075,0.0026917916657112073,0.0003851338387690362,-0.0017319353891469547,0.006961548153064712,0.003698276229462394,0.002037662865943484,0.002329046389454989,1.047776689416238,1.0,7
2024-03-20,15727,0,-0.004141584179842894,0.0009542288964787815,0.0025490709698701153,0.0030674870678613075,0.0026917916657112073,0.0003851338387690362,0.009647712438690448,0.006186836075203317,0.0011828135834981368,0.002298638970849387,1.205538006294467,1.0,9
2024-03-21,15662,1,0.007062221176591166,-0.004141584179842894,0.0009542288964787815,0.0025490709698701153,0.0030674870678613075,0.0026917916657112073,0.005120994420078517,0.00019156476543891188,0.002998805496694817,0.002471092417375842,-0.027446065732416744,1.0,6
2024-03-22,15773,1,0.0013938167487115294,0.007062221176591166,-0.004141584179842894,0.0009542288964787815,0.0025490709698701153,0.0030674870678613075,0.009491423930958476,0.007317649019613626,0.004056724489233567,0.0029309149094088336,1.7837318856408304,1.0,6
2024-03-25,15795,1,0.00012661433291150104,0.0013938167487115294,0.007062221176591166,-0.004141584179842894,0.0009542288964787815,0.0025490709698701153,0.007817753611808698,0.010501289820663118,0.004004849369331089,0.0028938935879774283,1.8433038432621833,3.0,18
2024-03-26,15797,1,0.003538708274131608,0.00012661433291150104,0.0013938167487115294,0.007062221176591166,-0.004141584179842894,0.0009542288964787815,0.005395296974850083,0.013254511256414858,0.004002347769797586,0.002800042284937903,1.6658013018794677,1.0,9
2024-03-27,15853,1,0.0012607957290136085,0.003538708274131608,0.00012661433291150104,0.0013938167487115294,0.007062221176591166,-0.004141584179842894,0.00797977635250291,0.01384676595128731,0.004146490501204591,0.0028284533971103688,2.088117833734552,1.0,9
2024-03-28,15873,1,0.0022654342329975208,0.0012607957290136085,0.003538708274131608,0.00012661433291150104,0.0013938167487115294,0.007062221176591166,0.013382156261359412,0.013829197811736194,0.0027445111196895498,0.002828264543407324,1.9766873748906097,1.0,10
2024-04-01,15909,1,0.0015702041350724727,0.0022654342329975208,0.0012607957290136085,0.003538708274131608,0.00012661433291150104,0.0013938167487115294,0.008585369317765768,0.014945500151171132,0.0012709541138003488,0.0028487130173116284,2.010352142124288,4.0,26
2024-04-02,15934,0,-0.0006905860838859468,0.0015702041350724727,0.0022654342329975208,0.0012607957290136085,0.003538708274131608,0.00012661433291150104,0.00876175670412671,0.01383952070864325,0.0012621559422649534,0.002819887229883858,1.9263197015528923,1.0,7
2024-04-03,15923,0,-0.0010053409580645933,-0.0006905860838859468,0.0015702041350724727,0.0022654342329975208,0.0012607957290136085,0.003538708274131608,0.007944556287329263,0.014358702051280758,0.0015462462310617381,0.0028038027574531364,1.593131280371933,1.0,14
2024-04-04,15907,0,-0.0021397113261194534,-0.0010053409580645933,-0.0006905860838859468,0.0015702041350724727,0.0022654342329975208,0.0012607957290136085,0.003400507055133062,0.01163465542808595,0.0014458794118936658,0.002818753040033876,1.3042742044117506,1.0,4
2024-04-05,15873,1,0.018909109688010517,-0.0021397113261194534,-0.0010053409580645933,-0.0006905860838859468,0.0015702041350724727,0.0022654342329975208,0.0,0.007398307481444988,0.001848223297533252,0.0028578239552142356,0.9427918863887709,1.0,7
2024-04-16,16176,1,0.003948672455416968,0.018909109688010517,-0.0021397113261194534,-0.0010053409580645933,-0.0006905860838859468,0.0015702041350724727,0.016643675455012996,0.028404053789977013,0.008813109097092162,0.004977484968334577,2.5889121984960397,11.0,82
2024-04-17,16240,0,-0.003886854385974914,0.003948672455416968,0.018909109688010517,-0.0021397113261194534,-0.0010053409580645933,-0.0006905860838859468,0.019022143775357492,0.03649536624780936,0.008758482127795468,0.004828131649469658,2.378540143867279,1.0,8
2024-04-18,16177,1,0.0063468802268378255,-0.003886854385974914,0.003948672455416968,0.018909109688010517,-0.0021397113261194534,-0.0010053409580645933,0.015825875473268525,0.03612727688851258,0.009270268179415845,0.004850223869393881,1.7670799884639465,1.0,7
2024-04-19,16280,0,-0.0034457331656216894,0.0063468802268378255,-0.003886854385974914,0.003948672455416968,0.018909109688010517,-0.0021397113261194534,0.023178096658170944,0.04420609250449736,0.009023171568315102,0.004876377670633053,1.9834913256308164,1.0,7
2024-04-22,16224,1,0.0012319824152786651,-0.0034457331656216894,0.0063468802268378255,-0.003886854385974914,0.003948672455416968,0.018909109688010517,0.021872074818668708,0.04037522550010664,0.009283486880732855,0.005024821874495758,1.5371532473805034,3.0,6
2024-04-23,16244,0,-0.005122677457546132,0.0012319824152786651,-0.0034457331656216894,0.0063468802268378255,-0.003886854385974914,0.003948672455416968,0.004194947545936856,0.038915416249674095,0.004495939293666977,0.005025133470092987,1.470505205609526,1.0,4
2024-04-24,16161,1,0.00290401513982097,-0.005122677457546132,0.0012319824152786651,-0.0034457331656216894,0.0063468802268378255,-0.003886854385974914,-0.004876402367026245,0.030725251724266656,0.004750456495876002,0.005257266326331356,0.9743104566762416,1.0,9
2024-04-25,16208,1,0.0008633981418260106,0.00290401513982097,-0.005122677457546132,0.0012319824152786651,-0.0034457331656216894,0.0063468802268378255,0.0019144671587696394,0.03108019589421751,0.0046801666022697665,0.005261462685620095,1.0928953728682806,1.0,9
2024-04-26,16222,1,0.0016630227724867552,0.0008633981418260106,0.00290401513982097,-0.005122677457546132,0.0012319824152786651,-0.0034457331656216894,-0.0035690149262421755,0.03098936513956474,0.0034008774172683207,0.0052620468154371694,1.0564935672895557,1.0,8
2024-04-29,16249,1,0.001660261718804179,0.0016630227724867552,0.0008633981418260106,0.00290401513982097,-0.005122677457546132,0.0012319824152786651,0.001539741011866269,0.03679397209189439,0.003131686827985444,0.005088861628285992,1.1074594098390431,3.0,13
2024-04-30,16276,0,-0.0045569387311434895,0.001660261718804179,0.0016630227724867552,0.0008633981418260106,0.00290401513982097,-0.005122677457546132,0.001968020315391783,0.0313920126341074,0.003168914543737592,0.0049382083798136895,1.1423982792872436,1.0,15
2024-05-02,16202,0,-0.006688159684358652,-0.0045569387311434895,0.001660261718804179,0.0016630227724867552,0.0008633981418260106,0.00290401513982097,0.0025337590417944256,0.025441257154252384,0.002923293417678715,0.0051250938276327426,0.6625191231648363,2.0,21
2024-05-03,16094,0,-0.004296528917208775,-0.006688159684358652,-0.0045569387311434895,0.001660261718804179,0.0016630227724867552,0.0008633981418260106,-0.007058415782385197,0.01862648313698223,0.003930664509962531,0.005423128740815645,-0.04512945164666657,1.0,10
2024-05-06,16025,1,0.001808036902652077,-0.004296528917208775,-0.006688159684358652,-0.0045569387311434895,0.001660261718804179,0.0016630227724867552,-0.012218342841419982,0.010791245945641847,0.003860759791088007,0.005507213595708643,-0.5620233193133075,3.0,10
2024-05-07,16054,1,0.001680411162501727,0.001808036902652077,-0.004296528917208775,-0.006688159684358652,-0.0045569387311434895,0.001660261718804179,-0.01207332871125466,0.011338487119280316,0.003899671283632903,0.005512342642235357,-0.4598548803825684,1.0,12
2024-05-08,16081,1,0.0002487098191021886,0.001680411162501727,0.001808036902652077,-0.004296528917208775,-0.006688159684358652,-0.0045569387311434895,-0.012053179267557113,0.010753464048784522,0.0039049418793538297,0.00550440164140922,-0.3505368146415518,1.0,5
2024-05-13,16085,1,0.002855725804661091,0.0002487098191021886,0.001680411162501727,0.001808036902652077,-0.004296528917208775,-0.006688159684358652,-0.0072475307173114345,0.009431969732814238,0.003835392290586031,0.005499284037216643,-0.3999341921680699,5.0,34
2024-05-14,16131,0,-0.003788706746229664,0.002855725804661091,0.0002487098191021886,0.001680411162501727,0.001808036902652077,-0.004296528917208775,0.002296354771708309,0.012978281621361276,0.0028158176987705947,0.005516983096287642,-0.12585771358732012,1.0,17
2024-05-15,16070,0,-0.007871596838926465,-0.003788706746229664,0.002855725804661091,0.0002487098191021886,0.001680411162501727,0.001808036902652077,0.0028041769426874197,0.010194915833196205,0.002602471071197691,0.0055954563796115795,-0.8190180588738277,1.0,16
2024-05-16,15944,1,0.00213019314935714,-0.007871596838926465,-0.003788706746229664,0.002855725804661091,0.0002487098191021886,0.001680411162501727,-0.006875456798891122,0.004463030320389194,0.004413127079674489,0.005877960913546008,-2.3019481129790886,1.0,14
2024-05-17,15978,1,0.00012516427827691246,0.00213019314935714,-0.007871596838926465,-0.003788706746229664,0.002855725804661091,0.0002487098191021886,-0.006425674812035709,-0.012315886218264183,0.0044948088264299526,0.003952702196949687,-1.6806718764727147,1.0,1
2024-05-20,15980,1,0.0027496580253885128,0.00012516427827691246,0.00213019314935714,-0.007871596838926465,-0.003788706746229664,0.002855725804661091,-0.006549220352860985,-0.01613939439540424,0.004484596887653044,0.0038102143918722358,-1.471865286957625,3.0,20
2024-05-21,16024,0,-0.0018114249620353462,0.0027496580253885128,0.00012516427827691246,0.00213019314935714,-0.007871596838926465,-0.003788706746229664,-0.006655288132133563,-0.009502881984040812,0.004460150551996195,0.0038168510515164122,-0.9582184264022698,1.0,11
2024-05-22,15995,1,0.004304570107837691,-0.0018114249620353462,0.0027496580253885128,0.00012516427827691246,0.00213019314935714,-0.007871596838926465,-0.004678006347939245,-0.017661187172913984,0.0042714329187088385,0.0034695397882392653,-1.1227722565753875,1.0,11
2024-05-27,16064,1,0.0019279212414531344,0.004304570107837691,-0.0018114249620353462,0.0027496580253885128,0.00012516427827691246,0.00213019314935714,0.00749816059882491,-0.009910883899454603,0.0023811819512549117,0.0035986639545689887,-0.39712551270352925,5.0,28
2024-05-28,16095,1,0.0040303883421781705,0.0019279212414531344,0.004304570107837691,-0.0018114249620353462,0.0027496580253885128,0.00012516427827691246,0.007295888690920904,-0.009214945073280134,0.0023694805081863014,0.00361955131626402,-0.01976235591309882,1.0,10
2024-05-29,16160,1,0.005738454028088924,0.0040303883421781705,0.0019279212414531344,0.004304570107837691,-0.0018114249620353462,0.0027496580253885128,0.011201112754822162,-6.187927355583156e-05,0.00246166247563115,0.0035774855763288,0.6570763919187195,1.0,7
2024-05-30,16253,0,-0.00012306177716681077,0.005738454028088924,0.0040303883421781705,0.0019279212414531344,0.004304570107837691,-0.0018114249620353462,0.014189908757522574,0.0027725596147121223,0.002933881696299002,0.0037506634201903127,1.549540924830377,1.0,8
2024-05-31,16251,0,-0.0016011827537187884,-0.00012306177716681077,0.005738454028088924,0.0040303883421781705,0.0019279212414531344,0.004304570107837691,0.01587827194239111,0.001786099695719301,0.0022919058212264175,0.0037471152435743314,1.4837516973347924,1.0,9
2024-06-03,16225,0,-0.0003082139028869335,-0.0016011827537187884,-0.00012306177716681077,0.005738454028088924,0.0040303883421781705,0.0019279212414531344,0.00997251908083463,-0.0014781058304862427,0.002982426368864186,0.003746050478463662,1.2605784318087974,3.0,13
2024-06-04,16220,1,0.003815154464518855,-0.0003082139028869335,-0.0016011827537187884,-0.00012306177716681077,0.005738454028088924,0.0040303883421781705,0.007736383936494562,-0.0034465814521773552,0.003157431066564407,0.003723883160363557,1.2976136351365073,1.0,11
2024-06-05,16282,0,-0.00018426952541261699,0.003815154464518855,-0.0003082139028869335,-0.0016011827537187884,-0.00012306177716681077,0.005738454028088924,0.0075211500588352465,0.004925511743484989,0.0031163137198003416,0.0036753047558997914,1.791458456350214,1.0,9
2024-06-06,16279,0,-0.003754197104006707,-0.00018426952541261699,0.003815154464518855,-0.0003082139028869335,-0.0016011827537187884,-0.00012306177716681077,0.0015984265053337054,0.011429401902431024,0.0020464781704969386,0.0032977933860542825,1.5548089123562399,1.0,9
2024-06-07,16218,1,0.004429686091587115,-0.003754197104006707,-0.00018426952541261699,0.003815154464518855,-0.0003082139028869335,-0.0016011827537187884,-0.0020327088215061906,0.011971733715633093,0.0027620533906859823,0.003257644121857232,0.9002999988225397,1.0,9
2024-06-10,16290,1,0.0003068896755724637,0.004429686091587115,-0.003754197104006707,-0.00018426952541261699,0.003815154464518855,-0.0003082139028869335,0.003998160023799713,0.01459338290456813,0.0033616741627728202,0.0033600090842243377,1.3848321409306217,3.0,8
2024-06-11,16295,1,0.00012272950432645757,0.0003068896755724637,0.004429686091587115,-0.003754197104006707,-0.00018426952541261699,0.003815154464518855,0.00461326360225911,0.013219861417638867,0.00332201801139209,0.003353584601493658,1.2799132670834845,1.0,6
2024-06-12,16297,0,-0.0006751987489117539,0.00012272950432645757,0.0003068896755724637,0.004429686091587115,-0.003754197104006707,-0.00018426952541261699,0.0009208386420667125,0.013093881102863136,0.0029021425303984026,0.0033545179318230822,1.1687523172935332,1.0,10
2024-06-13,16286,1,0.00538886790931592,-0.0006751987489117539,0.00012272950432645757,0.0003068896755724637,0.004429686091587115,-0.003754197104006707,0.0004299094185675756,0.009562956549290291,0.0029259309415481435,0.003325370760818847,0.9898878257024613,1.0,19
2024-06-14,16374,0,-0.0003665017449847596,0.00538886790931592,-0.0006751987489117539,0.00012272950432645757,0.0003068896755724637,0.004429686091587115,0.009572974431890202,0.018740531204835875,0.0027793337994053407,0.0033387789541009997,1.4854789510600146,1.0,7
2024-06-19,16368,1,0.0031718948150114556,-0.0003665017449847596,0.00538886790931592,-0.0006751987489117539,0.00012272950432645757,0.0003068896755724637,0.0047767865953183275,0.02624562629877758,0.0025087755973993765,0.0026466709021186,1.3330538535360965,5.0,26
2024-06-20,16420,1,0.002311577159238354,0.0031718948150114556,-0.0003665017449847596,0.00538886790931592,-0.0006751987489117539,0.00012272950432645757,0.007641791734757319,0.027287327964431896,0.002647012338888482,0.0026737259228616357,1.585400366787372,1.0,8
2024-06-21,16458,0,-0.0016418867138270343,0.002311577159238354,0.0031718948150114556,-0.0003665017449847596,0.00538886790931592,-0.0006751987489117539,0.009830639389669216,0.029473740845393337,0.002535060440222757,0.002665075906576462,1.7285267129995907,1.0,3
2024-06-24,16431,0,-0.0031697679694513425,-0.0016418867138270343,0.002311577159238354,0.0031718948150114556,-0.0003665017449847596,0.00538886790931592,0.008863951424753935,0.02508219610617779,0.0028089318059852865,0.002734423607006779,1.398257890760077,3.0,9
2024-06-25,16379,1,0.0034131806159400924,-0.0031697679694513425,-0.0016418867138270343,0.002311577159238354,0.0031718948150114556,-0.0003665017449847596,0.000305315545986673,0.023723853098761793,0.0026581575693684456,0.0028297788007145383,0.9239356078019187,1.0,6
2024-06-26,16435,0,-0.0008522036064828598,0.0034131806159400924,-0.0031697679694513425,-0.0016418867138270343,0.002311577159238354,0.0031718948150114556,0.004084997906911525,0.022832463606864195,0.0030191011484771955,0.002784740201780871,1.3897923362855629,1.0,13
2024-06-27,16421,0,-0.0016455892788620474,-0.0008522036064828598,0.0034131806159400924,-0.0031697679694513425,-0.0016418867138270343,0.002311577159238354,6.0899485417209576e-05,0.0200523387589282,0.0027596159641687748,0.002812672523301143,1.1937267274454724,1.0,11
2024-06-28,16394,0,-0.00238175324049017,-0.0016455892788620474,-0.0008522036064828598,0.0034131806159400924,-0.0031697679694513425,-0.0016418867138270343,-0.0038962669526831917,0.014376361137887983,0.002489531015398506,0.0027772209522628068,0.8122220882340309,1.0,11
2024-07-01,16355,1,0.0017715878667488028,-0.00238175324049017,-0.0016455892788620474,-0.0008522036064828598,0.0034131806159400924,-0.0031697679694513425,-0.004636133479346327,0.006256153869308889,0.0025741720867940828,0.0025921549348460094,0.26905299810285555,3.0,11
2024-07-02,16384,1,0.00018308870699002,0.0017715878667488028,-0.00238175324049017,-0.0016455892788620474,-0.0008522036064828598,0.0034131806159400924,0.00030522235685381816,0.008150803513224503,0.0024431873091010432,0.002609947059894226,0.566918933335531,1.0,7
2024-07-03,16387,0,-0.0028110504944400816,0.00018308870699002,0.0017715878667488028,-0.00238175324049017,-0.0016455892788620474,-0.0008522036064828598,-0.002924869552096254,0.009935074973933311,0.0016254258076790532,0.0025678260196440226,0.5310117564758952,1.0,9
2024-07-04,16341,0,-0.0017762537974927994,-0.0028110504944400816,0.00018308870699002,0.0017715878667488028,-0.00238175324049017,-0.0016455892788620474,-0.004883716440053476,0.007432238382380163,0.001916026177173219,0.00266814804012735,-0.2086981160020819,1.0,2
2024-07-05,16312,0,-0.002885473346839973,-0.0017762537974927994,-0.0028110504944400816,0.00018308870699002,0.0017715878667488028,-0.00238175324049017,-0.005014380958684228,0.0018408301203685085,0.0019282811451173739,0.0025798145065271025,-0.6882185322934998,1.0,6
2024-07-08,16265,1,0.0009832238240630176,-0.002885473346839973,-0.0017762537974927994,-0.0028110504944400816,0.00018308870699002,0.0017715878667488028,-0.005518101065034031,-0.0008603737010588475,0.0020288664348704784,0.002664363621879707,-1.3884903751061581,3.0,16
2024-07-09,16281,0,-0.001536712353304992,0.0009832238240630176,-0.002885473346839973,-0.0017762537974927994,-0.0028110504944400816,0.00018308870699002,-0.006306465107719816,0.003877047227010877,0.001762738565597445,0.0025239485279183807,-1.306034568415304,1.0,7
2024-07-10,16256,0,-0.003450829157733537,-0.001536712353304992,0.0009832238240630176,-0.002885473346839973,-0.0017762537974927994,-0.0028110504944400816,-0.008026266168014828,-0.00208935121788123,0.0015674073414212288,0.0023430600614680465,-1.6294203777205405,1.0,10
2024-07-11,16200,0,-0.0028435452182336007,-0.003450829157733537,-0.001536712353304992,0.0009832238240630176,-0.002885473346839973,-0.0017762537974927994,-0.008666044831308284,-0.005847070051187231,0.001710073332174067,0.0024562656422492234,-2.1722660490985124,1.0,14
2024-07-12,16154,1,0.0012373176535263042,-0.0028435452182336007,-0.003450829157733537,-0.001536712353304992,0.0009832238240630176,-0.002885473346839973,-0.009733336252049085,-0.00881334477374729,0.001781893287015364,0.002518645450295815,-2.323241369493133,1.0,3
2024-07-15,16174,1,0.0017913956052328928,0.0012373176535263042,-0.0028435452182336007,-0.003450829157733537,-0.001536712353304992,0.0009832238240630176,-0.005610545251682808,-0.006900828371309231,0.0021539206461996295,0.002545436220513612,-1.8399423425406087,3.0,15
2024-07-16,16203,0,-0.004577516343818644,0.0017913956052328928,0.0012373176535263042,-0.0028435452182336007,-0.003450829157733537,-0.001536712353304992,-0.004802373470512933,-0.010498300675392258,0.002370809521077218,0.002225985554981136,-1.3537621246469234,1.0,10
2024-07-17,16129,1,0.0019201591579047772,-0.004577516343818644,0.0017913956052328928,0.0012373176535263042,-0.0028435452182336007,-0.003450829157733537,-0.007843177461026585,-0.014709315274226142,0.0028889701372234013,0.0024023790022576056,-1.8236891601983343,1.0,6
2024-07-18,16160,1,0.0024104588450502007,0.0019201591579047772,-0.004577516343818644,0.0017913956052328928,0.0012373176535263042,-0.0028435452182336007,-0.0024721891453882705,-0.01596105093133282,0.0030101547233411436,0.0023097460268639795,-1.3631793824704486,1.0,9
2024-07-19,16199,1,0.0017886334061998355,0.0024104588450502007,0.0019201591579047772,-0.004577516343818644,0.0017913956052328928,0.0012373176535263042,0.002781814917895531,-0.015862169245520974,0.0029001436712680047,0.0023168475295355607,-0.9099326090331877,1.0,7
2024-07-22,16228,0,-0.0014800200037559108,0.0017886334061998355,0.0024104588450502007,0.0019201591579047772,-0.004577516343818644,0.0017913956052328928,0.003333130670569062,-0.012431649125494104,0.002942674573245282,0.002376910978201767,-0.554538604506822,3.0,12
2024-07-23,16204,1,0.001233502068329173,-0.0014800200037559108,0.0017886334061998355,0.0024104588450502007,0.0019201591579047772,-0.004577516343818644,6.171506158025863e-05,-0.010741901159798672,0.002993321142010142,0.0023106767449295844,-0.7175712289549933,1.0,7
2024-07-24,16224,1,0.002708360636205498,0.001233502068329173,-0.0014800200037559108,0.0017886334061998355,0.0024104588450502007,0.0019201591579047772,0.005872733473728076,-0.012921579707409592,0.0015419727113782742,0.002161116910629287,-0.436867528885983,1.0,5
2024-07-25,16268,1,0.0015969538434710273,0.002708360636205498,0.001233502068329173,-0.0014800200037559108,0.0017886334061998355,0.0024104588450502007,0.006660934952028796,-0.009361015464721234,0.0016720581866565235,0.0022862747987870222,0.14640591410684553,1.0,9
2024-07-26,16294,0,-0.0004910988435096186,0.0015969538434710273,0.002708360636205498,0.001233502068329173,-0.0014800200037559108,0.0017886334061998355,0.005847429950449623,-0.006118472342388159,0.001577829801872279,0.0023131880426848633,0.5622191676065629,1.0,6
2024-07-29,16286,1,0.0020855064910207943,-0.0004910988435096186,0.0015969538434710273,0.002708360636205498,0.001233502068329173,-0.0014800200037559108,0.003567697700740169,-0.004227817945407608,0.0016802492505084954,0.0022619557447430814,0.5266124728898235,3.0,11
2024-07-30,16320,0,-0.0015944076475111757,0.0020855064910207943,-0.0004910988435096186,0.0015969538434710273,0.002708360636205498,0.001233502068329173,0.007133224195516874,-0.0039138993211356166,0.0012063316480120138,0.002277475953088174,1.111608639091133,1.0,5
2024-07-31,16294,0,-0.0031348951511915857,-0.0015944076475111757,0.0020855064910207943,-0.0004910988435096186,0.0015969538434710273,0.002708360636205498,0.004305314479676525,-0.005691395675636812,0.001824211028415456,0.002296518910859653,0.8969190885405303,1.0,9
2024-08-01,16243,0,-0.0005542383982746202,-0.0031348951511915857,-0.0015944076475111757,0.0020855064910207943,-0.0004910988435096186,0.0015969538434710273,-0.0015379413077205584,-0.006015240332388316,0.0021815950379579616,0.002316326370075891,0.14876433045279025,1.0,12
2024-08-02,16234,0,-0.004940111318878948,-0.0005542383982746202,-0.0031348951511915857,-0.0015944076475111757,0.0020855064910207943,-0.0004910988435096186,-0.003689133549466206,-0.004793224933170137,0.0019069253843920818,0.002291339500222361,0.06066550805192075,1.0,8
2024-08-05,16154,1,0.001793611514644411,-0.004940111318878948,-0.0005542383982746202,-0.0031348951511915857,-0.0015944076475111757,0.0020855064910207943,-0.008138146024835535,-0.006847862905209112,0.0026544790722581105,0.00245632727281659,-1.3010950406566877,3.0,17
2024-08-06,16183,0,-0.005142036544331319,0.001793611514644411,-0.004940111318878948,-0.0005542383982746202,-0.0031348951511915857,-0.0015944076475111757,-0.008430041001211919,-0.006037475214627719,0.002553698661230742,0.0024858520608455766,-0.6931033640441885,1.0,14
2024-08-07,16100,0,-0.009235058770935112,-0.005142036544331319,0.001793611514644411,-0.004940111318878948,-0.0005542383982746202,-0.0031348951511915857,-0.011977669898032062,-0.009642799405654046,0.0029792664577652974,0.002701482830592259,-1.892916925661113,1.0,11
2024-08-08,15952,0,-0.00238498826414002,-0.009235058770935112,-0.005142036544331319,0.001793611514644411,-0.004940111318878948,-0.0005542383982746202,-0.018077833517775588,-0.01542702901885562,0.004309702997222812,0.0032830488607865508,-2.979153846972361,1.0,6
2024-08-09,15914,1,0.0030743193269984204,-0.00238498826414002,-0.009235058770935112,-0.005142036544331319,0.001793611514644411,-0.004940111318878948,-0.019908583383640988,-0.01496847206476204,0.0040548249957813726,0.003269388399714963,-2.6158173489557246,1.0,6
2024-08-12,15963,0,-0.004898276560862058,0.0030743193269984204,-0.00238498826414002,-0.009235058770935112,-0.005142036544331319,0.001793611514644411,-0.01189415273776362,-0.013131470391289923,0.005044534841437836,0.0033528509162868408,-1.8453187312189918,3.0,11
2024-08-13,15885,0,-0.012287968144548245,-0.004898276560862058,0.0030743193269984204,-0.00238498826414002,-0.009235058770935112,-0.005142036544331319,-0.01858604081327009,-0.019821142557384874,0.004521376707223373,0.003428613976829989,-2.078025127958586,1.0,2
2024-08-14,15691,0,-0.00025495570282707547,-0.012287968144548245,-0.004898276560862058,0.0030743193269984204,-0.00238498826414002,-0.009235058770935112,-0.025731972413487014,-0.027531594358114475,0.005978844210579059,0.004199858629843148,-2.6431953311146192,1.0,4
2024-08-15,15687,1,0.0018469578221100846,-0.00025495570282707547,-0.012287968144548245,-0.004898276560862058,0.0030743193269984204,-0.00238498826414002,-0.016751869345378978,-0.029706709218846328,0.005789362223726358,0.004137698538316499,-2.1727826919299007,1.0,14
2024-08-16,15716,0,-0.007985477001799524,0.0018469578221100846,-0.00025495570282707547,-0.012287968144548245,-0.004898276560862058,0.0030743193269984204,-0.012519923259128873,-0.030270210241786444,0.006256302295218829,0.004111610795023189,-1.744351387851495,1.0,5
2024-08-19,15591,0,-0.007144956532833646,-0.007985477001799524,0.0018469578221100846,-0.00025495570282707547,-0.012287968144548245,-0.004898276560862058,-0.023579719587926817,-0.0400443206497858,0.005723432924661517,0.004276047469941831,-1.9542430502950814,3.0,13
2024-08-20,15480,0,-0.0015515906914185251,-0.007144956532833646,-0.007985477001799524,0.0018469578221100846,-0.00025495570282707547,-0.012287968144548245,-0.025826399559898405,-0.04570925717886354,0.005828552150520259,0.004424677051588689,-2.014930087693829,1.0,11
2024-08-21,15456,1,0.00792657606012881,-0.0015515906914185251,-0.007144956532833646,-0.007985477001799524,0.0018469578221100846,-0.00025495570282707547,-0.015090022106768686,-0.048494349938611236,0.004334748627272176,0.0043513167415533726,-1.8036858720873628,1.0,20
2024-08-22,15579,0,-0.001606013257539729,0.00792657606012881,-0.0015515906914185251,-0.007144956532833646,-0.007985477001799524,0.0018469578221100846,-0.006908490343812801,-0.043276134514687925,0.006593976303104178,0.004807803354931637,-1.2441546823092433,1.0,11
2024-08-23,15554,0,-0.01124987619525264,-0.001606013257539729,0.00792657606012881,-0.0015515906914185251,-0.007144956532833646,-0.007985477001799524,-0.010361461423462615,-0.04647910161569868,0.006347511136864347,0.004728632563414572,-1.199547991703052,1.0,10
2024-08-26,15380,1,0.008352536499817376,-0.01124987619525264,-0.001606013257539729,0.00792657606012881,-0.0015515906914185251,-0.007144956532833646,-0.01362586061691573,-0.0572378789674417,0.00721620785191863,0.005106056742659288,-1.5801306573600447,3.0,8
2024-08-27,15509,0,-0.002130063739048893,0.008352536499817376,-0.01124987619525264,-0.001606013257539729,0.00792657606012881,-0.0015515906914185251,0.0018716324157352915,-0.05097084895864512,0.008115437435891309,0.005594580975978768,-1.0638121994193108,1.0,7
2024-08-28,15476,0,-0.004338682538550742,-0.002130063739048893,0.008352536499817376,-0.01124987619525264,-0.001606013257539729,0.00792657606012881,0.0012931593681049236,-0.05150650505018284,0.008153790319720048,0.005591053918532813,-1.0780350549554931,1.0,6
2024-08-29,15409,1,0.004144815207819619,-0.004338682538550742,-0.002130063739048893,0.008352536499817376,-0.01124987619525264,-0.001606013257539729,-0.010972099230574628,-0.052710292437541995,0.007038959517753808,0.0056038598057237,-1.203941182974467,1.0,7
2024-08-30,15473,1,0.004063342041433771,0.004144815207819619,-0.004338682538550742,-0.002130063739048893,0.008352536499817376,-0.01124987619525264,-0.00522127076521528,-0.048011238831447756,0.007606133668268392,0.005791094598663866,-0.899479102805651,1.0,6
2024-09-02,15536,1,0.001350786556015393,0.004063342041433771,0.004144815207819619,-0.004338682538550742,-0.002130063739048893,0.008352536499817376,0.01009194747147113,-0.03900778547113504,0.005158656912966468,0.005931532115043167,-0.5838097035398822,3.0,12
2024-09-03,15557,0,-0.004316043676208636,0.001350786556015393,0.004063342041433771,0.004144815207819619,-0.004338682538550742,-0.002130063739048893,0.0030901975276691473,-0.039450610429764055,0.003773802443269301,0.005917631134617448,-0.41993552279847335,1.0,9
2024-09-04,15490,0,-0.005178005096752258,-0.004316043676208636,0.001350786556015393,0.004063342041433771,0.004144815207819619,-0.004338682538550742,0.0009042175905094041,-0.03862461756164137,0.004266255479563905,0.0058971937078449764,-0.6800838592727282,1.0,8
2024-09-05,15410,0,-0.002468976629426578,-0.005178005096752258,-0.004316043676208636,0.001350786556015393,0.004063342041433771,0.004144815207819619,6.489503230788785e-05,-0.03456756388745852,0.004498721860052506,0.005699185701954662,-1.0407723490939669,1.0,11
2024-09-06,15372,1,0.004802397444475304,-0.002468976629426578,-0.005178005096752258,-0.004316043676208636,0.001350786556015393,0.004063342041433771,-0.006548896804938309,-0.03465155225274508,0.003914510773610043,0.005699725903834203,-1.1872359519402726,1.0,10
2024-09-09,15446,1,6.473958504038535e-05,0.004802397444475304,-0.002468976629426578,-0.005178005096752258,-0.004316043676208636,0.001350786556015393,-0.005809841401896776,-0.032923474135268194,0.004173506005301885,0.005788832080679291,-0.6868641254039076,3.0,18
2024-09-10,15447,0,-0.0020737483940003187,6.473958504038535e-05,0.004802397444475304,-0.002468976629426578,-0.005178005096752258,-0.004316043676208636,-0.007095888372871784,-0.02796045798936575,0.004016612424111588,0.005748319823918083,-0.6535979132902049,1.0,8
2024-09-11,15415,1,0.0003891555374071487,-0.0020737483940003187,6.473958504038535e-05,0.004802397444475304,-0.002468976629426578,-0.005178005096752258,-0.004853593090663466,-0.017746238238817824,0.003727054937577818,0.005152769405661181,-0.8961566124340188,1.0,9
2024-09-12,15421,0,-0.001038084826889829,0.0003891555374071487,-0.0020737483940003187,6.473958504038535e-05,0.004802397444475304,-0.002468976629426578,0.000713567543495941,-0.0171021269985836,0.0028945248630524874,0.005158938942416205,-0.7698774854005919,1.0,14
2024-09-13,15405,0,-0.004358722705962492,-0.001038084826889829,0.0003891555374071487,-0.0020737483940003187,6.473958504038535e-05,0.004802397444475304,0.00214445934603269,-0.019987169647583514,0.0026304451045853967,0.005119593559108685,-0.9847632419670542,1.0,10
2024-09-17,15338,1,0.00078206469053832,-0.004358722705962492,-0.001038084826889829,0.0003891555374071487,-0.0020737483940003187,6.473958504038535e-05,-0.007016660804405106,-0.016360415351746482,0.0019160795660841975,0.004919436931205486,-1.807269527517225,4.0,32
2024-09-18,15350,0,-0.004112680014308978,0.00078206469053832,-0.004358722705962492,-0.001038084826889829,0.0003891555374071487,-0.0020737483940003187,-0.006299335698907171,-0.008433394128374516,0.0020738404772237752,0.004697169409134237,-1.4417319326048657,1.0,13
2024-09-19,15287,0,-0.01230805019801906,-0.004112680014308978,0.00078206469053832,-0.004358722705962492,-0.001038084826889829,0.0003891555374071487,-0.00833826731921583,-0.01099448345126497,0.0024417180155849923,0.004764029063494808,-1.967262770147522,1.0,9
2024-09-20,15100,1,0.006008403404647922,-0.01230805019801906,-0.004112680014308978,0.00078206469053832,-0.004358722705962492,-0.001038084826889829,-0.02103547305464204,-0.03122910970941284,0.005014771185358759,0.0050113662688693605,-3.058171875517696,1.0,6
2024-09-23,15191,0,-0.0003291964344835918,0.006008403404647922,-0.01230805019801906,-0.004112680014308978,0.00078206469053832,-0.004358722705962492,-0.013988984823104289,-0.023614693047225188,0.006800273847086778,0.005289333143225524,-1.8911186141174903,3.0,15
2024-09-24,15186,0,-0.006209148688977706,-0.0003291964344835918,0.006008403404647922,-0.01230805019801906,-0.004112680014308978,0.00078206469053832,-0.009959458551625389,-0.01269401328645614,0.006807807660957985,0.00472918319699645,-1.696541970815422,1.0,15
2024-09-25,15092,1,0.005220908663890356,-0.006209148688977706,-0.0003291964344835918,0.006008403404647922,-0.01230805019801906,-0.004112680014308978,-0.016950671931141414,-0.027255698475251222,0.00681358917900308,0.004380820673311262,-2.066894809977725,1.0,12
2024-09-26,15171,0,-0.0021775718789793785,0.005220908663890356,-0.006209148688977706,-0.0003291964344835918,0.006008403404647922,-0.01230805019801906,-0.007617083252942081,-0.019904726072311973,0.007776644596233122,0.004615161914105516,-1.3214201835550947,1.0,13
2024-09-27,15138,1,0.0003962750200461329,-0.0021775718789793785,0.005220908663890356,-0.006209148688977706,-0.0003291964344835918,0.006008403404647922,0.002513395066097601,-0.01774361541274061,0.0051356373708733895,0.004557702763324586,-1.387033615297554,1.0,8
2024-09-30,15144,1,0.003954137219979614,0.0003962750200461329,-0.0021775718789793785,0.005220908663890356,-0.006209148688977706,-0.0003291964344835918,-0.0030987333185041877,-0.021492155600514096,0.004150247238261485,0.0044147130362720746,-1.2101278608519175,3.0,17
2024-10-01,15204,1,0.002824211262767662,0.003954137219979614,0.0003962750200461329,-0.0021775718789793785,0.005220908663890356,-0.006209148688977706,0.0011846003359590185,-0.021601360421968252,0.004638556172490274,0.004408086374897442,-0.7286111341145103,1.0,14
2024-10-02,15247,1,0.009595060722356052,0.002824211262767662,0.003954137219979614,0.0003962750200461329,-0.0021775718789793785,0.005220908663890356,0.010217960287704386,-0.020127935715215983,0.0029532511059538547,0.004462823498612558,-0.349082433775214,1.0,10
2024-10-03,15394,1,0.006539568127585937,0.009595060722356052,0.002824211262767662,0.003954137219979614,0.0003962750200461329,-0.0021775718789793785,0.014592112346170083,-0.0062168313166512945,0.004415582218458174,0.004974568352039612,0.8493254211228995,1.0,6
2024-10-04,15495,1,0.011868623682550705,0.006539568127585937,0.009595060722356052,0.002824211262767662,0.003954137219979614,0.0003962750200461329,0.0233092523527354,0.005500741907686901,0.00353324556233436,0.005060445328389428,1.5530776478973585,1.0,7
2024-10-07,15680,0,-0.0005741443811828617,0.011868623682550705,0.006539568127585937,0.009595060722356052,0.002824211262767662,0.003954137219979614,0.03478160101523997,0.019838342219664185,0.0037866471400681227,0.005634281026414255,2.384786202919288,3.0,12
2024-10-08,15671,0,-0.004092338980662191,-0.0005741443811828617,0.011868623682550705,0.006539568127585937,0.009595060722356052,0.002824211262767662,0.030253319414077495,0.014461800394006019,0.005023656875031099,0.005570810954537875,2.026624629915231,1.0,9
2024-10-09,15607,1,0.0032624369253060337,-0.004092338980662191,-0.0005741443811828617,0.011868623682550705,0.006539568127585937,0.009595060722356052,0.023336769170647642,0.010304721828303443,0.006779588680689156,0.005673278200130431,1.5276866869026018,1.0,10
2024-10-10,15658,0,-0.0031342975094474923,0.0032624369253060337,-0.004092338980662191,-0.0005741443811828617,0.011868623682550705,0.006539568127585937,0.017004145373597623,0.015640907147609795,0.0061952070633422805,0.005670589653054926,1.6187004523347375,1.0,8
2024-10-11,15609,0,-0.0017954477410579983,-0.0031342975094474923,0.0032624369253060337,-0.004092338980662191,-0.0005741443811828617,0.011868623682550705,0.007330279736564194,0.012117454100755154,0.006474214693442882,0.005737773253323721,1.2682182610257762,1.0,16
2024-10-14,15581,0,-0.00167009288561637,-0.0017954477410579983,-0.0031342975094474923,0.0032624369253060337,-0.004092338980662191,-0.0005741443811828617,-0.00633379168704451,0.011360091186586985,0.0028611380968207216,0.005751676459558976,1.0571358074077237,3.0,11
2024-10-15,15555,0,-0.0012222188006312251,-0.00167009288561637,-0.0017954477410579983,-0.0031342975094474923,0.0032624369253060337,-0.004092338980662191,-0.007429740191478018,0.014048721006933107,0.0028366877197208472,0.005661173683054241,0.864817358572441,1.0,6
2024-10-16,15536,0,-0.0012881619712494796,-0.0012222188006312251,-0.00167009288561637,-0.0017954477410579983,-0.0031342975094474923,0.0032624369253060337,-0.004559620011447052,0.012044437515763562,0.002440079418463899,0.005677406560837706,0.7233611437207552,1.0,10
2024-10-17,15516,0,-0.0032276833908770897,-0.0012881619712494796,-0.0012222188006312251,-0.00167009288561637,-0.0017954477410579983,-0.0031342975094474923,-0.009110218908002565,0.01486895555882306,0.0007730824771054093,0.0055883822912545355,0.5773459882584693,1.0,12
2024-10-18,15466,0,-6.466004981042772e-05,-0.0032276833908770897,-0.0012881619712494796,-0.0012222188006312251,-0.00167009288561637,-0.0017954477410579983,-0.009203604789432163,0.02394932236596503,0.0008128183600870769,0.004783061925646376,0.28054977588408425,1.0,5
2024-10-21,15465,1,0.006124112613212773,-6.466004981042772e-05,-0.0032276833908770897,-0.0012881619712494796,-0.0012222188006312251,-0.00167009288561637,-0.007472817098184592,0.01787625891150668,0.0011397271849633054,0.004652558357968417,0.21676025483932482,3.0,19
2024-10-22,15560,1,0.0038486256612948466,0.006124112613212773,-6.466004981042772e-05,-0.0032276833908770897,-0.0012881619712494796,-0.0012222188006312251,0.0003213884006445511,0.024329567959203047,0.0035727929639524695,0.004785161873729291,0.6071198339346936,1.0,9
2024-10-23,15620,0,-0.0017300488087919064,0.0038486256612948466,0.006124112613212773,-6.466004981042772e-05,-0.0032276833908770897,-0.0012881619712494796,0.005392232862570623,0.0343873423094756,0.0038269740654076263,0.004482645068164324,0.8353258524691761,1.0,9
2024-10-24,15593,1,0.0023060672573080865,-0.0017300488087919064,0.0038486256612948466,0.006124112613212773,-6.466004981042772e-05,-0.0032276833908770897,0.004950346025028196,0.027436384836793337,0.0038997012546211174,0.00446630611443859,0.6137012209533177,1.0,8
2024-10-25,15629,1,0.006377979398449085,0.0023060672573080865,-0.0017300488087919064,0.0038486256612948466,0.006124112613212773,-6.466004981042772e-05,0.010484096673213372,0.0319200239730808,0.00310840047964803,0.004390656388287545,0.7603616891226364,1.0,9
2024-10-28,15729,1,0.0019689421712278943,0.006377979398449085,0.0023060672573080865,-0.0017300488087919064,0.0038486256612948466,0.006124112613212773,0.016926736121472885,0.037901728351483754,0.003316754133108362,0.004506827219349621,1.3892690246715151,3.0,13
2024-10-29,15760,0,-0.0017782298601698443,0.0019689421712278943,0.006377979398449085,0.0023060672573080865,-0.0017300488087919064,0.0038486256612948466,0.012771565679488006,0.035916533302732034,0.002960393177282084,0.004480877819384125,1.6117796731146543,1.0,6
2024-10-30,15732,0,-0.0017177215789541123,-0.0017782298601698443,0.0019689421712278943,0.006377979398449085,0.0023060672573080865,-0.0017300488087919064,0.007144710158023315,0.03131409217979453,0.003384490151554537,0.004543035366960702,1.4316034373808493,1.0,9
2024-10-31,15705,1,0.0011454754975286363,-0.0017177215789541123,-0.0017782298601698443,0.0019689421712278943,0.006377979398449085,0.0023060672573080865,0.007157037387861109,0.020001309878484363,0.0033816169468194094,0.004180503698751597,1.095586383239978,1.0,10
2024-11-01,15723,1,0.0017792468314610232,0.0011454754975286363,-0.0017177215789541123,-0.0017782298601698443,0.0019689421712278943,0.006377979398449085,0.005996445628081659,0.014607217248427062,0.0033462167226741067,0.003973172239208741,1.179622986347739,1.0,12
2024-11-04,15751,1,0.0009518673181165838,0.0017792468314610232,0.0011454754975286363,-0.0017177215789541123,-0.0017782298601698443,0.0019689421712278943,0.0013977130610935973,0.00451784039733738,0.0018759341122835393,0.003007756132240429,1.396359604639468,3.0,12
2024-11-05,15766,1,0.0046826637485644085,0.0009518673181165838,0.0017792468314610232,0.0011454754975286363,-0.0017177215789541123,-0.0017782298601698443,0.00038063820798228676,0.006043852096636826,0.0016931905211264697,0.003005747900404301,1.4311109860922218,1.0,8
2024-11-06,15840,0,-0.004619238130935344,0.0046826637485644085,0.0009518673181165838,0.0017792468314610232,0.0011454754975286363,-0.0017177215789541123,0.0068415318167165395,0.014818854825863426,0.0022858521648991183,0.002970756365811529,1.8686274545483763,1.0,14
2024-11-07,15767,0,-0.006107277714265891,-0.004619238130935344,0.0046826637485644085,0.0009518673181165838,0.0017792468314610232,0.0011454754975286363,0.003940015264735308,0.006937179769622048,0.0033743088710555934,0.0031367938735155543,1.0989559306623635,1.0,15
2024-11-08,15671,1,0.0003827995453153932,-0.006107277714265891,-0.004619238130935344,0.0046826637485644085,0.0009518673181165838,0.0017792468314610232,-0.003312737947059219,0.00396419956480365,0.004539836613496142,0.003372064335274172,0.20554639206588626,1.0,4
2024-11-11,15677,1,0.005978140419026445,0.0003827995453153932,-0.006107277714265891,-0.004619238130935344,0.0046826637485644085,0.0009518673181165838,-0.004709185233204849,0.006142446851177041,0.004392631430664322,0.0033393010920807252,0.21834693622269288,3.0,11
2024-11-12,15771,1,0.0006972395934230491,0.005978140419026445,0.0003827995453153932,-0.006107277714265891,-0.004619238130935344,0.0046826637485644085,0.0003170878677050126,0.013790680155819857,0.0053950934002549335,0.0035332555155031913,0.9726903168289186,1.0,7
2024-11-13,15782,1,0.005749502491260827,0.0006972395934230491,0.005978140419026445,0.0003827995453153932,-0.006107277714265891,-0.004619238130935344,-0.0036683362874363468,0.01571013854987413,0.004804053111125009,0.003504546226111202,0.9723691165149507,1.0,9
2024-11-14,15873,1,0.0009445547127118203,0.005749502491260827,0.0006972395934230491,0.005978140419026445,0.0003827995453153932,-0.006107277714265891,0.006700404334759824,0.022747803012384438,0.004943363676143443,0.0036362195085236824,1.6203102734025108,1.0,10
2024-11-15,15888,0,-0.00252079790656623,0.0009445547127118203,0.005749502491260827,0.0006972395934230491,0.005978140419026445,0.0003827995453153932,0.013752236761737535,0.026920041115973348,0.0028502193215729703,0.003489327290866927,1.6500066879877358,1.0,8
2024-11-18,15848,0,-0.002021223527934879,-0.00252079790656623,0.0009445547127118203,0.005749502491260827,0.0006972395934230491,0.005978140419026445,0.010848639309855912,0.024463903259217545,0.0036396804644512897,0.0035835386629416875,1.2537237361664726,3.0,15
2024-11-19,15816,1,0.0026520189818910467,-0.002021223527934879,-0.00252079790656623,0.0009445547127118203,0.005749502491260827,0.0006972395934230491,0.0028492753628945877,0.016318567118069893,0.003288282156759965,0.0034578908491813935,0.8353371667395483,1.0,9
2024-11-20,15858,1,0.005283031155524753,0.0026520189818910467,-0.002021223527934879,-0.00252079790656623,0.0009445547127118203,0.005749502491260827,0.004804054751362585,0.015121960438666093,0.0034207508462119566,0.003412712733570787,1.2321361835978506,1.0,7
2024-11-21,15942,0,-0.0019464420800119342,0.005283031155524753,0.0026520189818910467,-0.002021223527934879,-0.00252079790656623,0.0009445547127118203,0.004337583415626511,0.022135040402982753,0.003260086161974261,0.003502920502113657,2.0610128328613624,1.0,11
2024-11-22,15911,0,-0.0029583027082242808,-0.0019464420800119342,0.005283031155524753,0.0026520189818910467,-0.002021223527934879,-0.00252079790656623,0.0014465866229027569,0.017882531065662732,0.003491185461469741,0.003554967127173595,1.5483515800290244,1.0,8
2024-11-25,15864,1,0.004151732704462674,-0.0029583027082242808,-0.0019464420800119342,0.005283031155524753,0.0026520189818910467,-0.002021223527934879,0.0010090818212447061,0.008546248958989366,0.003583486775487253,0.003406868412634497,0.8550677247797377,3.0,12
2024-11-26,15930,0,-0.004151732704462674,0.004151732704462674,-0.0029583027082242808,-0.0019464420800119342,0.005283031155524753,0.0026520189818910467,0.007182038053642259,0.010729039492224146,0.003687965729348489,0.003492734945244867,1.4987939569490596,1.0,5
2024-11-28,15864,0,-0.0005044136298621993,-0.004151732704462674,0.004151732704462674,-0.0029583027082242808,-0.0019464420800119342,0.005283031155524753,0.00037828636728853837,0.008355536647931316,0.004327116784246991,0.0036137485885100054,0.630118416175224,2.0,14
2024-11-29,15856,1,0.003085547613475015,-0.0005044136298621993,-0.004151732704462674,0.004151732704462674,-0.0029583027082242808,-0.0019464420800119342,-0.005409158418098414,0.00956884459702323,0.0032177863017341574,0.0035860906315273496,0.4602323246652817,1.0,1
2024-12-02,15905,1,0.0028253040297450127,0.003085547613475015,-0.0005044136298621993,-0.004151732704462674,0.004151732704462674,-0.0029583027082242808,-0.0003771687246114652,0.011508916712969608,0.003639090193569819,0.0036310412124479544,0.9850692680353367,3.0,15
2024-12-03,15950,1,0.0004387751974377352,0.0028253040297450127,0.003085547613475015,-0.0005044136298621993,-0.004151732704462674,0.004151732704462674,0.005406438013357828,0.012554973911253597,0.003405335319232867,0.003656736816201705,1.3992566029928144,1.0,10
2024-12-04,15957,0,-0.004081766475938053,0.0004387751974377352,0.0028253040297450127,0.003085547613475015,-0.0005044136298621993,-0.004151732704462674,0.0016934805063328895,0.012041881790574749,0.0029416497464701268,0.0036561430183476057,1.32991779950445,1.0,6
2024-12-05,15892,0,-0.002772528556102216,-0.004081766475938053,0.0004387751974377352,0.0028253040297450127,0.003085547613475015,-0.0005044136298621993,0.00176344673485751,0.003277451566072287,0.002914994528560381,0.003666541413764193,0.4980174165885568,1.0,13
2024-12-06,15848,1,0.000819956525171861,-0.002772528556102216,-0.004081766475938053,0.0004387751974377352,0.0028253040297450127,0.003085547613475015,-0.0005046681913825068,0.005124161140905414,0.0032400719425352497,0.003561495691055457,-0.08968658628114692,1.0,7
2024-12-09,15861,1,0.0008192847472621168,0.000819956525171861,-0.002772528556102216,-0.004081766475938053,0.0004387751974377352,0.0028253040297450127,-0.0027702592796856607,0.012051395380343166,0.0028133636496509343,0.0032316307766395804,-0.0545468699523272,3.0,16
2024-12-10,15874,1,0.001950974532423544,0.0008192847472621168,0.000819956525171861,-0.002772528556102216,-0.004081766475938053,0.0004387751974377352,-0.004776278562168557,0.01248788058228989,0.002308746664965787,0.0032315423441442786,-0.009946847848645423,1.0,12
2024-12-11,15905,1,0.0021354109358089346,0.001950974532423544,0.0008192847472621168,0.000819956525171861,-0.002772528556102216,-0.004081766475938053,-0.003264079227182748,0.008460714695686988,0.002615661835208362,0.002997373979514191,0.536944522247106,1.0,6
2024-12-12,15939,1,0.003006955845838988,0.0021354109358089346,0.001950974532423544,0.0008192847472621168,0.000819956525171861,-0.002772528556102216,0.00295309818456424,0.009898886038072874,0.0019781679976731492,0.003021453022016452,1.2655776995835972,1.0,13
2024-12-13,15987,1,0.001999625736591071,0.003006955845838988,0.0021354109358089346,0.001950974532423544,0.0008192847472621168,0.000819956525171861,0.008732582586505444,0.007156339392651034,0.0009354172095919937,0.0028263620940521548,2.0551141028904985,1.0,10
2024-12-16,16019,1,0.001933331856678322,0.001999625736591071,0.003006955845838988,0.0021354109358089346,0.001950974532423544,0.0008192847472621168,0.009912251797924654,0.008211410416530285,0.0007789814491058932,0.0028476559811447446,2.232345776292336,3.0,15
2024-12-17,16050,1,0.003110422414392744,0.001933331856678322,0.001999625736591071,0.003006955845838988,0.0021354109358089346,0.001950974532423544,0.011026298907340859,0.012665540179774837,0.00045510619239970385,0.0027796976812472785,2.282651865147788,1.0,7
2024-12-18,16100,1,0.010933796418942876,0.003110422414392744,0.001933331856678322,0.001999625736591071,0.003006955845838988,0.0021354109358089346,0.012185746789310059,0.01779718612210246,0.0005732105004714464,0.0027585355720077887,2.4997012087242223,1.0,11
2024-12-19,16277,0,-0.0004301471784149413,0.010933796418942876,0.003110422414392744,0.001933331856678322,0.001999625736591071,0.003006955845838988,0.020984132272444,0.02607896355915429,0.0038057170446142425,0.003546138935640498,3.1999450931237208,1.0,12
2024-12-20,16270,0,-0.006845751240835085,-0.0004301471784149413,0.010933796418942876,0.003110422414392744,0.001933331856678322,0.001999625736591071,0.01754702924819007,0.020365785225214594,0.004346386038683751,0.0034371721140871218,2.436117667797457,1.0,14
2024-12-23,16159,1,0.00302777751621619,-0.006845751240835085,-0.0004301471784149413,0.010933796418942876,0.003110422414392744,0.001933331856678322,0.008701652270763915,0.015466476064391443,0.006420007593319639,0.0038135646418604573,1.3841058845568806,3.0,13
2024-12-24,16208,1,0.0026494978375453115,0.00302777751621619,-0.006845751240835085,-0.0004301471784149413,0.010933796418942876,0.003110422414392744,0.009796097930301784,0.021452556288831914,0.006446834458263798,0.003739463074150584,1.5432632763462721,1.0,3
2024-12-27,16251,0,-0.005491637532616167,0.0026494978375453115,0.00302777751621619,-0.006845751240835085,-0.0004301471784149413,0.010933796418942876,0.009335173353454351,0.019950321421914552,0.006429529997372166,0.0036891083949350235,1.614975052192069,3.0,6
2024-12-30,16162,0,-0.00030941551656304966,-0.005491637532616167,0.0026494978375453115,0.00302777751621619,-0.006845751240835085,-0.0004301471784149413,-0.007090260598104692,0.01861041659376106,0.004564546413532958,0.00379809840602105,0.9247133215020801,3.0,7
2024-12-31,16157,1,0.0048776066819584685,-0.00030941551656304966,-0.005491637532616167,0.0026494978375453115,0.00302777751621619,-0.006845751240835085,-0.0069695289362528,0.01880541470706021,0.004571393101756076,0.0037944695389676457,0.80491042684835,1.0,2
2025-01-02,16236,0,-0.0011709242394140063,0.0048776066819584685,-0.00030941551656304966,-0.005491637532616167,0.0026494978375453115,0.00302777751621619,0.0047538289865407535,0.020597473775543662,0.004053158187377496,0.0038682364419671666,1.2065168668247892,2.0,9
2025-01-03,16217,0,-0.0014810246459031617,-0.0011709242394140063,0.0048776066819584685,-0.00030941551656304966,-0.005491637532616167,0.0026494978375453115,0.000555127230910557,0.016601245506384643,0.0039488649259160295,0.0038738207688941307,0.9775710697900417,1.0,3
2025-01-06,16193,0,-0.001483221333657525,-0.0014810246459031617,-0.0011709242394140063,0.0048776066819584685,-0.00030941551656304966,-0.005491637532616167,-0.0035753952525379162,0.014681445663043746,0.0037098744934721205,0.003907664501362731,0.7417207702531937,3.0,17
2025-01-07,16169,1,0.0019771399706041137,-0.001483221333657525,-0.0014810246459031617,-0.0011709242394140063,0.0048776066819584685,-0.00030941551656304966,0.00043302094642072575,0.017279990805324275,0.0027209247774701815,0.003780235730854584,0.5113499260646854,1.0,10
2025-01-08,16201,1,0.002281205711973655,0.0019771399706041137,-0.001483221333657525,-0.0014810246459031617,-0.0011709242394140063,0.0048776066819584685,0.002719576433587889,0.022029659332030604,0.002827779752405479,0.0036878194876908865,0.6554561627609217,1.0,10
2025-01-09,16238,0,-0.002713371176332302,0.002281205711973655,0.0019771399706041137,-0.001483221333657525,-0.0014810246459031617,-0.0011709242394140063,0.00012317546360307574,0.0234909085188324,0.0019283665772857781,0.0036964133758741738,0.8572418776106181,1.0,4
2025-01-10,16194,1,0.005357980485454661,-0.002713371176332302,0.002281205711973655,0.0019771399706041137,-0.001483221333657525,-0.0014810246459031617,-0.00141927147331522,0.01995825259523798,0.0022619614457174463,0.003797309764641449,0.4296134215707376,1.0,5
2025-01-13,16281,0,-0.0009832238240630176,0.005357980485454661,-0.002713371176332302,0.002281205711973655,0.0019771399706041137,-0.001483221333657525,0.0054197336580426025,0.023365258548269097,0.003221356970538902,0.003916853918522966,1.1749750815899724,3.0,13
2025-01-14,16265,1,0.002824166906579606,-0.0009832238240630176,0.005357980485454661,-0.002713371176332302,0.002281205711973655,0.0019771399706041137,0.00591973116763711,0.020246623788397144,0.0031281546339476138,0.003938343049900466,0.9800456925051458,1.0,10
2025-01-15,16311,1,0.004099244016103398,0.002824166906579606,-0.0009832238240630176,0.005357980485454661,-0.002713371176332302,0.002281205711973655,0.006766758103612602,0.020063834849137763,0.0032038680638124045,0.0039336799708713345,1.4808902939281465,1.0,15
2025-01-16,16378,0,-0.0003053341906422702,0.004099244016103398,0.002824166906579606,-0.0009832238240630176,0.005357980485454661,-0.002713371176332302,0.008584796407742346,0.02216345312865009,0.003430635562784637,0.0039892959626978775,2.183188592927348,1.0,13
2025-01-17,16373,0,-6.107802719768074e-05,-0.0003053341906422702,0.004099244016103398,0.002824166906579606,-0.0009832238240630176,0.005357980485454661,0.010992833393432377,0.019924787081329498,0.0027558644721447957,0.0039963252587409,1.9755777649519308,1.0,10
2025-01-20,16372,0,-0.002507416535550533,-6.107802719768074e-05,-0.0003053341906422702,0.004099244016103398,0.002824166906579606,-0.0009832238240630176,0.005573774880780036,0.016753286639739073,0.0022152886672532407,0.003970860474022715,1.785117313823404,3.0,9
2025-01-21,16331,0,-0.000244962950578298,-0.002507416535550533,-6.107802719768074e-05,-0.0003053341906422702,0.004099244016103398,0.002824166906579606,0.0040495821692925205,0.0033120736852456645,0.0026402648658203883,0.003242897484362959,1.1319201643133978,1.0,13
2025-01-22,16327,0,-0.003128549004584258,-0.000244962950578298,-0.002507416535550533,-6.107802719768074e-05,-0.0003053341906422702,0.004099244016103398,0.0009804523121346165,0.003497257913082308,0.002400814871016463,0.00324137096562401,1.010824856716302,1.0,15
2025-01-23,16276,0,-0.004680387901105476,-0.003128549004584258,-0.000244962950578298,-0.002507416535550533,-6.107802719768074e-05,-0.0003053341906422702,-0.00624734070855304,0.007214460149333135,0.0014513846588366968,0.002906941390469962,0.26398539241702584,1.0,21
2025-01-24,16200,1,0.0036353593750799718,-0.004680387901105476,-0.003128549004584258,-0.000244962950578298,-0.002507416535550533,-6.107802719768074e-05,-0.010622394419016246,-0.0004937052679885312,0.0019670836405440875,0.003042546418274678,-0.7830452251547965,1.0,3
2025-01-30,16259,1,0.0032544316587355127,0.0036353593750799718,-0.004680387901105476,-0.003128549004584258,-0.000244962950578298,-0.002507416535550533,-0.006925957016738593,0.000492156269546129,0.003227346277332492,0.003095674068161716,0.02767345720680128,6.0,48
2025-01-31,16312,1,0.008606798132358762,0.0032544316587355127,0.0036353593750799718,-0.004680387901105476,-0.003128549004584258,-0.000244962950578298,-0.0011641088224525475,0.009238225460897809,0.003717861951556131,0.0028860724890374194,0.6821898161299995,1.0,16
2025-02-03,16453,0,-0.005362923451368573,0.008606798132358762,0.0032544316587355127,0.0036353593750799718,-0.004680387901105476,-0.003128549004584258,0.007687652260484512,0.01815443910981962,0.005425817625524496,0.003403003065951185,2.2653233641489274,3.0,28
2025-02-04,16365,0,-0.0034891229961377945,-0.005362923451368573,0.008606798132358762,0.0032544316587355127,0.0036353593750799718,-0.004680387901105476,0.005453277813700197,0.007913908976492579,0.005970834706427372,0.0035418234500647306,1.0127379322138539,1.0,14
2025-02-05,16308,1,0.001348122025367715,-0.0034891229961377945,-0.005362923451368573,0.008606798132358762,0.0032544316587355127,0.0036353593750799718,0.0066445427186678785,0.00559571021976879,0.0057006375726297515,0.0036325615762962914,0.2308443255352466,1.0,7
2025-02-06,16330,0,-0.0003062318198789882,0.001348122025367715,-0.0034891229961377945,-0.005362923451368573,0.008606798132358762,0.0032544316587355127,0.004357305368955622,0.008424856891039667,0.005559303861986373,0.0036154293292488646,0.44643930333784243,1.0,13
2025-02-07,16325,1,0.001530222180766927,-0.0003062318198789882,0.001348122025367715,-0.0034891229961377945,-0.005362923451368573,0.008606798132358762,0.000796641890341121,0.009601846404818204,0.0054036141743533436,0.003592303364772741,0.29800212058102465,1.0,9
2025-02-10,16350,1,0.0018331810816611949,0.001530222180766927,-0.0003062318198789882,0.001348122025367715,-0.0034891229961377945,-0.005362923451368573,-0.006279934061250714,0.009154928614981017,0.003053694635600627,0.0035838810197264927,0.5940284813309824,3.0,9
2025-02-11,16380,0,-0.000977278357771283,0.0018331810816611949,0.001530222180766927,-0.0003062318198789882,0.001348122025367715,-0.0034891229961377945,0.0009161704717790542,0.008706903984668557,0.0022146923792575046,0.003573268005420967,0.9684551789596956,1.0,12
2025-02-12,16364,1,6.110788599222872e-05,-0.000977278357771283,0.0018331810816611949,0.001530222180766927,-0.0003062318198789882,0.001348122025367715,0.003428015110145566,0.010442996803229576,0.0012468118535840043,0.0035133357227857998,0.6463925492998881,1.0,14
2025-02-13,16365,0,-0.004900469224947912,6.110788599222872e-05,-0.000977278357771283,0.0018331810816611949,0.001530222180766927,-0.0003062318198789882,0.0021410009707700794,0.005146124203767144,0.00120809155893798,0.00332416581388517,0.594987362631439,1.0,15
2025-02-14,16285,0,-0.00473949122186923,-0.004900469224947912,6.110788599222872e-05,-0.000977278357771283,0.0018331810816611949,0.001530222180766927,-0.0024532364342988444,0.0012288788028822495,0.0027143997857315264,0.0035112449501770436,-0.8923574705273262,1.0,8
2025-02-17,16208,1,0.004125240588306767,-0.00473949122186923,-0.004900469224947912,6.110788599222872e-05,-0.000977278357771283,0.0018331810816611949,-0.008722949836935001,-0.006334779325566586,0.0029823968941004157,0.003604119535732435,-1.9766354544968752,3.0,12
2025-02-18,16275,1,0.005025752181754939,0.004125240588306767,-0.00473949122186923,-0.004900469224947912,6.110788599222872e-05,-0.000977278357771283,-0.006430890330289429,-0.006308782753363218,0.0037477500801316485,0.003605800282006859,-0.789869115054846,1.0,10
2025-02-19,16357,0,-0.0007950827610674338,0.005025752181754939,0.004125240588306767,-0.00473949122186923,-0.004900469224947912,6.110788599222872e-05,-0.00042785979076320757,-0.0009776963809660089,0.004709572484426934,0.0037984852680891966,0.581183397777077,1.0,7
2025-02-20,16344,0,-0.0026957497026049992,-0.0007950827610674338,0.005025752181754939,0.004125240588306767,-0.00473949122186923,-0.004900469224947912,-0.00128405043782287,-0.001711701114835762,0.004718462939937037,0.0038021534123704433,0.3939479371002997,1.0,6
2025-02-21,16300,1,0.00018403214480144925,-0.0026957497026049992,-0.0007950827610674338,0.005025752181754939,0.004125240588306767,-0.00473949122186923,0.0009206690845200427,-0.0019000342818902283,0.004256414826159653,0.0038086947560525054,-0.32311505628657006,1.0,8
2025-02-24,16303,1,0.0007970814977937835,0.00018403214480144925,-0.0026957497026049992,-0.0007950827610674338,0.005025752181754939,0.004125240588306767,0.005844192451190722,-0.001471039186510481,0.003293097656799705,0.0038090137474239266,-0.2519276791785657,3.0,15
